edad,promedio_notas,horas_estudio_semana,participacion_actividades,asistencia_clases
26,3.176569736957889,39,Media,84.04196221118852
20,2.886577086523365,9,Media,88.67484200387977
25,3.422180053770433,31,Baja,81.67333778737408
19,3.8541892284159225,25,Alta,77.59677555084566
28,1.7506029269713217,13,Media,88.67362704222236
29,2.7876387270756133,7,Alta,94.6965187858397
29,3.817655768969521,23,Media,92.33236111557927
22,2.9332483887137726,31,Baja,82.2698321363389
28,4.658772751557122,18,Media,82.29518191698642
20,2.89878766119379,22,Media,78.77235152140463
24,3.432677104686353,32,Baja,78.13141233495408
22,2.3722535649567464,10,Baja,85.56147873349657
24,3.4464567000887185,6,Alta,93.11642039412025
19,3.35651946745421,7,Media,100.0
20,2.999908061639126,30,Alta,93.06782553461437
20,2.671098280373468,10,Media,84.75467280111943
23,2.566868957725553,15,Media,98.19310220830023
19,3.4569083696242666,39,Media,72.35197966387504
19,3.4321593569428526,26,Alta,71.73035729308626
22,3.577270201234323,5,Media,57.59832876042244
22,2.2543724272490233,29,Media,80.86223297018653
21,3.1264285761781903,13,Media,69.80876484504675
19,3.375788986447315,25,Media,89.40905040962991
21,3.224951569149745,21,Baja,74.24480754230754
24,3.636310478732627,33,Media,84.46127355744918
22,3.050813570006929,39,Media,68.38125962488151
18,2.796033690762437,21,Alta,66.138003637198
26,1.867934687147251,24,Alta,88.74063097675553
21,1.9376374768634241,34,Media,84.37550714609836
29,2.334069291922505,8,Media,94.15086021896931
19,2.3095821185585366,13,Alta,89.20367745781982
18,1.958252543839906,20,Alta,92.1674358520583
28,3.1457868545577226,14,Baja,87.37566337678831
29,2.566179420998541,14,Alta,84.71136006699864
20,2.3122070740294025,26,Alta,73.37819626829783
26,2.8887941954677507,34,Alta,92.36570744041143
20,4.269357613183617,6,Alta,79.98251248186111
23,3.9256563153535318,16,Baja,84.30596544272568
18,2.4477913559862197,13,Alta,81.79077234711423
26,2.7682405167109096,34,Media,86.0286662331621
28,4.06136163201587,32,Baja,80.29160782616997
26,5.0,6,Alta,96.83906227186193
23,2.7245644958801947,14,Alta,76.3442671076983
24,2.4519221473932924,26,Baja,89.30080668404572
20,2.7921523267804647,17,Baja,100.0
27,2.6470302376414745,10,Alta,92.47936116299725
19,2.971125890666342,23,Baja,100.0
25,3.0864218299071244,32,Alta,93.83688466684677
19,2.6717833671825835,24,Alta,74.56401194129293
18,1.8432025552247613,38,Alta,82.10583697585534
26,2.7794392850115632,33,Alta,100.0
27,3.2966376988044903,37,Alta,78.81376801955169
25,3.074977462469207,32,Media,69.69669320939596
29,2.6482302938331297,39,Baja,73.83782726793643
20,1.4696611115458618,31,Alta,96.38611483814887
29,3.098860785027455,23,Baja,83.79833169921238
25,2.155665919106675,38,Media,82.36570873441262
23,2.386319997576456,7,Baja,75.37845086373726
24,2.616117528891858,31,Media,78.63502135996123
25,3.646933047306001,16,Alta,82.60871236688422
27,2.938511046438189,18,Alta,81.31611263990986
21,3.9603574244268667,22,Media,77.82850671334536
25,3.6661694701392107,17,Baja,84.12089187986565
28,2.56114443977578,33,Alta,79.72297748258129
29,2.7202740304460282,19,Media,95.93088896538876
23,3.8834536438431995,24,Media,79.8425498024516
23,4.716659389521574,5,Media,88.77859693474099
23,3.5784920104310505,24,Alta,87.8220880323896
21,1.8001529299164039,17,Baja,91.67955374994543
18,2.5143734343101323,15,Alta,79.05145553109936
23,1.6214871219544582,5,Media,78.68488076068111
23,3.9228342459069414,16,Media,77.74256102842857
21,3.6586772347302086,8,Baja,90.92160870404987
21,2.9127399857466503,37,Alta,100.0
26,1.691838890569218,12,Media,96.23140658599439
29,2.462936951641828,13,Alta,86.31638590118307
19,3.156989914255818,30,Alta,68.0356199602696
24,2.332622913680771,8,Alta,89.80578792433717
22,2.6592767809948517,27,Media,86.49728484367603
21,3.19197014266751,24,Media,88.92842854642934
24,3.697572375873002,18,Media,92.83918102109104
20,2.227029420164871,29,Baja,85.15678437855816
19,2.128737252024724,26,Alta,73.58186361702249
27,4.328335208217153,5,Media,79.81262868677652
22,2.4049961566182523,36,Media,78.76469126080542
19,1.4403947957345624,8,Media,86.12527421420688
23,3.4296673398556248,20,Media,84.61705430399414
20,2.475403883841089,13,Media,84.46441607939619
22,2.233696644275703,35,Alta,82.32233309944124
22,2.0623654539813883,27,Media,82.35898457165256
28,2.1115137731387343,23,Alta,79.56521798470052
18,3.8006842883443186,24,Baja,89.30816593488952
25,1.2651486748189686,16,Baja,76.52129827277197
23,3.270284122394803,7,Baja,76.75414947006269
26,2.5704419868468134,30,Alta,94.99230737693819
28,2.665456922922815,8,Media,97.33650306131504
26,2.8317263187498947,39,Media,80.61101729685323
26,4.62872777738053,31,Alta,85.20759711235999
27,4.573807667791542,38,Alta,81.13635017603151
24,2.8176216309665474,25,Alta,82.7764200833045
19,3.2575961217809484,33,Media,75.61306258894942
23,3.6539802669289,37,Media,92.7889230014225
20,2.5821909642880247,30,Baja,91.74875638104331
26,3.4056449055964526,16,Media,84.52549616265784
18,3.323388533152905,33,Alta,85.8733846226001
28,4.438421955966508,38,Media,80.20530667701262
29,2.6221850982883743,18,Baja,71.65487457403806
24,3.3509668261824292,39,Media,90.65996714530468
20,2.8945442855545904,17,Media,98.08471532248423
18,1.9162593730291468,12,Alta,80.98863935925615
22,2.6474597365557218,38,Alta,69.90858589423895
23,3.0769970143530854,20,Baja,71.79906188223174
23,2.869883255753991,13,Baja,94.46288083726046
19,2.965888221170724,12,Media,62.31796478452866
25,3.1090189742126206,39,Media,88.70048399474929
24,2.9441079800382424,15,Baja,88.41650891476692
26,2.1090746110147163,10,Alta,87.13470071090165
29,3.551556620799798,13,Alta,88.62053228199318
26,3.132788645462544,27,Media,81.81960616754861
23,2.5885484996917008,35,Media,83.55396483974987
20,2.8293057505731602,22,Alta,76.86450210598375
28,3.6928129103979734,31,Media,70.68133476951002
20,1.955149901763343,31,Baja,81.93124213795907
26,1.9590776644583243,12,Alta,74.98221332297234
22,2.943630025506292,32,Media,81.60731736705084
18,3.7349943240058385,5,Media,97.85382905226051
23,1.8227211109880892,19,Alta,75.78221745695907
22,3.012748840376852,39,Alta,72.2641330188673
29,4.359783132855005,26,Alta,77.6860083916466
27,3.750129798319891,28,Alta,86.31763377855043
28,3.4252341025750317,13,Alta,85.56236169487674
28,3.1094701245211347,6,Media,91.6525736365676
20,2.369917197941251,35,Media,79.0294737701437
18,3.978844140636307,26,Baja,76.13082052578895
24,2.283370992100055,31,Baja,98.09331020104109
29,2.720286694687287,24,Media,74.39522269755972
24,2.651754107624998,19,Baja,84.66601551318908
21,3.598079208478345,22,Baja,100.0
28,2.9590551044270264,34,Alta,100.0
23,3.533646331277781,16,Media,90.35872846125471
28,2.9352885351420093,34,Media,88.42331671428553
24,3.2780596498577634,37,Baja,62.67672289209267
26,3.3550472151555524,19,Alta,88.75542135341391
18,1.5902545694201713,29,Alta,89.99697975031341
29,3.679507546434095,30,Alta,71.95878182914343
25,2.761018019839545,5,Media,82.13654042353929
28,3.205628257379694,23,Media,97.19734897427864
20,2.4392803472378377,35,Baja,78.7569113611456
28,3.389963156074649,14,Baja,81.06625179499305
21,3.318767957818222,5,Alta,84.77627383531537
23,1.7354576505427364,36,Media,78.98778766308331
20,4.117779118116614,13,Media,93.48391424184238
18,3.30526095791116,34,Alta,99.49506361773915
26,3.099420740252241,18,Alta,97.38474364345491
18,4.0377034404100876,12,Alta,82.96713427250668
21,3.784373844335305,26,Media,70.33376449354688
27,3.7658932402685217,38,Alta,82.51506600862723
19,3.1902343716461536,37,Baja,92.6731154997849
21,2.0780274666964784,9,Baja,99.32545331353558
24,2.68543196231942,14,Baja,100.0
26,3.122235276583779,38,Baja,86.46473785870258
19,2.9864637123737126,26,Baja,92.22039643558692
19,2.1200079089836397,28,Alta,100.0
25,2.416728320357346,16,Media,91.26657158170781
18,2.1228040900867557,16,Alta,95.27442906617304
28,3.85804780911821,18,Alta,87.35412898596803
24,2.075675251377186,15,Baja,69.23521213859723
24,3.1419928960921095,30,Media,86.17519432458832
23,3.1067643692906346,8,Baja,85.76464086123488
24,1.9357198515621648,20,Media,88.81402887608006
23,3.0975258012854434,37,Alta,98.58943245746671
28,1.8722675529268624,22,Media,76.89016819932665
26,2.511747210464979,17,Media,95.90736293194382
29,4.046682438589033,10,Baja,94.0564080453506
29,3.113402801575508,39,Alta,58.150329741452616
20,1.6078470600297576,14,Media,82.36880814464884
20,3.8111220878706873,11,Alta,70.91524987084983
25,3.706006060246723,22,Baja,86.21371925075572
24,2.5819236956719616,18,Media,84.5964420546988
18,3.822965689731836,20,Alta,95.64765728747501
18,2.731471914722915,29,Media,87.03018729118504
24,1.553701666588993,19,Media,93.57893393286302
20,1.9396211486578823,19,Media,82.16432336865084
24,2.554714967166983,17,Media,100.0
24,2.43998114484804,34,Alta,84.39412206961204
19,3.4291543435966685,18,Alta,83.83176163160098
22,2.388347749359311,12,Media,69.75418429441395
28,2.750659425816031,9,Media,98.70024369105892
19,2.308225602573691,33,Alta,74.79398787559647
22,3.048368640590897,18,Alta,100.0
27,1.5400082101288648,9,Baja,85.04747590906054
26,3.8899183896213185,31,Baja,77.25902195398375
24,2.6578835310335194,37,Alta,89.77828377355351
29,2.340231992935849,16,Alta,88.5815966997831
27,2.9171696795951956,31,Media,80.10947199324683
22,3.543476144839963,28,Baja,88.4938742590289
20,2.8505838736337514,15,Baja,79.3734759039844
21,2.9806417209779545,36,Media,88.00573283659472
25,1.8310014280180034,25,Baja,97.31691057706372
23,2.021079762843654,36,Media,82.46866411011722
23,4.425795413046764,6,Alta,84.83378203865257
24,3.390102846867378,11,Baja,80.74437133017615
19,3.821190663448744,36,Alta,96.47645042223644
20,2.8250579853476263,16,Media,89.71910934198169
26,4.481332699014276,27,Media,100.0
24,3.6018884261412145,20,Media,74.30987390385712
24,2.225589039491904,19,Alta,100.0
23,3.0950533360787493,11,Alta,81.99459436073255
29,4.26901839423836,33,Media,78.77925259587678
23,2.873160853272409,17,Baja,81.32750668154056
22,1.6316659297863676,15,Media,82.7355178321391
23,3.0165895011181343,20,Alta,77.92581664241533
28,3.1527324282923983,15,Baja,61.15466239261331
20,3.0641541978111144,6,Alta,100.0
26,4.524812048914775,13,Media,86.25781530014535
23,2.8221643638053866,38,Alta,78.38738757490671
29,4.267055379252443,36,Media,91.61773275415094
20,2.564774867450131,9,Alta,82.61372073176466
24,2.736390939874453,17,Alta,93.60794256701325
24,2.9188437987843256,22,Alta,100.0
21,2.6143522430949,35,Alta,78.02707552466283
26,3.7377861808774497,5,Alta,69.60254382150084
27,4.933619430477632,15,Baja,82.95260244615238
19,3.018285345997114,12,Baja,84.71430821626763
21,2.944166290037837,27,Media,92.71514054568038
20,3.4905545728696232,14,Media,84.069406527553
25,1.6167738478703257,28,Alta,90.52196531387816
26,3.8101420152793954,23,Baja,93.84836999824145
18,2.584215258307496,28,Baja,96.02199343780241
21,3.7633478008146932,27,Media,100.0
21,2.5254605240965544,10,Baja,95.82576828018207
18,2.6728948951758906,11,Media,82.42958951584241
27,2.2523750116098262,35,Media,100.0
28,3.837146454552874,22,Baja,90.71924682497888
22,3.8578288920339743,29,Alta,88.83946044506915
19,1.6235887379587428,8,Media,60.37050775442917
22,2.904129407939869,27,Media,79.715798852839
18,2.7801942395787034,37,Alta,95.76164192933706
20,2.7138350968724243,28,Media,75.25479291746369
23,3.258464845642539,14,Media,81.20189851757968
20,3.5423229941266907,33,Baja,90.48161327592761
23,3.1921353770748957,5,Baja,68.61899312798639
19,3.746234109127787,24,Alta,90.89794001724336
23,3.057234561253386,12,Alta,99.61586001603256
29,3.36370509581668,11,Media,92.10347086874138
26,3.321277468524166,36,Baja,69.75644432606164
24,1.519317290549909,27,Media,100.0
18,2.315400978201974,6,Baja,88.70840800937715
21,3.219978310666342,21,Baja,87.97826496672941
23,2.7736755499849464,8,Alta,89.59900236599303
24,2.6068013768915335,37,Alta,86.52651068887702
23,1.6844635402501638,28,Baja,87.55575203138741
24,3.6806155784957464,6,Alta,69.78889418539102
25,4.40053656699119,8,Media,74.26916282051187
26,3.670800280235752,9,Alta,82.41771736436058
28,1.8364573779230233,12,Alta,77.891566627164
20,3.595922288245363,21,Alta,79.42817616212916
18,2.07104354660572,30,Alta,78.4483942860076
25,2.597027294931892,37,Media,78.55070626842137
26,2.903542078970306,38,Media,93.59187059089784
27,2.356330547879403,39,Media,92.31855332577719
29,2.9241303648559756,37,Baja,82.23847639254176
25,3.395674073642735,7,Media,81.70341197415527
20,3.1202365658070987,25,Baja,79.6906286594349
24,3.934099201809199,30,Media,86.59894842022432
29,2.0720750999279427,35,Media,92.18912602968628
29,2.8287029837763624,17,Media,92.60126967045296
22,2.0501131746439865,23,Alta,78.53544735327216
25,1.2445230878595925,7,Media,80.51815056484364
22,2.4054059196082704,12,Media,89.6284307709053
26,2.7205108434630505,6,Baja,75.73031532612607
19,1.727748278347466,32,Media,59.44930449556463
19,4.389736315509097,13,Baja,72.65407927106239
26,3.2625946404218027,16,Alta,88.3146644823972
25,2.9236038889152085,14,Media,80.31230501396347
25,3.133638700456235,21,Baja,63.89024634713805
27,2.5104772998576976,19,Media,99.75576347714099
24,3.2131275808370514,22,Baja,87.4954529522479
28,3.368594057010636,19,Alta,82.50967179054693
28,3.135716928812323,7,Alta,91.49755043837604
18,3.050617394672428,39,Alta,67.28024739501977
23,3.247315603288541,14,Alta,78.63646527045198
29,2.0995432926380033,28,Media,58.36031220919417
27,2.70885329394652,22,Baja,80.03438824389207
28,3.808547632984629,29,Media,82.21516913920524
28,3.9517362761396817,38,Baja,66.82230922274272
22,3.4539517990846367,33,Baja,95.16934789407952
27,1.993752900920029,33,Media,81.98893914748403
27,3.329927604510676,33,Media,84.68696429826335
20,3.3825622013879633,9,Baja,86.56147398590407
20,3.154954090070892,20,Baja,96.88036846870904
27,3.9042332436504967,28,Media,66.50248311282112
26,3.0629713303006354,32,Baja,92.29268900052487
22,4.276978485547993,14,Media,81.36008220660813
27,2.7085594059566533,36,Baja,67.3321085606778
24,2.045426471317404,6,Baja,94.39410605556091
18,3.241743012869491,21,Alta,98.4414927152157
23,4.1374042292682605,24,Alta,85.16263872674746
19,3.3849719865525407,31,Media,86.60118791622496
25,3.447874059373484,24,Media,86.47368361722819
22,2.808114053347617,10,Baja,87.75280317540214
29,2.688257421305524,33,Media,94.89396952582217
22,2.921425103505486,9,Media,100.0
23,2.2329924263569003,10,Media,85.83547957308028
21,2.57032379570264,14,Alta,89.69514599330091
25,2.8994633024651817,10,Baja,77.40060714605133
21,3.255740885108552,37,Alta,87.17563566881266
19,3.216088532902372,33,Media,80.94295071961086
24,2.746216053418626,16,Alta,75.93515921832409
24,2.778208552564831,12,Alta,86.90510899763605
27,3.761847050897365,19,Media,100.0
27,4.286901257732813,12,Alta,91.58023716390467
18,3.8375294764475973,13,Baja,85.56432260560729
24,2.387849203849442,7,Media,71.91811182974844
22,3.1460931487844497,13,Media,80.75004610694246
20,3.272596807607867,29,Media,81.82379820107998
20,2.591285736214052,21,Media,87.1969718504356
26,1.9373705137754238,39,Baja,66.36918791322596
22,2.3339705149142302,27,Media,67.89234112283363
28,2.8787072533866844,16,Baja,76.316992579145
29,3.3340103024899186,25,Baja,89.42284279313384
26,3.0359603347246966,8,Media,74.12889384936565
25,2.1835626771028194,9,Alta,78.91966292742485
25,3.584779780158249,19,Alta,77.82758416192935
21,2.9436983606393783,38,Baja,80.71932148143759
28,2.2686896398841743,19,Baja,83.22103050858583
25,3.728745779257438,27,Media,73.38298292659134
26,2.537608909361186,19,Media,79.3416474192718
23,4.037575740976799,39,Baja,94.40843483490734
29,2.9336465230856312,20,Media,95.03016305128875
25,3.250350735520909,39,Media,76.05515643761842
19,2.0478412483378348,29,Baja,91.24815970414875
29,2.9882879887067566,17,Alta,99.45401372644697
29,4.610263053600936,26,Baja,87.21558134170904
21,2.717263651733676,33,Media,90.0580506828101
21,2.6546150527171104,37,Media,81.35393237353105
26,3.0373346098508196,6,Baja,90.0451551772335
23,5.0,13,Media,75.67309198548077
24,2.8792221344805546,39,Media,100.0
27,1.2741237446203157,8,Alta,90.22165480435592
21,2.649925274764826,31,Media,93.77647265876132
18,1.8025225865427916,13,Media,71.60386887285347
27,4.3292540588018085,27,Media,93.40224632994274
23,3.327170895021342,6,Alta,65.58184433535817
27,3.6323196769451473,30,Baja,75.9521610004171
19,3.460961213515451,23,Media,66.11239082237499
21,3.4096493519277855,39,Alta,81.89289482539351
28,1.456770551615538,29,Alta,83.10297220583945
19,2.678769179099586,10,Media,91.56949703898766
22,3.3135705575079717,5,Alta,98.19552196079985
29,3.6779476044694004,28,Alta,90.69797225967707
27,2.84381875344814,13,Alta,97.39147533111037
23,2.9385511466355245,7,Alta,84.77571601429263
24,2.9787759454211504,32,Baja,76.20585377514628
24,3.110886051012053,8,Baja,95.85077051697361
21,3.3081911370341155,26,Media,100.0
24,3.4454509628532533,13,Alta,89.53361191978344
22,1.5014065542050452,18,Media,73.10644458084315
26,2.8477350783999746,39,Alta,78.16491641043399
22,3.061936072348604,38,Baja,74.28702264378839
22,3.759399262058596,29,Alta,91.30127389718051
18,2.7998033718983244,8,Alta,87.58158580820889
26,3.347290394950671,11,Media,73.7487873794618
25,4.245321013692243,32,Alta,100.0
26,4.237066067607784,25,Media,79.09751217165088
18,3.6562948854734767,8,Media,85.2950220533676
19,2.553219717393386,14,Media,77.62691219163659
22,2.333246556658473,7,Alta,73.41100090663296
29,2.1918505421901453,38,Baja,93.650872577319
25,3.053604287076773,15,Media,97.97688919407766
18,1.818087664317608,13,Alta,85.32387085502772
23,1.5289565048869256,36,Alta,93.57940190546799
21,2.5866425839728717,30,Alta,81.98160102296585
25,3.283220105553196,27,Media,100.0
27,1.697542773347763,17,Alta,82.95792425403259
18,4.744920139277931,23,Baja,91.44670772919356
27,3.10441770196354,30,Alta,94.90887365798226
23,2.5289672224445234,29,Media,86.40899703838323
19,3.6354635161448496,16,Media,86.6551606277713
18,2.279446933036943,34,Baja,90.20261206548224
18,2.8006746211479907,29,Media,82.08686198079677
25,1.2490731221453348,15,Media,80.98118620313208
25,2.202358685740112,11,Alta,86.81351227154985
25,2.982357905692044,25,Baja,92.79977448916051
23,2.2703987133677734,34,Media,80.58554161659481
18,3.1108212215665523,10,Baja,96.28286859961405
29,1.276937651487342,34,Baja,77.08900115864395
24,2.7593094001943927,12,Alta,79.02447252820069
23,3.0651622755457555,37,Baja,97.96295597873277
29,2.491711456956282,26,Media,75.6018522725914
25,1.4805742023979744,39,Media,79.39843282197245
21,3.3514808739540536,12,Alta,91.63066172052343
27,4.065634926194934,10,Media,93.05981210423852
25,1.9132353339772454,6,Media,90.09329105281388
26,3.2335167910284937,7,Baja,80.34586417935218
28,2.9781668574738305,9,Alta,70.41412403758274
18,3.266388649683326,37,Media,83.38881773489835
28,2.7920785200999485,7,Baja,98.70567583396374
28,1.7739179116511505,38,Baja,76.53297791697082
25,3.8643235704365804,19,Media,81.61150604417598
18,2.8786938012572887,15,Alta,95.78877095857709
24,3.705841826532712,7,Baja,67.02754592155893
28,2.4828547641741556,31,Media,87.47938403476513
21,3.47860341780037,16,Alta,80.96150970579117
20,1.5108472287894745,16,Media,87.89996808583317
21,4.211756977052243,5,Alta,81.7516549533117
24,4.351261418489594,28,Baja,90.838596091758
27,2.904632693462014,8,Alta,89.25904342166257
22,2.7601427749848124,19,Alta,91.40102755200145
28,2.5860788956254535,38,Media,92.09371305436669
26,1.712235378226739,13,Media,78.0436625435634
20,2.722344484944978,9,Alta,80.18523848523043
18,2.4736831529134684,26,Baja,73.79787105795737
19,3.1158320522823226,28,Baja,95.48418197433907
20,3.807820019349694,19,Alta,100.0
19,3.3624792944085695,39,Alta,88.07334013714616
27,2.92837398460815,16,Alta,68.21600716717984
24,4.522660124332001,6,Media,90.36366431369281
25,3.455247652891356,16,Baja,90.86521986584779
20,3.0356368567254357,38,Alta,100.0
21,3.382025104229239,7,Alta,96.69387442247124
22,1.9852046032741,22,Media,73.0235872582643
21,3.66190368395738,35,Media,86.4559308922542
28,3.8051247902167793,17,Alta,78.64936678840911
26,3.9563536754786046,9,Media,79.78711316207735
20,3.5861331675339057,18,Media,92.35411050538127
20,3.594067923078173,14,Alta,91.49576370543758
24,2.809583478349672,9,Baja,93.36338249697532
29,2.605012209894762,14,Media,76.2330475186016
29,4.597090580050855,38,Baja,74.17385917843387
28,1.163071221214781,35,Baja,80.73993642916683
19,2.288935324625867,15,Baja,87.64141106588033
26,2.044026386423621,20,Media,86.4602835200676
25,3.9475425054340745,26,Alta,79.84660328878188
21,5.0,34,Baja,77.68221401084483
28,3.128853494902562,9,Baja,85.7793647296412
27,2.1416297761560195,35,Baja,84.74603399361857
26,2.391222263445732,12,Alta,78.92972005454955
25,2.381962184349454,16,Media,75.53235671974855
28,3.1416511563149943,16,Alta,94.51238875258176
26,3.303480685379931,34,Media,84.34174093833721
21,3.1507622579472283,15,Alta,86.51432522975475
27,3.7277351087673214,20,Alta,90.25875802724534
27,1.9524372971407546,26,Baja,74.91783466675275
27,2.7789906562189066,29,Alta,82.02035685556217
18,2.4204193910322145,5,Baja,83.56767366290629
27,2.6273012861568668,6,Alta,82.9391383496817
19,2.0240519449346515,33,Media,98.31071712544578
26,2.8142123478701753,14,Media,73.70292324213582
26,2.278973662054519,36,Baja,75.19941886463764
26,4.189342942752448,19,Alta,100.0
22,3.8056931181255464,26,Media,75.3368657981265
23,4.42409978396687,14,Baja,96.17920361949874
29,3.5344206564654823,10,Media,66.01173790085774
27,2.7515869075119697,23,Media,77.73278393843317
22,4.191604962861628,33,Alta,84.35086017472337
24,2.521361746575048,12,Baja,87.63337374701852
21,3.2287088631864513,5,Baja,99.76845341761106
18,2.4780901595520364,24,Alta,86.98842501356279
18,3.2450574549072515,21,Media,82.67456508171344
27,3.3303220074470694,7,Media,73.15843037203456
28,2.5711395885068287,13,Alta,100.0
23,3.144446864136465,23,Media,96.8975484162289
28,2.2611999526846347,16,Media,84.64310067886237
26,2.1493287792673765,24,Alta,69.68679081987024
19,2.6549927949485257,6,Alta,92.6557646029307
29,2.5933142909858007,11,Baja,70.57338339918032
29,4.214335216284821,39,Media,85.94922169241886
23,3.0642976575851364,27,Media,76.87924501968644
27,2.4314712494138986,35,Baja,95.12226312880819
25,3.7187901366435154,38,Baja,82.32633629327886
19,3.323835862657873,12,Alta,83.34985823808996
26,3.7063266073795287,15,Media,82.53599424997583
27,3.3541955626011464,12,Media,92.25867220114804
28,3.0072389265552015,32,Media,71.74495118419554
27,4.639342678574964,34,Media,75.26363048452322
28,3.8867854427646567,28,Media,80.48584264819783
26,4.9406779449518785,36,Media,73.56099664274214
28,2.8056440708599872,10,Alta,88.8327122517517
19,2.393327480388493,7,Media,79.49642490553738
27,2.3267175036288283,28,Baja,82.8571371004818
18,2.888765240447536,7,Alta,88.69572482903618
28,3.7895653995690144,14,Media,80.86804039269664
24,3.640446572487104,37,Alta,88.65749770611193
26,3.197370668567815,30,Media,76.8637099944757
27,3.1909704507738432,24,Baja,63.21471036852717
20,3.9028877019929813,19,Alta,69.79953745016074
26,3.056117941405697,36,Alta,86.7086216010035
23,2.5743897851740414,26,Baja,77.00100947077671
19,3.490299373955968,34,Baja,80.25866924285639
20,2.737102354062861,22,Alta,89.89469714952548
24,2.120416217692961,20,Baja,83.11995931364645
28,3.0109703414905735,32,Alta,65.27770784904023
24,3.7875791391602105,5,Baja,90.74063742236069
23,3.014444075099688,19,Media,77.18677658642704
25,1.6957038212670752,8,Baja,64.5080876746159
19,2.049979529043796,7,Media,80.42706872760182
25,3.9599463379200746,17,Baja,94.38895234017342
28,2.409101894456262,22,Alta,80.26868360087772
20,3.7922751901847187,21,Media,97.16491989457138
21,2.929134432349184,21,Media,86.50301094648086
23,3.2066563917593203,38,Media,84.44384836089093
28,3.6123145113145965,34,Baja,85.44799721908947
24,3.7688641797881006,33,Baja,89.40854136808852
23,2.7911224535294528,30,Baja,88.8787624461441
21,2.5177118547651167,38,Baja,100.0
24,3.771317489857755,37,Media,74.39626155668928
21,2.821574216213134,20,Baja,85.35997027546088
27,3.7829151246166113,38,Baja,93.68737671250102
21,2.408876352449828,24,Baja,83.21170082993433
20,3.608916877169871,7,Alta,74.82624366519997
27,3.194575201629434,22,Media,70.261558218007
28,3.3965754877935863,26,Alta,83.19208866926438
28,3.9341188356237056,7,Baja,81.80457050682702
28,4.09067910411245,28,Baja,91.20490536147815
26,3.3707477126083676,37,Baja,97.78077749126162
20,2.780880420137433,30,Media,98.69085139034281
25,4.141725067140962,15,Baja,81.47791310690613
18,2.0472607964532825,25,Alta,93.00775389877252
23,2.7317158739770604,25,Alta,82.44472432765204
27,3.2585290243990164,37,Baja,81.17957020843922
24,1.9360639175851213,35,Media,79.36156217098059
21,4.207221956959895,27,Alta,78.21325355336658
18,3.165120757624462,20,Alta,85.04615062501192
29,3.0754147203906306,39,Alta,65.6802306561043
23,3.3518386842611503,21,Alta,67.67740552004905
19,3.1100071395533906,35,Media,83.14759237294008
23,1.3474752931994156,31,Media,80.16033450860085
20,2.370595458542062,31,Media,86.6645868813717
23,4.2409868995023485,32,Alta,83.68632928607826
21,2.4870206133362034,22,Alta,83.66847621125525
18,2.2621594030322756,35,Media,85.82208090805322
20,3.415565029496278,7,Baja,83.2022856292815
27,3.333396904532938,11,Baja,86.05899751693343
23,3.719454118711477,13,Alta,78.04797063292305
20,2.1763488304264937,10,Baja,74.96074785500112
25,2.960945094206739,33,Media,91.15220680913441
18,4.438600169838989,27,Media,84.40988123778668
19,2.4705573025926233,32,Media,100.0
27,3.1749396794285523,10,Baja,100.0
18,1.7124026051897512,34,Alta,70.11465513783433
25,3.9835887244739028,26,Baja,60.889000976339105
26,2.9786832010687045,13,Baja,84.97337490644576
26,3.0332546603428954,24,Media,87.12980002705078
25,3.1642911624743206,27,Alta,85.1943637919359
22,4.557904533845454,34,Alta,81.54965523655429
26,3.408056371910316,23,Baja,68.39669409576462
19,2.528973674129636,7,Baja,83.95472651193263
29,3.329358545344321,23,Baja,94.6491088063868
24,3.103971069037101,32,Media,72.29649416316322
20,2.948562025733133,21,Media,81.89440146131265
18,2.965313179646135,33,Baja,79.08216412761942
28,3.2779443390177514,23,Baja,87.99772374134915
23,3.0833558160657017,25,Media,77.02083347089734
23,2.3238059702396185,30,Alta,75.44274177477378
18,2.2810614041136503,34,Baja,80.3029792777019
20,2.7249019018268807,39,Media,88.1497878701586
28,2.2875101974430145,21,Media,60.378591414015176
24,2.1570551972066316,24,Media,83.36247186957584
26,3.8517897624556463,24,Baja,78.79040803150747
18,2.176939308361259,33,Baja,86.2830492730001
28,2.442800474186995,11,Media,77.65177832761556
23,3.2174350148280335,22,Alta,90.2588542268963
25,3.7678522761480835,6,Media,66.05287997531752
28,3.5087448754035693,35,Baja,96.22393760673039
22,3.927499183554867,20,Baja,75.75820197727921
29,2.6165321718040015,5,Baja,79.28057473253996
24,3.3507583615070047,26,Baja,86.5256593993777
22,2.8254208805410266,25,Media,82.50653095110879
23,2.8363419234219975,8,Alta,70.13432814775288
24,2.676039209296315,39,Baja,92.62606584365453
19,1.0638825914261538,22,Alta,74.24162448934118
25,3.6998838677591706,34,Baja,78.0847777518651
27,2.9166980161407294,11,Alta,87.5649308438228
20,1.080223352133399,34,Media,91.84208759584247
28,2.422236173755551,12,Alta,83.33589045805256
19,1.971224546338725,13,Media,83.45721485717347
24,1.8924941726611073,24,Alta,84.7773456230955
29,3.5452900487921255,26,Alta,93.45942042155119
21,3.3336484287368187,12,Alta,85.14710480770546
24,1.2485493287786134,20,Baja,91.05261235690217
21,2.7945500932823686,35,Baja,81.9338116675478
27,2.385810132948745,27,Alta,81.73394384967892
23,2.304587876802887,23,Media,86.7645644161688
28,4.30140978864539,17,Alta,90.80483017693362
29,1.6805417080468195,19,Baja,85.24988098141743
23,2.87916046739883,33,Media,92.51749389908441
24,1.1441831750186455,24,Alta,69.52087060863366
25,2.095989325108908,26,Alta,84.16795719577264
21,3.395768274356506,14,Baja,72.89652119470414
22,1.9636908841235439,30,Alta,83.8446716857766
23,2.524933066906179,36,Media,78.611460104319
29,2.6468158285287826,14,Alta,95.49365622562043
28,2.182346218200022,22,Media,81.93057936350192
26,2.092775189753165,11,Media,99.25510320031245
27,1.820407406579599,11,Baja,82.80851239053762
21,3.0351573755842605,5,Baja,72.832503029214
20,2.203898347441879,28,Media,85.6280393441694
25,4.091330217524051,7,Media,83.45535514228527
20,1.892369181680673,35,Alta,85.1152727804246
18,1.8045565355174689,21,Media,99.67999866345801
22,3.8300290591421757,36,Baja,80.74812130217049
27,2.616685964658464,38,Media,87.92005013057106
20,2.0738779737477326,15,Baja,100.0
20,2.726936409074274,10,Media,92.08480923313468
29,3.43542417717462,38,Alta,82.6823267435009
29,4.622564737081014,33,Media,91.0486563562765
21,1.8228678670373295,34,Baja,86.8887009247667
25,2.979081986020092,6,Alta,100.0
27,2.486331891496802,28,Alta,83.67420127193613
29,2.418532823668082,29,Media,79.56870854957069
19,4.063983885914364,34,Alta,83.2488725848525
23,2.7837217784390336,12,Baja,100.0
24,1.9357325896738244,13,Media,93.87940811440214
24,2.3775569161321752,13,Alta,81.24903633277708
21,3.9854551431961167,11,Media,100.0
19,3.666673425116159,33,Media,92.59636483750826
25,3.6701913075730124,39,Baja,99.87657549795797
18,2.4164694874800188,15,Media,83.60179900294112
19,3.9849558455470877,37,Baja,92.5842079186652
28,3.8204245543563666,34,Baja,92.7794508928039
26,2.5413245691964574,23,Alta,85.42917300542452
20,3.0296867562224423,20,Alta,68.66274123051956
20,2.9659328918079857,39,Baja,78.84106508088142
29,3.5301956745105167,23,Baja,99.5100479271015
24,3.2226015055736026,19,Alta,88.74819125863387
20,2.5341084181913534,29,Media,74.82250763336
25,3.5597435559509902,33,Media,84.08548051022547
21,2.9758309104310636,22,Baja,73.5113805922088
28,2.553337660725833,14,Media,100.0
24,3.2589870662409792,24,Media,78.1811836382862
26,2.253406274972571,28,Media,96.08639821787143
29,2.6639823019965716,38,Baja,87.99404763700562
29,3.0826493460173805,31,Media,93.93174721820257
19,1.866866291156591,29,Media,92.19309488576998
22,3.926903708813685,16,Baja,77.1626600762992
23,2.8352431547022925,17,Media,76.75313986568338
28,2.2327791757399,33,Media,88.6066081163314
21,0.8479173634237349,33,Baja,90.10336188680553
21,2.0005059725213212,21,Alta,91.99261317449198
22,3.1687552774500563,14,Alta,89.47139637045316
25,2.9156537913799743,25,Baja,90.3030042412428
20,3.188030338380554,30,Baja,98.35904375934642
28,2.53082087412664,18,Alta,67.35067247630025
25,2.6993740853083055,10,Alta,88.06768927914864
21,4.1863968139606165,14,Baja,100.0
19,2.4749517487100654,14,Baja,95.35065440868613
21,1.9604722544014352,39,Media,64.73608457420657
19,3.6647903996551685,15,Media,82.43648391629657
22,4.380122142467457,30,Media,75.48172174093101
24,3.8247217795431663,32,Alta,86.74012195673494
29,2.346564206677174,5,Baja,91.90912916543638
27,2.475919764913006,17,Media,83.39471132235118
29,3.4787565694674436,5,Alta,69.97994485387517
18,3.151938885080961,20,Baja,91.32201747616888
22,3.8499619875571205,28,Media,67.58900405856139
24,2.6089966152051303,28,Media,77.32247593191563
18,2.0384783900444488,36,Media,76.09913613667163
25,3.2951520969399835,37,Media,83.70802097012204
29,2.754086259856317,20,Baja,81.9623216086623
25,3.1497881101592426,18,Media,79.05226688423667
26,3.026461194947044,15,Media,100.0
27,2.1945122490577935,39,Alta,82.2247800198254
18,3.092837009533329,28,Baja,86.63611629823782
23,3.859025138480885,28,Baja,94.17374307111292
18,2.793403045032329,21,Media,77.31521090395499
19,2.0889521151260073,6,Baja,76.43581422670967
24,4.600105322979807,25,Media,87.2188039857344
18,2.3746433460426566,39,Media,68.38203923857735
25,3.818684507850093,23,Media,91.55650291250522
18,2.353994516648758,30,Media,100.0
23,2.3354811321446833,6,Alta,96.59187183835506
25,4.286232844925256,16,Media,80.38367511955288
18,3.148662470116216,19,Media,74.63757691986325
26,2.088087607543703,31,Alta,71.87351564999207
22,2.3788500073381442,14,Media,80.93437094972205
27,3.431831602606439,6,Baja,86.61760590847456
20,3.6552038629646297,32,Alta,89.01589982190308
22,3.339605965114879,5,Media,86.83913629397101
19,1.3953283306355848,16,Baja,98.71057046562676
28,3.5277567498121325,17,Baja,82.96275903717213
20,2.8655185453485013,28,Media,96.67960737316625
28,4.010730178592405,24,Media,88.65491458930563
29,2.1356526035958217,7,Baja,87.0322833192808
25,2.776172243586655,38,Media,76.97726064666443
20,3.251924325549456,7,Baja,80.3569742958052
25,3.482824182619771,19,Media,100.0
23,1.4526621420668753,17,Media,81.15873032599762
21,0.7729272279716097,11,Media,70.53360817125872
21,2.6045104291972576,5,Media,85.36864488783674
29,1.4926033783290222,30,Media,74.398214739185
28,1.11600387906002,8,Baja,68.28351070724082
21,2.8681776344422643,12,Baja,90.13922987193786
25,3.3849211530502297,14,Alta,92.11912184579413
25,3.174158295832057,6,Alta,81.80840601930954
21,3.3175113885571763,19,Baja,65.30844291220184
23,2.140895412739688,39,Alta,85.07028486670589
25,2.294426582966605,20,Media,99.10828925339787
27,3.186496802170426,17,Baja,90.91834106079918
28,2.29091553414902,39,Media,92.50264489937712
23,3.15874648048771,23,Baja,87.69987842224322
28,3.541743627565106,10,Media,82.48587274666403
22,3.600685995622248,28,Media,76.92882948439197
26,3.8234818143894582,10,Baja,88.44250027862456
24,3.0421690270176516,10,Baja,94.76966443251511
23,3.1467888907145065,32,Alta,79.26922934802374
24,3.1259832134861676,27,Baja,82.45813643148317
29,2.761381384573868,26,Baja,87.95848519081142
24,3.2595313085660402,7,Baja,100.0
28,3.5130519484228415,8,Alta,84.75452267979203
27,4.127997363745796,39,Alta,85.4643253030021
27,2.531179747125237,16,Alta,90.7013658989909
20,1.9354702464967302,36,Baja,86.06521131206601
22,2.7285147127732943,7,Media,98.07164620706823
22,2.3626969067984387,10,Media,79.12068538224692
28,4.468769086604713,5,Media,87.00767171743182
20,1.462904765454824,34,Alta,73.2380029256678
26,4.422759552310977,19,Alta,72.72904528059313
29,2.3943048105919758,16,Alta,88.9913174464772
24,3.6817075635950967,36,Media,79.51387190679748
27,3.4010662523796884,19,Media,68.48294264422941
28,2.7441394441515743,6,Baja,88.68529795613976
26,2.562774185027428,17,Baja,75.82625099250853
24,1.9648197469435023,29,Baja,100.0
20,3.870506361454472,18,Baja,88.93483646043063
21,3.185914217944015,9,Alta,82.63691296941955
24,3.5000498639534845,19,Baja,90.20789846036216
20,4.223762866214383,20,Media,90.73825292432007
20,3.4808184003315485,33,Media,78.13020170505153
29,1.9868021247482301,11,Baja,100.0
18,4.637294586621281,29,Alta,66.32444632030483
23,2.1504783871796915,14,Media,95.00856363358417
29,2.326697025485839,36,Media,77.23387847272373
25,2.8317629210829933,29,Media,66.69232863577525
24,1.9970525306486424,13,Alta,76.83473392060111
28,1.8959450982090937,9,Alta,89.19446874727353
24,3.1724627370827685,14,Media,87.44194899315241
22,2.6390579384686563,6,Alta,82.46704499192103
20,4.282969384028133,16,Baja,89.84001671087965
20,3.9690673062897535,13,Baja,83.51220456103381
22,3.3425084617175242,5,Media,72.59323725062296
18,1.663272167539013,27,Media,67.51070476110856
20,3.272980682407042,10,Media,89.71594070232796
21,4.573854564890399,37,Alta,95.01412303604566
24,4.535698239272351,18,Media,98.1850929928356
22,2.22226287103332,13,Alta,85.28274919836484
18,2.7387017121183037,16,Baja,87.85974027167104
23,4.0031883135005835,21,Alta,70.95146909060041
20,2.3412639633905967,5,Baja,83.3124975216759
18,2.3876618182096085,23,Baja,98.68290708536077
29,4.401104644896797,24,Alta,100.0
21,2.4026294477427603,28,Alta,76.55100990439833
28,2.724292765513433,17,Media,86.8993469310115
24,3.634169931068994,30,Baja,98.30425646607551
20,3.06918693079251,38,Alta,100.0
18,3.379594392660181,33,Media,92.65465055309943
28,2.8102420775790398,17,Media,84.8964214086418
22,2.1403475506503176,6,Alta,84.12278980686938
29,3.8882007514195176,30,Alta,88.84165380836933
20,3.09236914789165,7,Media,89.9477924424693
26,2.927959307266091,31,Baja,87.50694065450523
18,3.3395706686377733,19,Media,66.02977237407823
20,2.4353550814512275,36,Media,77.63908744227705
28,3.1546032530620907,25,Alta,79.03054637669587
18,3.101708421200368,36,Alta,77.00098450191587
20,2.8933635467010017,13,Media,90.95378590444192
18,2.6278268216569787,24,Media,94.12429414619238
23,2.655598502339977,7,Media,74.23953120396389
18,3.3422819898901217,39,Baja,93.93385718725152
21,2.1306755789078853,31,Alta,92.916653347895
21,2.888283478334056,27,Alta,84.87059627427783
19,1.608315331026275,34,Media,98.07160568190405
19,3.0371185603850046,38,Media,61.355028079516586
29,2.7177110031492235,23,Alta,84.03166417450886
20,4.667123494371021,7,Media,82.4816450174622
27,3.6061259107704657,11,Alta,76.26803627895588
28,3.6371334595558453,12,Media,75.86276958504331
22,3.9002587142323897,32,Alta,72.76539134560807
21,2.09585157217091,25,Media,100.0
27,3.191584680539177,19,Media,100.0
25,2.6679366217269602,7,Media,92.98428284342336
27,3.1866395496124063,25,Alta,100.0
27,1.7118986514890961,8,Alta,86.07143759516084
25,3.0331786955034024,5,Baja,81.97837631541202
29,0.8283166261306589,5,Baja,82.68380097205046
22,3.042696417433155,33,Media,87.53023235527702
23,3.4550574669624377,32,Baja,68.36326818961635
29,2.5376170898078345,20,Baja,76.18157251703734
28,2.370219192084541,37,Alta,88.14318127380434
18,3.3488297238704545,37,Alta,100.0
24,2.868406075835435,25,Alta,82.59766805943266
29,2.343090362195658,6,Media,94.24259130875465
28,2.020298892723286,38,Media,74.20911419035426
27,2.4387963320545936,38,Alta,83.56783024451722
27,3.2945455805821156,18,Baja,78.02498202812893
21,3.0831018983279184,28,Baja,83.36416051285245
23,2.4293308893737633,14,Media,86.12749986572044
18,2.571387727268579,28,Baja,86.60659343967973
29,3.628603926812325,35,Alta,82.3240057802184
23,3.3352695414017344,6,Alta,78.85839634959257
22,2.4864842182904967,32,Media,79.30175416297277
18,2.7980781719167327,21,Media,84.97143141487925
26,1.7143779152529428,13,Baja,77.86875964391659
29,3.846291411824385,32,Media,93.93586970364353
20,3.4588491769065675,15,Media,78.2842410361509
19,3.1914174069992467,10,Media,74.59537922103144
25,3.462105073836458,20,Media,80.52602290929349
25,3.726761213911665,24,Media,85.23382868351784
24,3.4970225199288656,32,Baja,94.0477079984863
22,3.079150476254384,39,Alta,72.8178968051839
20,4.378912120454497,11,Alta,79.17914544180593
25,3.5317317668802373,37,Media,99.02636019568851
22,3.8127183004163925,32,Alta,79.2224536096413
23,3.0302959034897947,9,Baja,74.02020076900966
29,2.2392682383333837,26,Baja,93.14636552968535
28,3.888477405843244,13,Media,79.39316777895063
23,2.785247224668983,37,Alta,100.0
26,3.2660311611434545,38,Baja,99.75429447242527
29,2.82675929968577,10,Baja,86.55160454843181
26,3.2814483581112066,36,Alta,72.94636009538951
25,1.9885431409643417,39,Baja,79.93493883697353
23,4.006112600041613,5,Media,95.08956373725198
27,1.4061343768937378,20,Alta,84.29566284686553
18,3.2262238913486554,25,Baja,73.46200560165346
27,2.1262800133664173,19,Baja,88.48253730607723
22,3.9086279696665502,9,Media,100.0
23,4.064146191586928,16,Media,84.91023853474444
18,2.855367948646916,9,Media,79.71002414450138
26,3.081357065543278,12,Alta,95.7455643543364
27,2.8569173015615266,37,Alta,95.50585801274335
19,3.067802824337985,9,Alta,77.99661488730341
19,4.6424201634316695,8,Baja,82.30373463603475
24,3.9968824961771423,18,Baja,90.9132089023551
29,2.7140543916791233,11,Media,87.51182305642483
26,3.195050910482714,29,Media,65.24281433621954
20,4.217709696455779,7,Media,77.38979846814537
24,2.8594425400600794,19,Media,86.86264820728105
25,1.8656794095853546,19,Baja,94.62594578372423
18,1.9689494934567622,24,Alta,84.63567313710455
27,2.3203734651045878,25,Media,77.94947462687182
27,3.703097158409733,36,Alta,79.5328921753558
23,2.6240010989834817,7,Media,87.58883033581677
21,4.284315142794471,21,Alta,98.24605639133071
22,1.1093810016855796,25,Media,79.25191825557451
29,5.0,9,Media,75.66049728720847
27,2.36886037666666,19,Media,71.21478684542242
19,2.7737233908723167,10,Baja,68.56445046866207
28,3.3126765093314,6,Alta,96.69638642608109
25,3.925402937150627,10,Alta,77.78520824732585
24,2.8637201320613497,35,Media,91.16963734806275
18,2.3300905028409025,29,Baja,76.19044909000787
28,2.6085911953244145,36,Baja,76.62583853100624
24,4.235597649168389,25,Media,78.82093371624701
19,3.993345698795573,19,Alta,85.55384270071795
29,3.094306136205527,17,Baja,93.70431230410996
22,3.7603686585007106,20,Alta,99.67735565619813
18,1.6663141273046291,31,Alta,77.27845241528043
21,2.2740229479288403,30,Media,86.23817353952256
20,3.6077550073154114,29,Baja,86.22639324977695
28,3.07778790955678,24,Media,93.33294771644799
21,0.8892100848607787,23,Alta,92.30069485682807
25,3.261565516374984,36,Alta,92.74478000253437
25,4.2179381434654415,28,Alta,87.23883553902436
24,2.9983021415019318,36,Baja,98.54683713680569
25,2.4517273495457803,14,Alta,86.37498367503723
27,2.6944701496665457,32,Baja,71.88837245783115
29,3.403632157321725,29,Alta,79.52512052495317
29,2.1262715124170857,30,Alta,96.15280648653564
26,3.8646635560951723,37,Baja,77.22378431699418
28,3.0914611770229894,30,Alta,71.34867746081352
20,2.247850431372192,28,Baja,83.07795155450127
20,4.857062238236768,8,Media,80.07029801685829
18,3.002634926040488,29,Alta,99.94226604422002
29,5.0,15,Alta,93.87600807060215
18,1.383680645915158,34,Baja,87.07775576176778
28,2.7678046745450713,39,Alta,87.16769174050607
29,3.7953838604498626,8,Alta,80.31880164562472
24,2.9434871063397146,11,Media,81.31019751190996
28,3.1825700842118745,14,Media,100.0
26,4.544320565869593,36,Media,89.10887665667319
26,3.045611473347165,20,Baja,100.0
19,3.3185763961247123,10,Media,85.65933571087017
22,2.5140780533530704,38,Media,75.8632924435802
27,3.046249049312424,15,Alta,90.92868080113652
28,2.0596552482238537,25,Media,100.0
22,1.2696024690819239,21,Baja,76.04349477201083
21,3.7677061488357495,9,Media,76.86938935333913
19,3.6612917082472904,24,Baja,78.86039856910662
23,3.9963231451244643,9,Alta,80.05082850393724
22,4.190979187641556,7,Media,93.10320942641181
29,2.628573397283473,20,Baja,74.04049748444544
21,2.2783600447272283,22,Media,97.2618040993022
29,4.262998474983138,7,Media,100.0
21,3.6871197308111023,20,Alta,100.0
18,3.6928335421783873,10,Media,87.54819552756027
27,4.210123331078629,11,Alta,78.30178979890083
26,3.17670628759068,21,Alta,76.11474386966529
28,2.863571131077212,35,Media,81.70531786144801
25,4.2796585851537925,10,Baja,66.90651066573162
24,3.2134446919104107,29,Baja,72.06362006595545
21,2.595002426605834,13,Media,100.0
24,2.504975843390524,30,Alta,85.40700832996215
22,3.642455251839655,12,Media,100.0
27,1.2639642659877808,30,Alta,83.63834664607351
18,2.2416042807419965,16,Media,98.72538495444755
23,3.06468520626589,9,Alta,88.35617762686107
21,2.16202124499035,34,Media,98.8564276122266
21,0.6588219380616143,6,Media,100.0
23,2.946300784758057,31,Alta,91.70866862884438
27,3.0705047775336256,39,Media,91.57049744544076
23,3.683577614906321,10,Media,78.18564796972608
21,2.628504874636186,22,Baja,80.66396283873408
27,2.2152037307496246,12,Baja,88.62079669125534
18,3.2868824746905076,14,Media,65.23169301909803
26,3.6148047759502955,29,Media,90.68703378045478
18,3.292949969610514,25,Alta,64.53158857133914
19,2.932022110049593,25,Baja,74.31702716344272
21,4.472708845295936,10,Alta,79.30050221758417
29,2.0089887459612497,26,Media,73.5519327839418
18,3.6786421151198647,8,Media,87.56331537701429
22,3.117676613131849,38,Media,75.8128075415484
20,2.323717180891739,6,Media,85.7462137873195
19,2.1562927965156518,23,Alta,83.60891672863592
19,2.090609621863106,11,Media,96.23812409511015
19,2.6653381639495084,34,Media,57.07381473305166
23,3.315611935830749,38,Baja,69.88349033024052
20,3.8438717269656353,24,Media,100.0
28,2.202456619332043,32,Baja,87.30382224073155
19,4.045402685061517,25,Alta,87.26190458821851
26,0.7933585105205343,14,Alta,96.24808312248602
24,1.3441520246613363,17,Baja,87.40771092273359
18,4.227738852627439,29,Media,89.49773770652081
25,2.572221768637117,29,Baja,95.09233950515336
18,1.9571502553802504,18,Media,87.92287431971664
24,2.2232519590054656,25,Alta,71.32034212208578
19,2.7400383235668695,33,Media,95.99562807964855
27,4.265588028357966,12,Media,87.6650674564832
26,4.162215456022381,35,Alta,83.55843193715208
23,3.3302190252793276,10,Alta,97.37585610327217
29,1.4982711889944254,16,Media,64.77529323670477
19,2.055744612989493,30,Media,87.94994957656499
28,3.3137958141896884,11,Media,95.65830765855472
27,4.138840617935626,11,Alta,79.51996279652715
29,2.1415794898411917,34,Media,89.73269522725582
29,3.0555211499544574,14,Baja,100.0
24,2.663568137258236,9,Media,83.04021322254526
18,1.7743306627134918,15,Media,89.50930166021044
28,2.8752492724730825,33,Baja,82.42670160080148
19,4.557286208520068,19,Alta,93.62344966747197
18,4.204368156967552,29,Alta,88.95200431458491
18,2.369412817377677,39,Baja,91.47420556082987
22,3.0217001673714687,13,Baja,80.83854218059501
19,2.6625653904072277,36,Media,80.50532886981557
19,1.890991501939401,23,Media,82.05989389722944
19,1.896504907576288,17,Media,85.82199959349603
22,5.0,34,Media,87.87962584062764
18,1.1866263781255315,37,Media,98.47364491745464
24,2.25951916523371,28,Media,100.0
29,3.304902758911446,24,Media,89.53474139131181
23,4.307023990191162,33,Alta,83.98620811934305
24,2.377242399496886,5,Media,78.16771032659264
18,2.2076048414402476,34,Baja,92.8295969813445
25,4.702825875204563,21,Media,81.3542528057741
27,2.643827636589444,25,Baja,100.0
23,4.32928583331027,27,Media,65.3944599771915
22,2.3857385210557966,38,Media,78.49307722023192
24,2.6516493958093683,10,Media,75.96908802789892
26,2.328236397147313,27,Media,65.36249748208488
29,2.0259565594779376,22,Alta,68.86246994592263
26,3.1913755755551643,34,Media,71.31160208185798
22,3.2615228056836965,31,Baja,75.32846679582372
23,2.600383935494629,25,Media,92.56326928746462
22,2.5104785744544604,18,Alta,97.52492516243264
22,3.305840927783659,37,Alta,84.73563075617368
19,3.920081586251488,9,Alta,79.40283248568016
20,2.360671556494008,5,Alta,93.61096603946548
23,2.6820500975115906,20,Alta,87.77916062324957
21,2.722961981784032,22,Baja,86.26311954684616
25,2.1328012772474474,18,Baja,75.41519241572242
29,3.6820745034656586,9,Media,83.35356924127571
22,2.6698809256508724,18,Media,84.06064702385501
26,3.9009165259194023,25,Alta,78.23199418694043
27,3.850044003413121,36,Alta,78.08209843833434
26,2.1889943755738868,24,Baja,78.06303353611533
22,2.416988379276086,39,Media,83.58596820256093
29,3.4836322097406107,11,Alta,93.53530383612767
23,3.754878335563074,16,Baja,78.66169680765887
24,0.6342945338329153,15,Media,76.50047529423307
18,1.4857080049600164,38,Baja,86.559676612765
29,3.9340113099755216,14,Alta,78.78085850343028
28,3.8434907662093156,39,Baja,100.0
23,4.831218429495516,36,Media,71.06566687314599
25,2.77464953022219,16,Baja,85.02307742316776
20,2.2717795618950603,16,Alta,87.46817138628957
24,3.4969316897825435,13,Baja,77.79777878520976
26,3.552763410002705,11,Alta,84.94730357856021
24,3.070738662928109,35,Baja,72.1988406024293
23,3.109418004998968,27,Baja,95.26870291605493
25,1.8176549542239984,35,Alta,88.24118304820018
22,3.6700884194741548,12,Alta,94.20892964391578
27,3.609398764810572,30,Baja,93.85544792117496
24,3.3401717116199228,5,Baja,92.21658573703996
22,1.9848374911108302,5,Alta,89.50219946307493
23,2.8161597857627765,6,Baja,79.48929871534122
26,1.9087400100442933,35,Alta,88.01007847031534
22,3.7698251358097576,18,Media,82.78591572326557
27,2.590949335207149,25,Baja,89.39901667111488
18,3.3480219552427775,24,Media,93.59086875907916
18,2.927739480913568,25,Baja,76.6187313538656
19,2.2421810273193543,39,Baja,76.69052828782513
26,3.454079915561466,28,Media,93.79678633667746
24,1.9096092703123677,13,Media,76.39276711305659
25,3.9312180956573517,17,Alta,83.53403363330732
20,4.036280036835331,39,Media,99.75527130455193
29,2.341254891238323,15,Baja,70.53688586145576
29,2.199139609436754,6,Media,71.52716077098378
23,4.258267651494518,37,Baja,78.29209000959591
24,1.8608798452954636,15,Media,82.33185428382023
26,3.4622804892058516,18,Media,84.45048542406586
28,2.4533372910349716,5,Baja,88.00035993750078
25,3.3237722511080023,21,Alta,88.62346249074416
22,2.1664946260583027,9,Media,83.1737924720937
19,3.880420492409476,37,Alta,58.9243995256513
20,3.0747478003760036,5,Alta,67.62844027290723
21,2.1114354813474656,9,Baja,69.76246127238565
28,4.519787116906617,30,Baja,89.00098600272393
19,3.637129386313563,20,Media,82.88341475656289
29,4.486013429022941,35,Media,85.56055340666582
18,5.0,10,Baja,92.00885192867314
28,3.5507672028173602,9,Alta,87.12218533721806
25,3.8582837017698637,23,Baja,95.73633508160887
25,1.799944150526824,39,Alta,92.15081106842347
21,4.383200522487805,38,Media,70.9802810119887
19,2.37549844553578,30,Media,88.52652943700417
26,3.0277430580143125,22,Alta,97.44786587753511
24,2.3413951671068856,12,Alta,93.02635426534377
29,2.586270755643634,36,Alta,82.8977287237125
28,2.2189378464796654,31,Baja,75.80437963253179
26,3.263786883197359,36,Media,84.0376581349484
20,2.700178679836987,6,Alta,93.16187097713063
28,3.338100588425493,27,Media,76.00004657158816
25,2.46154722358983,25,Baja,80.6979099070777
21,1.7692618469771315,39,Media,85.61063428870612
23,2.092609405970472,16,Baja,84.73553018903299
20,3.9210311260880975,33,Baja,88.03928018441893
20,3.332025977880873,38,Alta,91.55472423432556
21,2.9327586178408374,23,Alta,68.16369367322001
22,3.4107438294482475,20,Baja,90.44769990530067
28,2.338340021028677,24,Baja,80.00553742247003
23,4.679472402039922,30,Media,81.36825482594799
21,2.4586265481165603,36,Alta,81.13866661733128
29,2.572767195981374,15,Baja,81.32907104805224
28,3.641575890150516,33,Baja,87.9747089420294
18,2.807354215492334,11,Alta,81.23210020007843
19,4.327591393808244,28,Baja,94.13274145000142
21,3.502806781210637,34,Media,74.86968968088318
24,3.2656182562050526,13,Alta,88.77807047114588
19,2.1714043413651805,11,Media,100.0
26,3.3130951288564185,33,Media,80.80837572143678
23,2.280974297124417,18,Media,92.23702727357244
27,3.687703630366724,33,Alta,100.0
27,3.474960657247328,7,Media,98.01225139160864
22,2.3951957669035693,31,Alta,94.20347901778364
20,2.565835547202082,13,Alta,80.81544360280908
18,3.5692461276748433,5,Media,100.0
21,2.245875015487883,5,Alta,84.04767551728123
19,3.8346041146973215,16,Alta,91.79816777018769
26,2.8024066172967985,36,Alta,81.81240534075499
20,2.8557376822228333,36,Alta,85.49006880435294
19,2.751770442684847,33,Media,79.21473554584043
27,3.2977673606740536,13,Alta,80.35415757531392
22,1.39563627555289,14,Alta,96.33242100232653
28,2.924124730133964,27,Baja,78.96829836170747
18,2.6005763343553783,24,Media,90.48539921977961
29,1.6011267055763347,11,Baja,93.79807942063384
27,4.2809946531923,15,Media,89.63942728328358
27,2.5105947453627717,12,Alta,94.93160173024796
26,4.401201862837014,19,Baja,94.37479018678125
25,2.6900946851861933,31,Media,83.21846401642121
21,4.026994852209225,39,Media,80.39384298310087
26,2.3423202567255244,10,Baja,83.98275291398394
19,3.948734063234723,25,Media,89.08101627527903
27,1.999796545081487,16,Media,85.91564761742539
19,2.1785796245771447,5,Media,81.09363509752187
21,3.262189727299896,13,Media,84.91450932534879
27,2.8602063842976904,32,Alta,89.64498403173955
27,2.82132311503989,20,Media,83.99514278927066
22,1.9782235870923233,10,Media,82.70798041418655
27,4.2040899262066365,8,Baja,73.40705717262358
24,3.2637712568533623,27,Alta,88.30365107870247
22,3.312986654757914,11,Baja,66.64494951261895
26,3.448492212644935,5,Media,64.95360341981221
21,3.0975969490884028,10,Baja,86.43403255653386
19,3.0356363468902146,33,Alta,100.0
22,2.646341376165218,23,Alta,90.09747213793885
25,1.0972082613156813,32,Alta,86.42715645501602
20,2.725888134297336,9,Alta,84.28654469512975
24,3.5759379646130762,5,Media,98.62279685822168
28,3.6649441570199857,25,Baja,94.60710731011963
21,2.07427534248092,30,Alta,72.04614055766305
28,2.126615770642783,16,Alta,78.35107062752834
29,2.761836691803152,7,Baja,83.24926721991034
27,1.2292278026297239,7,Alta,92.75266896897644
28,2.923311958894254,8,Baja,82.94342092400008
24,2.2221036895698965,37,Baja,82.34192820659068
19,2.927365890682846,39,Baja,89.21009874216531
19,4.3639686887308535,29,Media,96.90757701781149
20,2.886186594594249,37,Alta,77.33371815940822
26,3.8176394949575028,5,Media,86.29490594200726
18,4.367142506247132,8,Alta,94.69539286162872
23,3.779718607639105,22,Baja,83.2761738433977
25,3.6015901459240034,23,Media,76.22130690756208
27,1.5916905739852156,11,Baja,91.51752374691694
24,3.276157967479935,7,Alta,87.60959368490444
29,2.7084802414206623,15,Baja,85.91866155300531
29,3.4797508177927483,10,Baja,65.9877686955102
18,2.358380499232129,10,Alta,100.0
26,0.8904733954884687,21,Media,85.8906246089523
20,4.262030864247362,12,Media,86.7071475771006
20,4.79020119263003,16,Media,80.98782308851577
24,3.6914464363534845,8,Media,78.69563009212138
24,5.0,22,Alta,76.90186349631621
23,2.6003753347207166,35,Media,80.48410297713924
21,1.8601543581376978,29,Baja,87.55295752501915
20,1.5819977305582293,19,Baja,82.8385992112664
23,2.5433322033387205,29,Baja,85.04755800978273
29,2.57382080405016,7,Alta,80.80395372009548
20,3.2300362999511063,27,Baja,92.69417551105778
21,2.715273379401882,23,Baja,74.22501958079994
28,3.110985465587921,14,Media,89.1127251805379
18,2.021270312114014,17,Alta,69.20513840674558
20,3.6198524201468736,27,Alta,78.93658735473446
26,1.0135103120802949,36,Baja,86.697039622202
25,2.8855099726075246,11,Baja,93.57488208688804
21,0.5610267169902068,25,Alta,99.43753251886118
26,3.013443803240966,23,Baja,86.23035681994917
20,3.2769623357967093,5,Baja,73.24617574494799
18,2.932490908200155,8,Alta,68.43580225138956
20,2.6489186600080625,22,Media,97.94312908553623
19,3.3795100456848965,33,Alta,87.12069050522912
18,2.365736702639867,35,Media,84.60791099089569
22,3.101156990897807,24,Media,81.28899458200401
22,2.548525560690749,37,Media,79.4608920108414
18,4.031097822436136,32,Media,86.32966483073535
21,4.110520018641433,28,Media,90.4570350371646
22,3.6903264072407094,25,Baja,81.93803019363057
26,3.9389644966342674,7,Baja,100.0
20,1.3350964729026191,18,Baja,88.42790847033984
24,2.4176378789393667,37,Baja,87.63348846378317
19,2.2775286330193887,10,Media,60.526412794109994
21,3.5986846731881124,17,Media,84.70860312886332
28,3.028216652621754,36,Alta,83.20462650930003
25,1.3778764879873182,31,Media,88.24791925074075
22,3.8178359774836017,34,Baja,88.36301038447844
23,2.547683813796545,13,Alta,76.25805000751629
21,3.8951346164525473,14,Baja,90.53833649633707
28,3.205003859610354,25,Baja,97.53349883950095
29,2.5114824143357946,16,Alta,67.36691886475774
26,3.4623734344946095,29,Alta,80.55471450205313
18,1.8483751982097922,18,Baja,69.78698565453827
19,2.5186121343449024,27,Media,99.68374644717186
19,3.0125172530753344,6,Media,71.77966857320122
24,4.152088071193951,31,Media,85.00049271869126
27,3.177576549365821,8,Media,90.38892059855146
29,2.872564328046131,33,Alta,84.40926310458836
25,4.056150467873921,13,Baja,57.58808109652937
23,1.9175403355361302,17,Media,87.74463636968558
26,3.3269267838163823,21,Alta,95.74588598110364
20,3.0289987486203533,36,Alta,100.0
19,2.583597499067036,37,Media,96.37766640339332
19,3.5447346391714243,22,Alta,82.84564373390715
22,2.989977097930677,35,Media,77.22237155995214
24,2.214483283735011,10,Media,91.60355277315311
27,2.578182191166106,39,Media,72.02285281048009
18,4.986274220457936,23,Media,92.84044576440265
18,3.6273615589821264,35,Alta,92.85849288921503
19,4.05692914625077,34,Media,90.49537618520803
25,2.2313573165608998,27,Alta,97.23372973733179
23,3.680420473361469,12,Media,92.59259010819913
18,1.8892483511629807,22,Media,84.70319253945755
28,3.7273415418744222,36,Alta,98.82981381483933
25,4.196205585444911,39,Baja,82.25193451497942
20,2.5372668841959958,8,Baja,100.0
27,3.0329639479963806,15,Media,81.24890133979878
20,2.488660224444452,26,Baja,81.85054112238551
19,4.357797852052682,31,Media,86.71202291567867
23,3.082165773922589,15,Media,86.1434907524814
25,2.1635101161980907,6,Baja,75.09940574813258
25,3.470909911858765,12,Media,100.0
23,3.5038455680857954,30,Baja,92.42757060178042
28,2.7037360689628835,28,Media,94.80475964964177
25,3.0088180641878663,10,Alta,98.45224276734068
20,2.041845503064581,10,Media,86.81168792247634
24,3.9169386529844568,23,Baja,83.61819969040431
18,2.2211634967710707,18,Media,92.24489691195821
18,2.3710388952948644,26,Media,88.3916827964527
24,2.959558321066686,37,Alta,78.96468571098971
20,3.3581397030916724,13,Media,99.3731481257503
28,3.900020433207629,19,Media,76.90454277344007
19,0.5004355939089358,22,Baja,85.6051489081196
22,3.271589928700315,25,Alta,81.8814862595418
21,3.0700061806424954,17,Alta,100.0
20,2.5177677807711096,8,Baja,79.99759783953277
23,2.494627705576245,12,Alta,92.77002902937733
20,1.9492542235764827,19,Baja,85.25116109024897
21,3.2704334829673147,33,Media,91.44478497810454
18,2.755779606420049,33,Alta,93.19951032644754
22,1.1378691966654688,20,Alta,75.42618598310274
19,3.820714529600474,39,Media,87.92798921836048
29,3.8230425565498614,20,Alta,79.50388498306535
24,3.0038395715773376,26,Alta,96.25672508727611
22,2.858387675853183,7,Alta,85.34920640541402
19,3.906234397960788,13,Media,80.79065879663526
28,2.3981766946338,21,Media,97.78317926669956
27,4.488071717786124,9,Media,78.0151936395438
19,4.477420071939308,20,Media,95.65031957306147
18,1.9649676821275956,39,Baja,87.79556032087568
27,2.0012950573033663,19,Media,66.50929687961023
24,2.4664671643157052,37,Media,86.0479978915153
24,2.545175385812083,20,Baja,97.07986999299104
26,3.9027446860775843,36,Media,63.11799855258595
29,1.9710811239702546,17,Baja,81.4638418805068
19,1.9561222712798252,37,Baja,94.19010966462642
24,2.5245371003846695,26,Media,89.39317352190362
23,2.362257625263426,8,Alta,94.19542052093894
21,3.438176744961752,16,Alta,88.14876902948382
19,3.219556359293415,25,Baja,75.397030017503
28,2.568621299862486,37,Alta,93.12884505757263
23,1.697809623606059,33,Media,82.94433521911476
29,3.5494244815860987,39,Alta,85.8156625769157
25,4.073092541538307,18,Media,87.74488072161294
20,2.923622025818369,22,Media,69.38228737648888
23,3.015545551479371,22,Baja,84.26489311086502
28,2.235055441103082,16,Alta,84.95186981812334
29,3.9021005663086052,37,Alta,83.32493105324538
24,3.1601138476212784,17,Alta,87.11842647275697
20,3.812360055582678,36,Baja,65.27460658923358
24,2.985992003521172,39,Baja,93.4871649197538
18,2.5662128534119635,14,Baja,82.63017092372246
25,2.7635924387771147,22,Media,79.33389632834239
25,2.647344522255444,27,Baja,86.45565591208853
23,2.232448390843377,8,Media,77.47831704598153
23,2.2598562329390495,24,Alta,89.70899550814418
28,2.48474456175561,11,Alta,82.85657644053761
28,2.3268534766639695,29,Alta,93.83790714281606
20,2.578310509750915,28,Media,87.7906770906063
20,3.6284847653011623,28,Baja,98.6084128552843
21,2.7539505976971173,21,Media,73.63977743911207
29,2.5034434124252756,23,Baja,96.1379338657222
18,3.201503562721302,18,Baja,75.69317434527052
25,2.76166674679422,18,Baja,83.37617553268832
29,3.860704128024082,29,Alta,94.8518935185631
24,3.0350852286665435,6,Media,76.72648550156642
23,2.5130336641665547,12,Baja,87.37424616364258
18,2.9345280246227183,31,Alta,84.73103453036444
18,2.1907408361048595,21,Baja,88.61901400470684
21,4.740921530455251,5,Baja,87.16337682150228
24,3.3573562684136027,27,Baja,74.08893976411358
19,3.456375668356593,39,Alta,68.06736927737866
29,3.1485703850436355,25,Baja,87.05931873864252
20,4.609564137567927,22,Alta,75.66893299764632
18,1.6892109375728401,39,Baja,82.19920092397246
24,2.033412752875034,37,Media,62.471143628279236
26,1.4985383653540456,24,Baja,81.90755526726119
19,2.3681272427772293,38,Media,85.3193760362322
21,2.035559699307666,19,Media,86.16700201589542
20,1.4723376056149624,30,Baja,91.42377204187315
23,4.497501844271236,29,Alta,80.3003512588462
19,2.998235921381541,10,Baja,91.48112539067678
22,2.7795783156943896,15,Alta,79.41201082069414
18,3.2347368227378275,30,Media,94.63450766331263
20,3.489334516129424,11,Alta,84.72568509233176
21,4.248187453555419,33,Media,79.49145308635916
21,4.789468325426738,22,Media,100.0
19,3.398713449143501,38,Alta,96.13160414135649
24,2.4895575252559126,38,Media,98.86018341374931
25,2.84011389674518,30,Alta,91.29135340055471
28,3.57797753338404,23,Alta,81.80666339840424
28,4.849355929913222,27,Media,82.7328759582409
20,3.1266827996824236,15,Media,69.20910573100507
27,2.908063221583062,6,Baja,100.0
24,4.627999989187247,35,Media,88.58264998526612
24,2.126619990381541,5,Alta,89.4275494492269
28,4.026038192986828,8,Media,75.32635464360547
19,3.615709658300744,8,Alta,71.25777118097133
19,1.9771343014831535,31,Baja,93.37935051929374
28,2.9606907126502766,10,Alta,95.56889555878826
27,3.525382631316814,36,Media,99.23368349815195
23,3.0231589991579644,21,Media,82.95318956820527
25,2.7923301131789477,31,Baja,85.82714762920838
26,3.1681773502847865,31,Media,89.08060950806676
19,3.082818068354138,17,Alta,87.15352282193592
28,3.0579974539122365,14,Baja,72.8800819404033
25,3.7235568495605262,31,Alta,100.0
23,2.814381278329825,14,Media,84.91292552896304
26,2.819252342169699,19,Alta,100.0
26,2.917790901999393,10,Media,87.51789013346364
20,3.337522463021554,36,Media,64.27452026941847
29,1.9836041587680449,34,Media,89.48710020413326
19,3.848076363484281,31,Media,100.0
27,3.0378907964524577,34,Baja,59.19373667158526
19,2.6544085240799653,33,Baja,84.0113165118213
27,4.631093080657605,18,Media,100.0
29,3.6396771453446353,5,Baja,96.41212797564876
22,1.8459869252005752,26,Baja,80.11471630131328
23,4.177961460045683,34,Baja,84.6173355156421
26,3.3007456790291245,7,Alta,92.24322095959153
24,1.7265777239030813,34,Baja,92.35053297244885
18,3.5603721968989905,38,Media,87.75936732688292
20,3.127351431429957,13,Media,94.00967837462582
29,4.184172146695156,23,Baja,61.09092328233304
23,2.832582236072126,16,Baja,75.42468472643353
18,2.802719413870634,30,Media,68.95317795797351
20,3.5710868855391893,39,Media,83.87758341028083
25,3.231402943088394,5,Baja,79.44581390315147
18,3.3158709429706468,5,Media,100.0
27,3.3242627117995838,38,Alta,95.36693315408147
22,3.228721392614446,9,Media,95.57985298450109
23,2.2235740307854703,27,Alta,84.09894338737598
26,2.5227742243222995,10,Baja,67.86852184617021
24,3.0476088681899958,20,Media,93.95257513747862
19,2.524644386126335,37,Baja,90.10599343761825
26,3.9786295845752893,26,Media,67.09338348576904
28,2.2542577511261395,17,Alta,86.97705075932517
20,2.2066491916168145,30,Baja,80.74372799548308
22,3.5453801193207592,16,Media,87.27459425917691
23,1.2208567215784099,30,Media,95.61287659110721
27,1.0507207453613274,36,Baja,83.3749090376957
22,0.9186006150556949,39,Media,69.34121239384622
24,4.792590118645299,27,Alta,80.86308837411363
27,1.9792366066119171,16,Media,78.112913204574
19,2.543579995367492,14,Media,84.6216971533456
21,3.69700486262567,29,Media,82.90700818127053
27,3.3360493424933066,28,Media,88.4204147371219
20,2.0027435312594895,31,Alta,78.59689079479969
18,3.2229099975579034,12,Alta,77.30565563005449
21,3.0018880195352073,36,Media,74.10483844558068
26,3.5156262890113683,17,Baja,81.62797132955399
22,1.3364640558688947,24,Baja,70.90255010349817
25,4.260953534236352,10,Baja,79.28138470238476
22,4.180297754495899,15,Media,83.8298209292651
26,5.0,15,Baja,85.19780320984384
22,3.0755261793180475,35,Media,78.49489958241026
22,3.132056547862528,19,Baja,74.00573828945765
22,2.4446771113581556,11,Baja,72.08667564106099
20,3.743387870567356,11,Baja,99.4723050841742
20,2.448868154232655,17,Media,76.21704119267226
23,3.0367276975879633,33,Baja,77.14662515417992
19,3.9934712805262036,36,Baja,87.43730260652805
18,2.332247541880221,32,Media,68.38753312478616
21,1.463646717444178,10,Baja,81.30059388001995
24,3.2682527377959762,36,Alta,76.64862341293191
22,2.9460215798356604,38,Baja,98.22616175058461
24,2.6078984281589417,12,Baja,71.00388034259473
20,3.1498924029809343,9,Baja,89.7522626588759
28,4.047785472664144,14,Baja,81.60798109433259
29,2.9264779894552597,8,Media,100.0
24,3.577094354585647,27,Baja,78.96174852742068
19,2.6876419864328316,37,Media,79.67493994056387
18,3.611185570598567,24,Media,84.0499962159226
26,2.344432405795748,15,Alta,100.0
26,3.055190064496985,15,Baja,81.31751566494593
22,3.993248413059659,25,Media,75.86232878485964
27,2.599673818240043,20,Alta,74.46057815519808
24,3.2464368802526202,23,Media,77.70750883888184
20,3.4577285187641777,37,Media,80.68155424767352
27,3.771004515621606,27,Alta,96.86178577736942
22,4.242179108660033,39,Media,79.41328398042054
23,2.9137023663803214,25,Alta,58.98128994767691
29,1.839736850674812,16,Alta,81.82845787145448
22,4.257197914070148,36,Baja,93.2717155462656
25,2.8155938330140824,37,Alta,86.67125913211748
22,3.313824124185622,17,Baja,81.7602232006322
24,2.409571351836499,6,Alta,84.64275864193081
21,2.9226031390506124,39,Media,84.82227777030543
28,3.1333190662344235,19,Media,95.97395353287595
24,2.6907669756983514,21,Baja,76.57358769568025
20,2.9750591453791,36,Alta,80.35314372856354
25,3.460060023513789,22,Baja,83.41804492529192
20,3.044486894295337,20,Media,70.92072692587229
24,3.161197110305716,36,Baja,76.00518629211777
23,2.0456702136957086,34,Baja,76.67963830204468
26,3.0913296356214404,12,Alta,91.56619401472113
26,2.7753728003049383,39,Alta,100.0
24,3.76039673325562,31,Baja,96.84071846071629
25,3.092976151036282,23,Alta,87.3041846845884
24,3.7620563807693417,23,Alta,84.61389104262824
25,2.9676360516035185,20,Media,78.73242967322946
28,1.2702900325725373,14,Alta,68.60522501448759
25,2.9217731733316397,7,Alta,93.23750644458644
29,2.490359396074492,16,Media,94.12944574605388
22,2.6317232780453317,22,Alta,95.46164440114225
29,2.306688239958766,23,Baja,79.13313586709306
22,3.8302042985111315,29,Baja,69.55191560899254
25,1.946802583462651,7,Alta,64.45677700530459
23,4.282462321035474,32,Baja,65.294495776076
26,2.468958700961965,38,Media,92.9764495809464
29,2.1566212190702987,31,Baja,75.197055403203
26,4.005032071424504,21,Media,93.22897340990842
22,3.4455991534412265,23,Alta,89.38393067768776
23,4.387626858587867,25,Media,83.9729099200082
21,3.510813679476528,31,Alta,85.48469178967622
27,3.858150296440167,26,Alta,81.34754010678448
21,1.9468571690208938,14,Baja,83.26946411156526
21,1.2565367519446393,5,Alta,94.41198195261563
24,4.25579661633437,14,Media,85.67317471473137
20,2.9843297239538322,5,Baja,60.03917657765897
22,3.5409090681442073,12,Media,88.86664001604746
23,3.3292987135501138,7,Media,91.77097383484784
26,2.782789038511976,13,Alta,99.91676034969211
26,3.7928016658307855,33,Alta,83.08370495161977
20,2.9546524542058976,9,Media,83.3881306688009
25,3.0477221344174312,37,Baja,91.4027309420516
19,2.5118127660877847,36,Alta,85.65905683338927
28,3.3164761595161787,8,Baja,99.22895735427568
24,3.0033451502377084,7,Media,79.81084753435155
28,3.235356731050756,10,Baja,84.24491439703428
27,2.883201136198299,32,Alta,88.5032355426416
24,3.0735185706687695,7,Media,87.09419566149384
26,2.2588643335239653,18,Media,89.48520552477062
21,4.338033311496895,25,Alta,97.72804898515079
18,3.3639162376892022,32,Media,83.41455631096126
24,3.250884593869196,6,Baja,100.0
29,3.3475777229852843,10,Baja,93.63327928417581
19,3.5660370886589474,8,Media,87.84033773877445
28,3.287967275061244,30,Alta,77.8507883285113
19,2.346080179182702,25,Baja,65.1068654352846
26,3.707789086763944,19,Baja,83.09023286811959
20,1.7208633829600468,29,Alta,88.47579338861546
23,3.2431620707584305,24,Media,81.80891042274662
19,4.044009016724616,37,Alta,95.05513375902741
22,4.756772388591813,35,Baja,79.45658228910364
26,2.5554374373317312,21,Alta,99.79646358719748
24,2.652050300886975,28,Alta,90.19511499205196
23,2.9956301273671953,23,Baja,81.74464022376513
27,4.280309746650859,27,Alta,79.98796986887905
19,2.1254425212774155,39,Media,100.0
26,2.3107081612466778,35,Media,75.5742261605717
24,4.536297284191855,18,Baja,87.21227663890187
27,1.2587858729740453,21,Baja,98.40974127132526
29,2.7237244244881706,19,Baja,77.54266490138332
29,2.8729468051521625,24,Alta,81.166726152106
19,2.0662726190946894,25,Baja,100.0
23,2.776735297392701,23,Baja,97.23519768445652
29,4.345932415508908,35,Media,86.92961597023258
29,2.5788212163204935,9,Baja,91.46726644603956
25,3.0193213630914055,35,Baja,71.41659465059996
24,1.182743068161034,26,Baja,100.0
24,2.147474190462843,7,Alta,74.1214386547167
24,3.4186970083959163,26,Alta,98.14567199137502
27,2.2063947230694123,9,Baja,84.36733491089186
28,2.375289194762087,22,Alta,75.10032375490732
29,1.0896180207216277,19,Baja,89.63794269669624
19,2.355194184988558,7,Alta,81.70048305290625
23,3.1418145149178778,8,Baja,65.0234014738546
18,2.706608567833728,19,Alta,98.38879746158676
27,1.2981607914104554,38,Baja,82.10705977329212
24,3.6785448308142668,26,Baja,86.0274010254373
22,2.7334051470055645,14,Alta,90.70891594313248
23,2.262062766291569,28,Baja,95.17200704637558
22,2.5697577357802164,18,Baja,80.21464154210527
21,3.605544314480941,21,Baja,76.69471215555753
21,3.3345874742839063,25,Baja,85.94643959346106
24,2.6414947485553726,32,Baja,90.76192760311406
29,2.6019574721178325,6,Media,87.16401984414037
29,2.5982670856777004,11,Baja,92.67584379043588
28,1.6927554292095734,9,Alta,83.87847848696866
18,1.7997368719976998,16,Media,75.24541748814477
19,2.9103207889021365,5,Media,82.4929849169518
24,2.622986611996308,29,Baja,95.31867314004326
24,3.034228896419409,7,Media,100.0
27,2.8746423441847146,15,Media,81.19199154091011
29,2.5897362798166563,18,Media,83.54499096144377
18,2.5298580145319427,29,Media,81.70968193662118
26,3.889602431615916,34,Alta,78.49882498110003
24,2.9694576957860193,30,Media,68.7215167315799
25,1.8618440359556288,21,Alta,84.90673511652054
24,1.4965749268662398,18,Alta,88.27267066742426
21,4.1260172283926115,32,Media,87.34248006126703
27,2.0490539681035824,35,Alta,86.79596697502134
29,1.281687039146834,14,Media,83.43481631895446
19,3.687123663854667,17,Media,87.46350820109403
20,3.220799774426525,16,Media,82.63829981094418
26,2.704961573671236,13,Media,62.905603569565876
18,3.2112392077535423,22,Alta,69.98780372976736
22,4.087060568796328,30,Media,87.75174237832424
27,0.5685599156664094,10,Alta,93.67837889036917
23,3.1857666714806863,39,Alta,87.69648244392259
24,3.2481232505772177,6,Baja,81.92882629839652
21,2.8969973870692405,6,Media,84.68100866033
27,3.758087938402819,13,Baja,89.33154756909909
24,3.370541672848354,22,Alta,92.45459355688135
26,3.0148406677094792,17,Media,91.0594783323596
18,2.2602673495217767,8,Media,93.3090627882169
21,3.856900064963834,8,Alta,91.75548226866844
28,3.242595893491864,34,Media,87.27140270143427
23,1.3235046412307752,11,Media,100.0
25,4.118484067891716,39,Alta,95.4422139860508
22,4.085737421529513,19,Media,79.91454721605042
20,1.6078609782470092,25,Baja,93.57829106175807
24,3.150230029959212,17,Media,77.64523266508353
28,2.0450153228793018,21,Media,77.83136980939999
20,2.9188919034187055,36,Media,85.17811130402194
28,2.6150292137266886,14,Baja,84.10253589423337
19,3.9524478889495906,22,Baja,93.92148861883227
27,2.8692763569447797,20,Alta,86.34291071480075
25,3.333495879938426,34,Baja,100.0
20,2.6571824665191266,36,Baja,87.0388303229547
22,3.897116338763179,31,Baja,88.56827426250486
25,3.9205481825875177,12,Alta,100.0
21,2.929462921182844,5,Baja,100.0
26,2.3460910878144423,13,Alta,70.96275899458621
28,3.2889138631921986,33,Media,81.12062591355237
19,2.686638519885256,33,Media,86.24257786618743
22,1.5405111779542764,6,Media,78.42819166095836
22,1.8248522519502413,33,Baja,83.6634916024983
24,2.374954804135315,20,Alta,87.72121543086547
25,3.25202929556035,5,Media,100.0
29,3.798768747272647,29,Media,83.5241682330837
22,3.2135689511987673,28,Alta,98.78489071929994
21,2.402901088190722,17,Alta,81.65712508293512
24,1.9458667765821396,16,Media,100.0
22,4.559754043969711,27,Baja,79.53415498535624
22,2.6763189245962713,34,Alta,74.31025400193228
24,2.177634167481644,28,Alta,68.3765708560765
29,2.3687355316288463,17,Alta,100.0
23,3.5977973082368337,30,Media,95.79409752641178
27,4.01375704436855,10,Baja,85.75064356560283
23,3.188379494665415,30,Baja,86.9935287086419
27,2.6400050208582817,17,Baja,94.46511623751009
24,3.319784051067617,9,Baja,72.57610418943652
20,3.6368193770885653,9,Alta,96.78858077450045
18,3.0117162492727934,21,Media,95.6138158233904
24,2.73546079481848,7,Media,77.44620142924452
21,2.6599974219428075,34,Media,72.50041974221183
19,2.8916590617867897,8,Alta,81.43749293296361
22,2.4129118909455007,20,Alta,86.38663766923955
28,2.6890689858549375,7,Media,63.706746461968365
19,2.9656378996727275,5,Baja,74.03523291538865
18,1.8767138230576326,6,Media,70.57248666835467
18,3.221949953467165,19,Media,80.1074176507508
25,2.634304546914516,24,Media,90.17272229037737
28,2.6852699819775925,21,Media,79.99515018818805
18,2.727321309263202,28,Media,93.50017795157503
29,2.8178999915606378,17,Alta,74.33991223692136
27,2.7989370709376,26,Baja,82.05565315269438
21,3.258186777669031,12,Media,90.1917162934828
19,4.589199566983552,17,Alta,71.62712690657088
22,3.813813603545191,19,Media,73.70311782470883
29,3.5465260007549255,7,Media,68.7935293192097
24,2.0856625113359404,27,Baja,93.80698837592269
25,1.1829662838208768,11,Media,85.86171406527747
25,1.7490711445929676,26,Baja,81.66576036415114
28,3.1445345280373997,29,Alta,75.74941553955554
20,2.1460885721669056,39,Media,73.14650165764839
21,4.129070898785991,35,Baja,90.6386546462762
20,2.4788125542000303,28,Media,79.97494758462432
27,3.8280716407062334,14,Baja,83.5986536282185
19,4.261795332456604,14,Alta,93.75252003968563
26,1.6757349276323308,29,Alta,81.87984746530066
24,4.113387658743745,18,Baja,93.62522307246661
22,2.5217293794479083,12,Baja,84.51029654489513
26,3.39696794678917,35,Baja,90.32703766403307
24,3.0264698770233767,24,Alta,89.67201101764164
21,3.2769428506852893,8,Media,87.72831431485037
28,3.0986703859409803,38,Alta,88.92364694507474
27,3.3734222079199148,30,Media,87.22185962508296
28,4.231723256568927,30,Alta,78.2848893144845
20,3.5735180348101023,27,Alta,72.36147140636703
20,2.9858395714227197,5,Alta,67.41678148616091
22,2.9857196812263638,21,Baja,88.63164963874236
19,2.646387802220833,25,Baja,74.38072236469901
24,2.8868652151431933,33,Media,78.48863507763404
20,4.401439708636764,26,Alta,63.44569471537228
26,2.485960134213099,9,Media,80.70820853067222
27,3.1888177194923193,39,Baja,90.11902895003374
22,2.7155607738886554,28,Media,82.57585123378992
19,3.4073672885811805,25,Media,100.0
18,3.7647997762206398,22,Media,82.59870232706312
25,1.935585848591404,11,Alta,77.28497952806917
26,4.758900365905902,36,Media,93.22758859345919
26,2.596365903430733,30,Media,81.7877349572268
29,3.4599495697779954,20,Alta,91.72916940858376
28,2.353339994600307,8,Baja,79.5902119431089
21,3.8057321775841686,30,Alta,100.0
19,2.2709657595198394,37,Alta,85.64086842574687
23,2.17881528282885,36,Alta,87.0269118756115
23,3.8058627259737356,17,Alta,75.09556579936744
23,3.619766812467747,37,Alta,84.98340446979651
29,3.4059368938923744,11,Alta,86.26651597589873
20,1.8896504526967661,13,Media,71.01082304423943
23,2.5048009580435435,31,Baja,80.69339952633311
28,2.861272560424745,15,Media,81.64697511476443
22,2.7898747735311407,29,Media,61.57209518081977
29,2.2438593917173857,5,Alta,86.42981963085305
23,2.8914905037263874,8,Baja,87.41919560457686
20,2.3614450052897604,21,Baja,83.84840433289509
26,2.214195638558428,29,Media,80.3273601847111
19,2.518618571097114,37,Alta,60.334901708959876
29,3.1545790044370854,12,Alta,69.9517384511287
28,3.448814948374779,7,Baja,85.5925132486572
19,3.1630984870965455,25,Media,85.7675879164496
28,2.149892273278185,10,Media,87.93462604071459
24,3.4766267335919223,16,Media,69.6478675676361
27,3.4098196241296517,7,Media,81.02144594933233
23,3.334508103773265,21,Alta,90.67512742188163
23,3.311552074440916,26,Alta,65.78646801427837
24,3.1120299831877305,8,Media,80.72164936572733
27,2.1692809072385435,16,Media,98.64466703267426
27,3.017800467267756,34,Baja,98.64220748938314
27,4.1143206808387625,14,Alta,90.48552831917578
22,1.856589479630589,17,Media,73.33147341124122
22,2.3048604785902405,22,Alta,77.03646562123105
24,3.149460991145993,22,Media,68.72596219308457
27,3.5114093614228143,8,Alta,79.02830460551353
22,2.267304621854068,27,Baja,82.68672390932545
21,4.662718477593007,9,Alta,92.5541569896147
23,2.2753722777698395,20,Media,97.52986239817879
27,3.3889627746645483,18,Media,62.75521569165787
20,2.0618460866056267,10,Alta,96.27870004399385
28,4.771797562804675,25,Media,65.80049075960744
22,3.5014854177921912,27,Baja,82.51800956953265
21,3.378955453025689,9,Media,82.94565285169823
26,3.218133696910813,33,Baja,84.73234888530642
20,1.4712507442192466,11,Baja,89.21556521142023
28,2.1238407042044725,23,Alta,79.53650605453228
22,4.042054570701363,29,Media,80.03221418372863
28,3.547245195642522,28,Alta,82.656578296904
26,2.7063137371553685,28,Baja,72.17111070440912
28,2.7335764445720536,19,Alta,100.0
26,2.2204898104138104,32,Media,92.5777611848596
24,2.6145994027054504,30,Media,88.92993293047739
19,2.7794743759921126,9,Media,84.56058715437037
18,3.010509367884575,28,Baja,85.4533936333455
24,2.238076708392593,24,Media,80.12447984084274
23,2.833878826013606,35,Alta,85.04502546138775
18,4.120680654343891,37,Alta,98.74917016234629
18,4.177863901764467,23,Baja,90.16789638270014
19,3.4778276368988905,11,Baja,92.18536341733592
18,2.0344045297009226,30,Baja,75.19371855498787
24,3.4586610441330703,39,Media,87.39341736940514
22,3.1272770628351263,26,Media,75.02501525111748
21,2.6098433222719097,10,Alta,88.2667622375719
29,3.2969663951788952,17,Alta,80.63229903326311
25,1.9306613671559123,19,Media,64.74427386190307
18,3.6010299649898196,33,Alta,87.781729701968
26,2.867511718077189,24,Alta,100.0
25,4.209933415518666,11,Alta,79.18190128496389
29,2.729530561029112,30,Baja,82.06542562522407
25,2.6342859775377634,21,Baja,70.06786030864497
25,3.0281575361439947,5,Media,88.06563880742523
20,2.2816061543398978,6,Baja,87.68756842804093
23,3.9490238989479836,5,Baja,95.49168778628153
21,2.4671662751445504,11,Media,86.05325048443574
18,2.505573071285263,16,Media,87.61886959704363
21,2.173529570741746,16,Media,76.98973683669261
24,3.6626540528124902,18,Baja,75.28406441319707
27,2.1259814556924845,18,Media,78.74458789199699
26,3.2311827653431573,32,Media,92.1352755168095
23,3.0322400889738783,23,Alta,86.03227627098315
20,3.417635804020851,6,Baja,75.53423044912326
26,3.3749237042208433,16,Alta,95.05401506632296
24,2.8343168033234636,39,Alta,83.38157485445734
21,3.5330813510088066,16,Media,84.90395270033639
25,3.1669920539283134,23,Alta,94.32677435808996
28,4.269869236066924,15,Baja,85.93836086057962
24,3.6029436415705742,24,Media,87.69016172844901
21,2.205627015449099,21,Baja,98.37846475602879
22,3.5719923869663854,26,Baja,79.1865354279137
24,3.31744760160092,27,Alta,89.47802313162782
22,3.813312478959213,32,Alta,100.0
29,2.369250963548457,15,Media,93.88738374358478
21,2.1988068728401817,7,Media,100.0
27,3.133065593515796,29,Media,77.91766152413888
29,3.4225423016854277,12,Baja,88.1752528275242
29,3.928597055608562,28,Alta,70.99262664203538
27,3.116189991434359,7,Baja,72.52940806206722
24,2.6979758359474717,13,Media,84.26417669018282
22,3.228556430674513,11,Alta,80.75141119468339
21,4.016651611702152,31,Alta,81.45642443892889
23,3.054758580471292,26,Media,67.64024801698675
20,3.741839851804175,28,Baja,84.08621515006129
28,3.925828588020639,16,Media,86.99430966034022
22,4.5864752706916185,28,Alta,89.90025631775244
25,3.453714785443545,36,Baja,92.0529007466716
26,3.1379741980898195,20,Baja,79.90350870097606
24,3.106001961470517,12,Baja,79.99294877591538
18,2.8347515138385093,33,Media,95.98839004763975
22,2.9171072794817587,8,Media,74.29061023187676
18,2.806963101286394,37,Baja,89.06432485112686
27,3.8557383089759663,30,Media,67.11325267231575
24,2.4102120187164955,30,Media,96.5118178211547
26,2.812142060375889,39,Alta,72.70090553376218
20,2.999201266430305,29,Media,67.63429244994533
19,2.5263061112449967,12,Media,73.09335195044217
21,3.264017582818028,19,Alta,92.40927109516005
29,2.0688733131166543,27,Media,77.27922998966875
25,2.6538817236283747,20,Media,80.09183017873993
18,3.347414069949007,8,Baja,83.83014443126719
27,3.1206874421386375,14,Media,78.6148444398819
21,2.1674318740563026,18,Media,79.96003910035937
20,2.780193495853374,24,Baja,83.17742239320197
25,3.5455285252933457,28,Alta,78.85716792360711
25,1.969738784453207,34,Alta,76.09967539136306
28,3.716555346833552,13,Baja,90.08072987675244
19,4.068730437695723,15,Media,92.46726033395016
25,2.292898652970403,13,Alta,88.2966766316461
24,1.7331120326135268,19,Media,100.0
24,4.128654360123056,28,Baja,97.70939864255108
19,2.3296497332684845,35,Baja,98.02110320021941
19,1.9922432076383796,34,Media,85.16611974274639
22,3.9723778756283594,23,Media,75.77487434146867
29,2.7254666379348516,18,Baja,77.02552578421968
22,3.0925657794221646,19,Media,77.1992786151087
20,2.807804261206343,12,Alta,86.16289754141653
28,3.208474668781052,12,Media,67.54286239021741
19,3.853580049093895,38,Baja,86.11415618893065
24,3.054317326121471,5,Baja,94.84767196387115
20,2.038497153523365,34,Media,87.6353778356048
23,3.2444682146305133,21,Alta,87.4008989190013
26,2.775629130984939,10,Baja,86.16926571406114
21,2.8317249978843293,12,Baja,77.90736005611426
20,2.728836250396447,39,Alta,85.0754864189132
24,3.461063490675683,16,Alta,93.94365186577237
19,2.9402632776592044,28,Media,99.9599654144495
23,2.507119126696507,16,Baja,69.53370617586117
18,2.4354086411568225,5,Alta,76.99734131655639
20,3.4426285307508806,33,Baja,92.16377378947955
26,2.8860200104117393,8,Media,99.52064941451104
25,2.5285674506379694,18,Media,66.47601009637863
22,3.0593362612083683,39,Baja,87.79444283313461
25,3.256307230855416,8,Baja,75.32934412970356
18,3.880598011080423,23,Alta,100.0
19,4.471857242285578,9,Baja,83.41382260720938
24,2.780218881288012,6,Alta,82.52219715379589
29,3.118139927609388,13,Baja,68.63520546318699
28,2.763615152232972,32,Alta,86.79397837774593
26,2.776141854910393,17,Alta,91.70975980954984
29,3.2042678632858017,27,Baja,93.15848360811069
26,3.964282180562895,17,Baja,90.27426074440946
25,4.575106084119132,39,Media,84.57635781461838
19,3.3036434177482543,14,Baja,87.39226797756909
25,2.7440946795130814,24,Baja,70.15887222546564
28,3.065777442275685,27,Baja,74.0617594091944
21,3.676554761323925,17,Media,78.35576622731176
25,2.60775244304428,15,Media,79.10740283852365
24,4.149368622648899,32,Media,84.4700475082885
29,2.521855629249325,7,Alta,86.4270080063562
24,2.9436535350936213,31,Baja,100.0
18,4.115960867124757,25,Media,93.49842145567044
29,3.101026852908838,7,Media,67.60127838888837
24,1.568412307028494,39,Media,88.75475390889349
28,1.2710788360381275,18,Baja,94.70368031285942
25,1.7487929290315845,30,Media,78.28852568612304
21,2.8688732034046,5,Alta,90.90338769401211
26,3.9271559117856016,14,Baja,93.63239324001381
27,3.532089828247709,33,Media,75.88906430186422
26,4.31966171434652,28,Baja,94.13449128681303
26,2.582721503193572,18,Alta,94.91705047313383
18,3.5405301327514844,29,Baja,82.71610274555293
18,3.733369177007894,34,Alta,86.72995854557497
29,4.811596763990913,13,Baja,93.58513346371882
22,2.216131935879811,29,Media,90.36542740369931
22,3.6003382709989022,6,Baja,86.59000963249761
26,3.5785715249884116,14,Media,96.00039429398524
27,1.770861367371241,30,Alta,86.35033773651692
22,3.543001086777562,31,Media,93.81053802840813
25,4.069297476472116,30,Media,83.82659373010665
29,2.3416019007247213,33,Baja,76.15979400578703
18,2.877544401139773,15,Media,84.09701291063423
29,2.4608676360668293,19,Alta,90.14844898928858
18,2.6647819189141235,38,Baja,78.50559746398059
25,2.883456377187499,30,Alta,81.71680607957433
26,3.7508575320191087,26,Baja,89.80359028075947
18,2.3919888911661613,38,Alta,100.0
25,3.736675040729478,36,Media,87.95601204574591
22,2.602974027427667,26,Media,91.27433473461113
23,1.9285992590786512,39,Alta,65.09473758661598
29,2.6978587371333633,6,Media,81.70526225673612
27,2.3280623544538654,23,Media,79.66759490367716
20,3.888030841280038,32,Alta,79.28180066899884
20,1.629938154723781,15,Baja,81.32895732274214
25,2.5649262849725374,14,Media,93.64350431273246
18,2.3770600922552814,8,Media,97.99873536563786
22,2.8383362201474354,11,Baja,82.70200579560353
22,1.9732218920947933,26,Baja,74.19731355624486
27,3.242429710117825,26,Media,80.19312388500997
29,2.595884822398116,39,Baja,87.49729709273984
29,3.2413295198036636,22,Media,100.0
27,4.572827198717537,22,Media,80.84230186154707
24,2.6668084355344894,29,Baja,66.97337654012591
20,2.688061667087583,26,Media,94.68694398393907
20,2.9879438889585166,27,Media,93.96685897547593
20,4.411506328645503,32,Alta,78.64112473030892
20,2.510983992211804,16,Baja,83.27558503462711
25,2.7785769196799124,24,Media,78.75329562720822
29,2.9713446249702162,5,Media,90.66872344675895
26,2.941912220443252,39,Alta,100.0
26,2.6135774036799386,20,Media,82.67368002680833
26,2.7618002580314256,22,Alta,81.06048752745603
21,3.049660193775099,16,Media,83.71583363670696
20,2.4624577973192014,16,Alta,87.42471110548588
24,1.8574692350491977,33,Media,91.83713364406735
18,1.9073319026087892,22,Media,78.30643434878756
21,3.097090275462786,31,Media,87.92967813374901
21,4.011307136054642,10,Alta,85.75388970165112
26,2.486395799030632,33,Media,92.43304287489688
20,3.1080040144824665,26,Alta,65.05560536467263
20,2.4185767430717346,6,Baja,81.22527286431477
20,1.5208073157514668,5,Alta,85.00788449969941
29,2.744240678278171,27,Alta,97.27804481656688
27,0.8258592742443835,36,Alta,73.52210456734397
18,3.4746485285110142,34,Alta,84.87910085680289
22,4.731730335724965,6,Baja,84.99562275403804
23,3.6438428341008544,11,Baja,77.80290670438424
28,3.1846590709989497,26,Media,94.38224172752551
22,1.8462214842223437,29,Baja,80.49698003094448
26,3.4328931312754962,32,Alta,94.43826022439005
18,2.00229900997826,7,Media,80.62460515812066
24,2.347466958951388,17,Media,98.84753866929877
22,2.9666444611049783,38,Alta,71.0877658218828
27,3.054942382140713,5,Baja,80.07825710739313
23,3.5020576693040373,20,Baja,68.07175981598505
20,3.5852484827770867,11,Baja,82.17449019462123
20,3.7578769481231684,28,Media,67.16579958689108
28,3.867982858461993,11,Alta,85.40546833293564
23,4.4305365246835695,16,Media,78.44362115346512
25,2.068108750501853,15,Media,95.72853726163747
25,2.1361989496032,11,Alta,84.0800636070893
21,2.6650489301260034,10,Baja,75.56672652591945
21,2.356189879856765,13,Alta,78.55309574835812
28,2.426433617526226,21,Media,92.23712053229762
29,3.758235559599854,9,Baja,92.5031592639926
28,3.566585914347913,30,Baja,86.61812932787555
25,3.547870832842968,28,Media,90.49582823105867
26,3.2190680625212558,29,Media,100.0
18,2.7544493885789416,39,Baja,100.0
18,2.8369762346899727,30,Media,95.68661417289792
28,2.8575083891801327,19,Baja,100.0
23,4.40702346056997,17,Alta,88.86951777119747
22,4.68053526254883,24,Alta,78.33173417146455
21,2.6335192502274123,38,Baja,80.25650180286543
18,2.06880038115194,38,Alta,90.71275165960574
23,2.9147957687083323,20,Alta,84.11525145025024
19,4.449334883805277,8,Baja,67.99222329327662
25,3.8549432057208577,39,Alta,85.93901686159522
19,3.4768126268227766,18,Media,83.50823340179896
19,2.704807267117329,24,Media,85.19289747788964
20,2.31564746301365,10,Alta,97.47927576008036
29,3.336118230990077,30,Media,71.39371361891855
19,3.1021595978060823,20,Baja,90.71014567885226
21,2.2694433707335273,13,Baja,82.07568483660438
21,2.820159965220118,33,Media,93.61155794924329
21,2.434526750588757,29,Alta,88.8281005371611
21,2.901856850595699,27,Baja,72.82822181805774
25,1.863196488582861,25,Baja,100.0
23,1.915484789509938,31,Media,72.77590477162524
18,3.8880618311022865,18,Baja,87.8523458870607
22,3.2536145787437776,7,Baja,87.71160550729748
23,3.4855705046298464,29,Media,83.99107972436627
19,3.3330105011399445,34,Media,68.56828543829486
28,2.530251870401472,17,Alta,86.78318285294822
18,3.377604035401507,28,Baja,100.0
28,2.9407802589769285,24,Alta,85.10259341534368
29,2.920493718003362,29,Media,83.28768162217692
20,2.5616701776841126,39,Media,90.16907913144256
21,4.476189246437924,23,Alta,69.66129092153136
18,2.3868400059853063,10,Alta,77.25817019887131
26,2.9281381985977846,24,Baja,90.02139822678106
18,2.896825760633989,15,Alta,88.22426684086543
19,2.2146226213245157,22,Media,95.32791843475212
29,3.3380817268654783,39,Media,88.93926930274296
22,3.2707001665595343,30,Baja,94.45305010510106
22,2.6992400289062637,11,Baja,82.90330088365833
22,2.2679805939718025,38,Media,100.0
29,2.3469374763698454,27,Media,86.5548065277729
24,3.859277201739298,12,Media,97.68080935537782
24,3.8442032083300193,35,Baja,54.74381930825193
29,2.1403326772554916,32,Media,85.65060147867538
19,3.8217625998053606,39,Alta,79.47453611649274
19,3.248465700155463,7,Media,91.1524916747683
21,3.1948901907286777,16,Media,57.094380361094565
21,3.25967142767235,34,Baja,99.65962338816436
27,2.040091412019626,7,Baja,72.2890360271691
24,4.156134361383769,27,Alta,66.23221280233804
28,2.968339988636393,39,Alta,74.69554125507335
29,3.075299738496759,34,Media,96.04978003344407
18,3.2291944798955114,11,Baja,93.84911452922114
18,2.1188148223844414,8,Media,88.77205155300462
18,2.6153990298062615,29,Alta,90.28838123089993
23,3.9476493677765205,19,Media,100.0
25,2.4269348039293788,21,Baja,77.27495013668164
21,3.126499023393843,35,Media,79.62518269504855
29,2.1998077830311895,19,Baja,100.0
26,3.464886634763989,31,Baja,89.6241697161689
27,2.101173628873324,8,Media,75.02693890671245
22,3.1026272122053227,10,Alta,89.21419065598086
23,2.9176615972014313,26,Alta,100.0
29,2.568481483671692,6,Media,98.00705198432708
23,3.3006479800814397,16,Baja,80.89123272183825
21,2.078837687050412,10,Baja,94.54939877550643
29,1.3366362133331229,8,Media,100.0
18,3.38250348569606,25,Alta,66.17959521233392
22,2.8292869609766544,31,Alta,90.33980360856945
29,3.766129826374838,9,Baja,88.58745965245083
25,2.128296964043188,22,Alta,93.31700292790191
20,2.9665126780878945,28,Media,82.81484823111754
18,1.5047023288547672,37,Media,84.24993921716192
28,1.6215402043887348,6,Baja,95.5379958126901
19,3.7551024006351246,37,Media,77.27677750354965
21,3.658826355158248,20,Media,83.70458258798617
19,4.2874116615392515,15,Baja,92.19016521390726
26,2.690295264018364,23,Baja,93.99640361163472
21,2.917255526597752,7,Media,98.0700425349859
19,3.594880448305381,33,Baja,83.91634954674262
23,3.3766658614460203,27,Media,88.13118580843482
23,3.4178833785669522,34,Media,86.0464857214576
23,4.02614495372828,28,Baja,86.19613591979626
24,2.5611272602172117,22,Media,89.419187328212
21,3.0339101021781754,24,Alta,84.12386872022027
21,2.549042221379734,9,Alta,80.61508170151939
21,3.656679375682455,13,Media,100.0
28,2.4983532957278323,37,Media,72.57971336517485
20,3.8502649063093783,15,Alta,73.55902171655134
20,3.283638177394427,22,Media,63.80930461970324
18,3.4216818303786765,34,Alta,78.20752203139301
18,3.5371303172389412,15,Baja,100.0
22,2.379916662508996,34,Media,69.61402053350072
29,4.355714297478852,6,Alta,88.31369605808209
26,2.6594359606344447,30,Alta,75.72379471169235
19,2.8366423157603644,33,Baja,87.52553706630158
26,2.2886732289754175,13,Media,85.57209996350697
22,2.54130520421342,32,Media,98.5761420961599
19,3.120988716246279,7,Media,86.19283687055339
22,4.009259448286816,9,Baja,95.44500716013876
19,2.51727603940996,14,Baja,87.80198748882513
20,3.8079863776638962,31,Baja,81.33483787158737
25,3.3125088701984353,20,Media,79.74839166572688
19,2.119264804471076,33,Alta,85.27275687253794
29,3.9795178379939653,11,Alta,88.01991741473032
28,1.619127558662937,18,Alta,100.0
21,2.813534720144567,29,Alta,92.68946790987194
23,3.060660984282524,31,Media,75.40480267472589
26,2.2589687367683107,26,Alta,86.7777841467307
22,3.952562087115359,19,Alta,86.72999901626433
26,3.979803218199343,31,Media,81.84469035445724
24,2.5837885878206976,29,Alta,84.77087668517308
19,2.7347227581119964,21,Media,87.55287725160893
24,4.130291277146905,21,Baja,94.28240820294954
19,3.9053098712612098,28,Baja,70.69203468882216
22,2.816323033344782,17,Baja,72.49605931320102
27,4.010899440776083,25,Media,82.0039200913301
28,3.6921388175296608,21,Baja,91.40434617188752
27,2.359858661588426,13,Media,83.49388056480716
19,1.2082686402996556,9,Baja,98.35705430559007
21,4.56253561193651,33,Alta,61.59750267465297
19,4.021498740748337,17,Media,96.81487602911872
27,2.0583552798881843,25,Media,80.97822617171099
24,3.1066460621152983,24,Media,84.89426274543305
19,0.5372050002823889,10,Baja,100.0
19,3.552309224263688,5,Alta,80.64965288644171
25,4.718685234436503,20,Alta,90.98295060069309
24,2.2005306861636837,35,Baja,84.0966183341218
28,4.198777675034222,39,Media,66.62255337894504
21,2.1627230145625673,33,Baja,76.34026246029873
25,4.515243290620888,16,Alta,91.75240654362304
20,3.3713226769877185,20,Media,86.27582476479596
29,4.673401474580405,8,Media,67.90238342675437
23,3.2858830286290255,9,Alta,89.19728360399101
25,1.599287138133868,33,Baja,80.54910897803363
25,3.052440474630427,19,Alta,81.43291016298649
26,3.0331356172252106,29,Baja,90.29169716799555
24,2.8326551390051784,19,Baja,88.18337379759629
25,2.2633929646950945,33,Media,100.0
25,2.270986145491988,35,Baja,78.19898128931848
19,2.004812951984659,38,Media,82.78158940351557
18,3.0149777539815683,27,Baja,79.46652074260003
21,2.384965503353418,15,Baja,88.830950547078
22,2.144359023424739,7,Alta,69.73278980464877
19,2.2236590457814756,10,Media,73.05492977447571
21,1.993941034603927,6,Alta,98.52770958136028
27,2.304087995589269,9,Baja,83.92954015505133
25,4.0135919940910165,18,Alta,92.64167925850268
24,1.741581913476635,18,Media,80.2653507843665
27,3.3760256015224055,27,Alta,81.00717466638902
19,2.12385861995272,20,Baja,89.60331169968427
19,3.5147317889123313,32,Baja,84.19067136079417
18,2.3169669068769245,37,Media,95.63835070920481
22,3.795315339198238,31,Alta,74.28803443355696
27,3.491459181471252,35,Baja,75.64174816531236
22,3.8663851129114084,31,Media,83.65681581969335
27,4.075495095621253,14,Media,87.67097690481144
27,3.221066253158461,28,Alta,88.26778030463949
19,2.9638213341791837,7,Baja,100.0
26,3.99681323807867,26,Baja,76.14805945332151
19,3.4064514338529763,31,Baja,83.35953251563794
18,3.2648075046410607,12,Alta,78.80332618328413
27,2.717859949785426,18,Alta,82.07204019161749
18,1.9156888561570886,5,Baja,94.93300593648331
22,2.638078667036373,35,Alta,86.32639049493125
24,2.9623047781091194,16,Baja,90.40786574603568
26,2.2702704622840484,30,Media,98.89989171811797
29,1.748221574515754,8,Media,100.0
22,2.716307653240989,19,Media,78.55243277092067
29,3.8473267916389395,31,Baja,82.39930595399947
28,2.694705702649022,33,Alta,79.50465018012324
25,2.637084044995139,15,Media,93.19423886673555
29,3.4126032155992365,7,Alta,92.16089878501835
28,2.4822972017241343,9,Media,76.65977457776373
24,2.77584745771002,26,Baja,95.7116247045045
20,3.2990005889776564,15,Baja,84.08298804791494
23,2.392148797265455,14,Alta,77.36934222784248
28,2.2437033646382623,23,Alta,63.22361854668035
26,1.6355624482927673,31,Media,78.4494587861364
29,3.6866785234970627,23,Media,79.56813155803586
29,3.7537036647520945,16,Alta,76.70018498562254
22,3.7309468498979683,37,Alta,74.65630089264046
25,3.4560554529611958,36,Alta,94.28691898749739
20,1.7464725816252047,34,Baja,64.05584047052179
28,2.72960370879385,24,Media,86.38192988662655
21,4.116332871205487,8,Alta,81.04930271926006
22,2.116263575671917,25,Baja,95.61334421669821
23,2.355598597285139,14,Media,94.68783701840637
28,2.8199567510347006,13,Baja,85.22812982797393
21,3.382426211849498,36,Baja,91.1595865068704
19,0.6988551919569965,20,Media,98.89360161766932
24,3.9702988721552943,34,Alta,75.67557569702183
24,1.3566899760478637,22,Alta,92.23093725445513
21,3.1535532110259283,14,Baja,94.6623927941319
25,1.9012462720743282,34,Baja,82.62268013171875
24,1.9615192411155122,24,Media,92.07739550910907
19,3.0862704708728534,15,Baja,90.29490424936552
25,1.6679993338638646,38,Baja,64.5960086703924
22,4.2531693188764175,10,Alta,70.1164948609666
23,2.7990244675835334,14,Media,69.13375288271843
25,2.5879780874591383,15,Baja,70.17755294710851
18,3.639846550541961,10,Media,91.92980603705439
20,1.8689192689631817,22,Baja,69.43566177421879
27,2.707334938529273,25,Baja,91.65534535158854
26,2.4237240019703297,14,Alta,83.69292857648709
18,3.0661301582602754,31,Media,92.89889734925326
28,3.3942648929845394,7,Baja,88.72513865097073
24,3.8207475995948528,14,Baja,92.72853354974762
25,2.3311012168554703,10,Baja,97.53314387009178
28,4.024921030521613,30,Media,92.00065196012436
25,2.0221484363162943,12,Media,90.32993860547978
22,3.3341906646592907,33,Alta,78.86419571542507
20,2.321600996354103,16,Baja,82.71429897187666
19,3.7426573048083034,24,Baja,90.22995129628119
25,3.9651099037227304,30,Baja,77.77081464309731
25,2.319949678105302,9,Media,81.07543435280101
20,3.176673533508541,16,Media,88.57490349673118
19,2.126776330922226,29,Baja,74.84372517369104
26,2.634551786648846,33,Baja,93.79662052658354
28,3.4558230937387124,30,Alta,92.85474180805755
19,3.183207492410154,35,Media,84.53852548040852
27,3.840974786274818,29,Media,73.46626904594132
29,2.9720690620903527,20,Media,78.12076562376512
28,4.109059814364221,20,Baja,84.71611657506477
27,2.4645095128145726,38,Alta,90.06063583881816
23,1.5090675891910743,30,Baja,98.06154720523045
26,3.8317290513933173,39,Baja,88.34304287306225
19,2.595003936405156,12,Media,86.02006126471814
18,3.1099828968387753,32,Alta,100.0
25,3.627176654244655,35,Media,96.69951182670897
29,4.359560812316825,27,Baja,79.42149889366404
18,3.138449063438981,7,Media,90.76059354451006
22,3.6844295492511794,34,Media,86.8564694038681
25,4.389999729498099,33,Alta,83.81657292246855
20,2.484121303493483,24,Alta,57.51725772226736
20,3.850076199484295,17,Baja,79.04918304855549
28,3.012965608557223,7,Media,76.20640014885768
27,2.2131782738126926,26,Baja,66.05018010441253
28,3.037986053286594,12,Media,87.28692153225188
20,3.155877244907772,22,Media,77.78534118432452
22,2.7015781814400173,26,Alta,97.9680117207965
23,4.149994737566123,29,Baja,81.99812189409958
26,4.362462499228428,35,Media,83.74263304892592
19,1.7291103296606423,19,Media,92.62017974396466
19,1.7618571193418935,15,Baja,61.51760550975713
25,2.1674915745104233,37,Media,92.33040848207123
22,3.1069587821837352,15,Alta,71.28243441478209
19,3.8331585507117127,14,Media,100.0
23,2.9780563586891615,39,Alta,79.37172855947547
18,2.2112261896905197,26,Media,75.56160612398688
25,3.858638883990462,11,Alta,82.4424413922814
24,2.713076459533187,11,Media,79.93734750053956
28,3.123571762312539,31,Alta,87.80676681861937
20,2.919498633877882,7,Alta,88.97583470196918
29,3.607255246791023,32,Alta,92.98146765600424
22,3.9206223193928618,28,Baja,79.39604977949874
19,3.4294455808202526,23,Alta,81.96551188323234
22,2.4322705804557243,16,Media,98.58421901035909
18,2.8533778686335878,32,Alta,85.4031855265961
19,3.461218277241001,13,Media,82.68238106119487
28,2.8786186817951123,38,Baja,83.00230819027159
28,2.696978551912212,26,Alta,94.85464770031702
20,2.535322973570014,18,Baja,84.53332918169832
29,3.112532233034322,5,Alta,94.59364591189029
18,2.839199377672303,23,Baja,79.50135283736618
24,2.483487863941149,18,Baja,80.83079794599115
25,3.413958642554285,16,Baja,69.48118026698953
27,2.048362757379303,38,Media,78.49765327401018
20,2.981333219224436,14,Media,73.6459657466876
26,3.192931848776219,8,Media,87.24419270093551
25,3.556867920475388,35,Media,60.605175949823234
25,3.57782616283947,37,Media,83.58786722476906
18,2.0473151414198734,25,Baja,86.40888475944115
28,2.382891860196933,13,Alta,80.86024384482353
28,2.866844983327998,16,Media,77.57967599033253
21,3.864485891314095,32,Baja,84.74011487613734
21,3.145824548819987,14,Media,76.58188829043338
18,3.500921459746669,29,Media,69.20170261751713
18,2.724485038814554,20,Media,85.92790058237756
27,3.500727795233062,16,Media,66.21739388592101
28,3.389877466708672,13,Baja,93.57485513309939
18,3.0090124266250977,9,Baja,81.82049041093748
28,3.295839970362334,17,Alta,90.40280780472749
19,2.0630843682700055,23,Media,85.37221343602658
23,2.0936075190829797,18,Alta,91.68375350723615
25,3.619227362373439,23,Alta,69.69069635593829
20,2.6072312117134366,11,Alta,94.77058956889691
19,3.3195409795305295,12,Baja,84.20906874641723
28,2.3671823120674773,6,Media,82.22292077373172
22,3.890939884029772,39,Baja,98.24878874112295
20,2.2603778596043247,16,Alta,100.0
18,1.86930187941558,31,Alta,100.0
28,3.9873812508742064,5,Baja,79.22954116223168
19,2.3896796900763735,20,Baja,81.86390231845185
19,3.1551362700621777,10,Baja,76.59459207451945
29,3.8870357304416085,36,Baja,88.61948869595997
22,4.020845255010247,5,Media,100.0
25,3.3809750238726286,35,Alta,98.76285419884152
28,2.189291797513576,21,Alta,75.10478666552851
24,3.7354866803574214,37,Baja,67.68101633644085
19,3.6579710550098965,21,Baja,91.72169111259693
23,4.006531223609262,34,Alta,89.17880192932391
25,3.685054598996726,21,Media,66.45213711490106
28,3.7087569381420185,39,Baja,83.51390516637038
21,3.440317800774084,9,Media,99.93570311056085
24,2.0057806993475578,9,Alta,74.27252609048085
22,2.6302893259761335,9,Baja,92.59619019281713
24,2.6707036255046503,15,Alta,98.3058027777571
23,3.169059311471313,20,Media,93.69177159417593
23,2.4044755832379403,27,Alta,74.76123649941371
21,2.7783794098925494,16,Media,72.85213983839303
18,3.389952747020968,8,Alta,80.33210132349613
23,2.0400608179855046,28,Alta,70.55081812404285
26,2.845595164862196,6,Media,93.53212332989237
22,4.072847463344612,38,Alta,84.38477112776982
22,2.6353691944278825,7,Baja,86.03504595264472
28,3.4546537482921966,35,Alta,78.50650141398309
29,2.1766146628477694,34,Baja,70.46395227508789
25,2.645619867330364,29,Alta,80.35792524496813
29,3.520879220670864,37,Alta,100.0
23,4.056709374082067,14,Media,78.05723930162883
26,1.9982624737351427,37,Alta,85.39619348232857
20,3.2026836851164058,27,Media,82.28336904214487
24,3.089719679030936,7,Media,90.28572059815413
26,2.9843942732989026,35,Alta,73.31821724358076
27,2.8432803669877256,30,Baja,82.28166529661965
18,4.236602320113427,18,Alta,88.28458376988328
18,2.7455247702982923,18,Media,83.8419994829671
21,2.71941285471482,28,Baja,92.24023811370479
27,4.170028724008924,35,Alta,90.40747225018116
27,3.2724889771283587,14,Media,70.35199643658723
27,3.3858123551182784,26,Baja,89.49552785803516
24,1.8135813411683879,29,Media,80.11441265945872
18,2.9412012579997886,9,Baja,100.0
22,2.8851161491849617,13,Media,77.81664710971476
27,2.5667431739674083,31,Alta,78.48588481458246
25,4.3946396929680525,18,Alta,82.74771886440716
25,3.006677879819365,10,Media,97.00920554942529
20,3.251142688690999,7,Baja,92.1108539833675
24,3.8914227914884827,38,Baja,87.97306408328379
24,2.777376800304296,30,Alta,83.52824087183974
24,4.104723613998819,35,Media,79.55631315557858
23,2.712045984117858,36,Baja,83.21023419641675
28,3.643506705184708,5,Baja,82.3150942166044
20,5.0,13,Media,80.12611331755696
18,3.5027816371640093,22,Alta,69.41573379039299
29,2.652414092589318,24,Baja,74.37156039410976
29,2.876435488341835,25,Baja,97.9577912161702
19,3.03556107082791,12,Media,87.76420585776931
27,3.1865691128231695,32,Baja,100.0
23,3.292722004699232,28,Baja,92.6084099242843
18,3.4311344970225983,13,Media,100.0
29,4.191188348204888,9,Media,75.66863973872566
26,3.693814296285407,39,Media,82.87974700574776
24,3.752998572567191,17,Media,73.93900398894907
27,2.6461877093167376,14,Media,83.84645703001745
23,4.053528572545368,15,Media,76.56791144883336
28,3.020679138472691,11,Media,64.49297933120232
18,3.8647868459330956,16,Media,82.95844022440195
22,2.827456668672094,24,Alta,77.26777307435165
27,4.301372147479098,24,Media,96.8826996964263
21,3.573792432870779,7,Alta,74.73092025171917
22,2.3904158632482955,34,Alta,83.29975214247209
28,3.971292264124079,7,Media,70.24153503849074
22,3.425083120586325,33,Media,91.46239127970154
27,2.7678259701200796,7,Baja,90.86647924035704
23,4.147116962773796,16,Media,79.26825195619901
28,1.9885288167372763,36,Alta,84.95798288610172
18,2.9063238622343466,5,Alta,95.77049203149973
20,3.1955068176933095,21,Media,80.48660811654533
24,3.509363797225352,8,Baja,89.20826073516484
26,2.777468126172469,21,Media,87.41981201599938
19,4.4601162196924875,31,Media,93.51496050514199
27,3.6235472921333627,11,Baja,96.7562179555704
21,3.2881938826380055,39,Media,92.111864301972
22,3.2505931357120885,10,Baja,93.22379380685399
21,4.198311595739849,6,Baja,82.9113686305183
23,3.096536507033277,33,Media,86.64383038241638
27,2.165470586302553,32,Baja,88.55319334551238
20,2.151312054255632,29,Media,88.86083096930095
25,2.5797672731835117,38,Alta,98.11338371665323
22,4.547403202007233,29,Media,55.133525389959885
25,1.7108392690266543,14,Media,99.99823116853956
26,3.349202666602744,21,Alta,76.28444005688952
20,3.9883246597315503,6,Alta,94.46118925591357
19,4.424051098308153,39,Media,82.9099570386883
24,2.6788607792901553,31,Baja,78.486844993326
27,3.0282032503250176,27,Baja,96.18051091079187
23,3.722533333529639,26,Baja,94.88143758484215
29,1.8455637577218913,22,Baja,71.50469103191149
28,2.6010682776831318,30,Baja,99.97662039558344
22,4.175643090970349,16,Alta,86.40134695292056
18,1.797310877448503,31,Media,100.0
27,3.7033639270385947,28,Media,91.5229568119693
26,2.31310618653412,13,Alta,95.94981279692081
22,3.4201583881741713,18,Alta,86.25603442543498
25,2.458990274253597,38,Media,93.39226328376354
25,4.548394811961907,29,Baja,87.39434855838728
27,2.689983061189857,36,Baja,94.57714076603048
21,4.020801838297259,39,Media,50.618959864136414
19,5.0,26,Baja,91.89261128618043
26,2.8215980435052423,29,Media,94.23973973790514
22,1.7776590427907846,32,Baja,83.39958997298736
29,3.439188972415061,5,Baja,81.18640551730536
22,2.3618656592614773,14,Baja,94.80420897543468
18,3.3567542590650623,15,Baja,80.78834294810738
21,1.713254215821812,18,Media,84.91345022249055
18,3.2714957586512026,28,Alta,72.8077095018064
22,3.8159127236558614,26,Alta,75.80163609584527
21,3.318603062668158,20,Baja,94.77070158731821
21,3.1173228667895443,26,Alta,85.0432057091036
27,3.6548061023975054,18,Alta,79.41833574241764
29,2.9727384606580824,12,Alta,83.01855573000977
27,2.63422397012931,7,Media,69.46955505699907
19,2.635103495226101,10,Baja,94.62341056664728
26,2.395883500266234,12,Baja,76.1429250052468
24,2.8179514275198128,21,Media,83.5539614458256
21,2.9963171491358356,21,Media,83.8890540136647
27,2.3031324319507354,12,Alta,75.86331591666747
26,3.7900268727977875,21,Baja,78.81535675851454
29,3.3677896186188683,14,Baja,80.42381394352313
23,3.26695955643469,38,Media,85.24257368294494
27,3.0999445135091133,39,Alta,93.23211148667541
28,3.1973729099226014,11,Media,79.27120042970593
22,2.6407187139512835,35,Media,82.1668189908177
20,3.875465023357953,18,Media,61.148268761772336
20,2.9939925021718574,36,Alta,81.472569194129
18,2.8279836046501803,18,Media,89.28390784685958
20,3.2120649967830572,25,Baja,73.27022075653824
24,1.817427672158514,18,Media,90.55830726687712
28,4.5883307992007225,14,Alta,78.23075482185712
22,3.8953061619546556,29,Baja,96.3077056520409
26,3.1266533290319694,32,Baja,86.51028842254736
22,2.3662243145892425,18,Baja,99.06494374356058
22,2.72588058418494,35,Alta,92.93108602071342
20,3.679257283830851,27,Baja,80.50322961794144
28,3.772097840378759,28,Alta,67.54422712563468
23,2.1610894794965034,39,Baja,61.66768766055938
22,2.858629835302208,19,Baja,84.62762850914093
29,2.3313130689052484,23,Media,85.01196246822464
27,2.2293623173124053,16,Media,82.53588124730676
20,2.9216927769896763,33,Baja,93.54042350683191
20,2.478115313759211,25,Media,90.32598299263645
23,3.3855566664418015,28,Media,100.0
18,2.5335025840410905,16,Baja,84.65176386083844
21,3.987009939798173,26,Media,94.81969111866492
24,3.119415952677898,9,Alta,87.10805608395576
20,2.556393140458569,30,Baja,86.63542486396406
25,2.513482922389314,29,Media,78.77478196359938
28,2.542571092664166,28,Media,89.47510785698876
28,3.0383798207306163,28,Media,88.58298846263905
22,3.0387445625835934,19,Baja,85.26741857360688
19,3.7785280991596952,28,Baja,84.18957085460393
28,1.2164425049069674,37,Media,91.8486108778182
21,3.6166418008123964,27,Baja,100.0
27,3.003389866071314,23,Media,92.10681858525848
18,1.7956592132073936,18,Media,84.9719636224744
20,3.4527398032277867,33,Media,84.47363926351487
28,2.684119000412717,14,Alta,66.48409126306413
27,1.5077109343379027,21,Baja,83.41093525101869
24,2.8277381458295707,35,Alta,84.07292608717984
22,3.6480501226393263,25,Alta,66.59647032055733
28,2.358880183740271,33,Media,90.35344710486466
24,1.8131422225875353,26,Alta,84.26286087835504
26,2.988005549162555,10,Media,78.45197353458848
27,2.398912336018058,16,Alta,82.66893277884922
27,1.167545316961689,21,Media,100.0
29,1.9991395162835972,25,Alta,71.76454839829809
21,3.065889269022225,6,Media,100.0
18,2.417681502370914,9,Alta,57.51070075935786
28,3.0485024850288296,39,Alta,86.76674501864515
28,2.827421007565978,32,Media,81.0104316392266
27,4.566720327119773,38,Media,69.13654164697637
18,2.556654214612695,17,Media,80.20328753512806
29,3.6702912607169083,14,Baja,78.67820469250458
18,3.413698790929948,20,Media,91.36458758362423
20,0.7333596398486351,34,Baja,92.94769763463952
22,3.9922081933792217,32,Media,90.30757791706138
28,3.5153224359800763,28,Media,96.15459612238354
21,4.832448161225177,28,Baja,92.42468377797078
23,1.5442246721123365,33,Alta,79.22166834365606
21,4.201382491476751,5,Alta,91.46704365534204
23,3.6463030000912013,7,Media,71.81305157185355
18,2.4782677845398426,13,Alta,82.06003206309448
25,4.005595407383312,23,Media,80.77570790508751
20,1.782356250264038,38,Alta,91.25057981849181
21,2.9674226923663594,29,Alta,94.59101623202046
22,2.685303815412766,32,Media,92.66552674738278
26,4.015491288123946,35,Baja,92.00787273721677
20,4.000949820381555,37,Alta,76.75873291139085
18,4.891994798188897,35,Baja,82.85361432709767
19,1.928415924368081,16,Media,89.66069484250613
22,2.6535104765822703,19,Alta,85.59512089160049
26,3.3961278732260367,37,Alta,96.68306434481507
27,2.423142273043017,39,Media,94.20222256590591
22,3.7590648294851245,5,Baja,89.58288191413523
22,3.5056156607101605,38,Baja,74.1028898367078
18,3.668267344135509,25,Alta,76.71933569603695
23,2.754422771252922,21,Baja,84.51468110844013
24,3.185331306462967,32,Alta,75.96440153135136
23,2.280571361117264,29,Alta,100.0
18,3.2735978336799363,11,Media,89.02686084720173
21,2.4571158395920305,34,Alta,80.23970992985137
18,2.4304406967815617,35,Media,76.06273097165509
24,3.586279654704998,38,Media,83.57866197594012
25,2.8977895443947492,14,Baja,81.29682987547396
21,2.3835984586226173,17,Alta,74.70159990376386
28,2.4236687865872737,12,Baja,93.1416869940963
25,1.9827691572044484,37,Media,77.03882735933554
26,2.712390674795861,32,Baja,93.151287344452
25,4.655073628248234,20,Baja,91.72225392021555
18,2.0838295439904977,37,Baja,76.95497476938698
25,1.5860783163770704,18,Alta,90.92429251329935
21,4.387644736001047,22,Media,84.25236510289331
27,2.5579879752798163,30,Alta,88.26266998389774
27,4.313260293666714,8,Alta,77.87372862742689
22,1.5421060888126346,14,Alta,82.92315508226457
20,2.593795701374708,12,Media,85.1635015125605
27,3.0151451303155783,31,Baja,91.69279311295146
18,2.0117165728475843,12,Alta,82.07977779823982
21,4.072240317805021,36,Alta,86.14947023568784
27,3.258260203458963,28,Alta,90.47943406661477
29,3.1014545102283617,8,Baja,91.19110312216274
22,3.9419771815841536,31,Media,93.7627441547902
20,3.767701439335131,6,Baja,100.0
26,2.080096137676964,27,Baja,78.06316272049406
19,2.61431925586889,12,Baja,84.75635973489247
24,3.339634304805061,39,Alta,88.78332938763074
23,2.937835101194992,36,Media,79.29594969105554
20,3.12126420450123,12,Alta,79.84446787195841
18,3.021814563319722,14,Media,100.0
29,4.35625842802068,30,Alta,76.16873708290133
20,2.9663799523150525,32,Baja,82.57742882935133
22,2.6285464690287723,18,Alta,97.77412670184668
22,1.3510112991283387,15,Baja,90.51304899368543
25,3.191052228641671,30,Alta,78.93242263355958
20,3.4647133096272915,33,Media,83.98327917425239
23,4.670038880442611,13,Media,92.09543257814849
22,2.8669330441909824,6,Alta,80.37940078768689
27,2.9227981777637155,14,Baja,76.46526510580091
25,2.2397686563195665,6,Media,80.81954642444862
28,2.503666981355136,27,Alta,99.245648691075
22,2.6595935322080493,38,Media,97.88041489956971
18,4.350137606537128,20,Alta,73.90613222561724
19,3.153245026967094,23,Baja,84.86354525697445
24,3.7349451684508574,20,Alta,87.01702533037933
26,4.374830676187013,30,Baja,95.84150896931799
23,3.891988462450998,7,Baja,88.62748392162052
29,3.337313763645645,14,Baja,86.43565729263753
29,3.350643257538669,10,Media,82.4298759308595
27,3.463006526711382,37,Media,81.74284872236056
20,4.30717714506023,39,Alta,98.82875337647316
24,1.8666227902723853,5,Alta,89.8750421373594
24,4.468248753730352,18,Media,80.54413795244513
26,3.5297584411412606,5,Alta,86.23336020468668
29,2.5362789490495463,14,Media,77.56620040506297
24,3.3510337692013037,14,Media,100.0
20,1.6193186193039981,6,Media,83.47465082318067
29,4.10948281890556,36,Baja,92.48685100651808
19,4.319159735512739,16,Media,76.94998563090252
22,3.0674697515180744,34,Media,95.65582863353484
28,3.3051507437029763,16,Baja,75.01584127695666
25,3.3619427632609153,37,Baja,70.57972031647934
27,3.4076455027738874,27,Baja,88.41150975516625
23,3.179563400867128,9,Baja,71.89407691316677
18,3.5872567030127893,6,Baja,84.04719345023888
29,3.159155648445374,36,Alta,83.66459324471819
29,3.3706755817095724,33,Baja,65.83895868548258
22,2.891307726039294,22,Baja,77.81902773873625
29,3.9385494312467726,28,Alta,65.46354505642012
26,3.3390515280700597,24,Media,91.04253336813025
25,3.5973134067821912,39,Media,79.70569310938653
18,2.875364556496987,24,Alta,71.20032730446005
18,2.9133244055706626,14,Alta,69.79016932413802
26,3.172344951937352,30,Media,90.31796257637822
22,3.3064126550069535,13,Alta,77.20828314465713
24,3.75227133340967,18,Alta,93.90264976362006
25,3.623238251433504,23,Media,84.55539637139287
23,2.2980167013205572,20,Baja,89.17084852330649
23,2.735792821526632,23,Baja,80.61128038769428
25,4.119295780350213,10,Alta,82.37266906918846
27,2.534110439638823,37,Alta,88.79366580270302
22,2.990928776115866,27,Alta,100.0
21,2.156288439758726,24,Baja,81.46390278753164
19,3.10505136961642,14,Alta,95.38844211781796
20,3.40269854187932,25,Alta,83.21181709147943
27,3.3458820574076373,10,Baja,85.65896506195728
23,2.380483747861135,37,Media,84.26906884491208
26,3.0811981037149327,39,Alta,90.57728483960935
25,3.0655829093394957,14,Baja,85.75457836387292
22,3.4307061563703014,36,Media,97.2555417240265
20,3.1793193830777047,5,Alta,87.01628324844474
28,2.6634005660926303,31,Baja,99.00043683192277
18,3.206590230885168,6,Alta,100.0
22,4.52931183719798,13,Media,74.42456423155646
28,3.7198220810708724,11,Baja,90.36154074713738
23,3.2085811329895035,7,Media,91.8692923024852
26,2.6302998845757397,32,Baja,90.96256552007412
20,3.146748160028984,27,Alta,83.21079040090616
28,3.519899069898738,7,Alta,71.94850246386393
24,2.122403250556468,28,Baja,97.7089720153239
27,2.761848665769155,32,Alta,81.79040806734835
25,4.651460271275024,11,Media,80.27272022853724
27,3.175492451702638,13,Media,78.55176969606447
18,2.8155388225464266,32,Baja,100.0
19,2.947567114550965,12,Baja,96.04590556719411
18,2.4789614937170876,37,Alta,77.0118564460868
24,3.335639029837453,10,Baja,60.36621475575887
24,3.9216774935164382,6,Media,86.95181439864243
24,4.608198066112524,15,Baja,77.45737707765656
18,3.5511590253658722,23,Baja,92.34168396988879
24,2.4505794430570007,19,Alta,76.50357088262915
24,3.1697159346849606,28,Media,80.1115920728588
18,1.9456178812872988,18,Media,93.21001102168594
25,1.9759551061388883,24,Alta,80.79292400500228
18,3.312690946085172,11,Media,69.95561058819679
23,2.9281953738011097,37,Media,89.79875196479915
19,1.773904149158091,20,Media,89.74784977744096
23,3.262733615395585,11,Alta,76.25396288621758
26,2.0841988821336446,31,Media,83.1790376281434
20,0.947849093837132,33,Media,80.23418812470555
18,4.026852720180128,24,Alta,82.50720295726308
28,3.8731620016930606,23,Alta,92.68145554644
23,1.7193602115935698,11,Baja,79.80778500256218
23,2.479471437715116,5,Baja,73.61823341042029
26,2.704036590294507,11,Media,86.2283142467703
26,3.86852346477641,13,Baja,100.0
26,2.4940047909063248,27,Alta,91.14049091889409
23,3.7903081127195684,22,Alta,78.46082349648985
22,2.721294031846342,19,Alta,91.80007083244277
21,4.270892276917085,9,Baja,71.13618399903301
18,3.459928488160335,37,Alta,79.10173151851028
24,2.9203381143008724,8,Media,73.61461597042047
19,2.0645284138762747,21,Media,95.33450733491965
22,2.5188784268769133,17,Baja,87.84645191118398
24,2.852092000556293,29,Alta,93.01724760018126
29,3.817958135253371,21,Media,79.06630743122027
27,4.18346233216526,14,Media,85.71530686004803
26,2.509585650806568,25,Baja,88.71346388801858
27,3.8546096901442213,30,Alta,58.88836880456381
20,2.1543622639490776,28,Baja,87.58853532507202
26,2.062612650411905,7,Alta,91.14158020408907
23,3.0160464470098867,34,Baja,90.89501281490723
20,1.1999829465953606,28,Media,76.51253169231518
27,3.155771857439713,35,Baja,100.0
25,3.0651472589381075,18,Alta,82.15266124742615
26,2.8625300949233905,16,Media,98.69600991934179
24,3.9030325674079593,19,Media,100.0
26,1.9906930650411676,34,Media,66.72086986265549
21,1.4888095595421003,28,Media,87.21101403369659
19,2.964390308338584,13,Alta,78.23819593593423
22,2.699103384032736,24,Media,82.22303989769124
22,1.6561266658028915,26,Alta,95.9365487435476
27,2.1383733994329073,29,Baja,73.27835184330971
18,3.970554888872188,17,Baja,100.0
25,2.8710080153374147,37,Media,90.75046726246077
28,3.187444670904915,31,Alta,75.14794308120284
27,2.968883799612744,10,Media,74.0676071101434
22,3.567552925646404,34,Baja,83.2761013616802
20,3.740987997090102,23,Alta,90.20773176223639
18,3.9581262943156235,6,Media,67.92944889010762
28,2.3420497584790194,20,Alta,74.14709073883928
24,2.7203466847021027,34,Alta,88.0154863459302
21,3.8040296718641398,35,Media,80.59878832829472
19,4.044557654217097,9,Media,87.74316962543845
27,3.491501237034442,12,Alta,67.7433846308453
28,3.7433503076888583,12,Baja,100.0
18,3.374468845777498,11,Baja,74.00532135583464
20,1.5914849443922119,39,Baja,89.6598038017241
19,3.1979539926186136,15,Media,76.90576749920876
21,3.0165744610017566,10,Media,67.08724983236334
25,2.7170514440691957,27,Alta,81.17956723502657
27,3.541651345247884,5,Media,86.07865700782354
26,2.4572218906696626,5,Media,73.10867047260052
20,1.9784335630287369,35,Baja,70.75571881241787
23,2.3566077195217288,38,Alta,89.4492160395079
18,1.8394029819926074,20,Media,59.49626632507015
19,3.332471601304014,13,Media,100.0
18,3.1191088405231917,38,Baja,89.80073574089154
28,3.0976107848946834,23,Baja,72.77345210990693
28,2.4115446371893503,33,Media,74.58827723115812
26,1.4341467407022916,15,Media,90.05746390118178
28,3.479584794369109,35,Alta,78.00406903278713
20,4.50528620821963,32,Media,93.74632695806187
19,4.10046499431493,24,Baja,76.3317840785588
26,3.448916656744224,32,Baja,92.05653408141433
20,2.9693071378127116,7,Media,70.10128454045677
27,1.6845241733830445,10,Alta,86.0188910110876
25,3.2727755285183036,9,Alta,100.0
19,4.11082541574531,18,Media,73.8357078869978
20,3.714728597908703,32,Baja,83.89425688719408
20,3.5499057454451317,31,Baja,74.88182724376499
26,5.0,21,Baja,100.0
23,2.7603146015026243,18,Media,85.00027816174612
25,3.2478292935621043,37,Media,84.83624065180392
25,2.1480769710265184,37,Alta,65.4840544243344
22,2.861480148893952,28,Media,83.09291865122142
22,2.9156400414061485,23,Alta,80.12802752605971
27,2.5354990693871695,28,Baja,84.14933421304556
25,2.5964918979953477,27,Media,88.45052704592536
23,2.9103936909157233,21,Media,78.85396593244448
24,1.89580160572944,22,Baja,91.30697379909509
21,2.969276891859642,20,Alta,79.43480299683058
19,4.486266947983215,8,Media,75.50001937342051
24,2.855508525761026,11,Alta,98.2315762475198
21,3.8048877810378965,18,Baja,86.15484522806499
18,2.1400277494742643,35,Media,93.5802275137804
19,2.876525096009537,30,Media,83.34154732518601
24,1.3393829231456187,21,Alta,65.77843470719976
29,2.389083723684996,7,Alta,76.27574134444168
20,2.275417900987482,37,Alta,100.0
21,2.666331124860359,14,Baja,77.15419351549258
22,3.7348443841627317,16,Media,83.06266350062342
18,4.071408766649363,30,Media,84.50461091908811
24,3.364445989734151,10,Media,73.50368269407726
18,2.43457806193108,18,Baja,85.76057214062463
20,3.4727161910247073,20,Baja,74.41090608332905
23,3.666919204882194,29,Alta,84.74546192088027
23,3.012231001271535,27,Media,77.8404220846141
22,2.9459371678546193,32,Baja,81.13013657741807
24,3.7173694211650257,8,Media,92.44097869807895
19,3.084717713221153,28,Baja,86.65875700806257
18,3.048785559244053,6,Media,86.03813386344578
18,2.9070792135904773,34,Media,99.62000212039298
29,3.2991105303895343,33,Baja,98.15549599138642
19,2.963152744261672,12,Baja,100.0
22,2.680083974622429,24,Baja,76.26798194221506
27,2.2896494468369335,26,Baja,89.30029843722966
26,2.585837092469484,17,Alta,76.70640118417042
26,2.767015551109603,11,Media,94.94735793287742
24,4.306402728511229,12,Media,84.07404010247964
25,3.9702742918740506,17,Media,90.74346773463145
24,0.9609506118061186,5,Alta,79.45978145891507
28,2.458582443709695,22,Baja,93.40655959310169
24,4.823405219602855,7,Baja,94.64282201358334
26,1.9963358629596826,11,Alta,76.95141560601542
21,2.826666941702949,20,Media,89.54471739580345
20,3.3551671085880055,18,Alta,85.49650977515753
26,2.049943948386458,34,Alta,85.66235936733865
22,2.662244094789882,20,Baja,71.54446023131337
21,2.5929012240927816,15,Baja,79.3201088949061
28,2.9153176404139196,24,Alta,91.28205573885211
24,2.638571361595469,35,Media,92.48941039066207
29,3.4314714893603337,24,Media,67.65535228198205
22,2.3108531691091816,30,Alta,95.40141648995078
22,2.658751360381464,33,Alta,100.0
22,3.6289996631262222,36,Media,89.81819964047294
29,2.2201778161238117,5,Media,90.68805014234775
23,2.7873663223406604,22,Baja,97.44243943134806
20,2.6800961307742375,38,Baja,100.0
20,3.9475219274403996,7,Alta,97.63375062642899
20,3.283596310976558,39,Alta,65.4964497777452
29,0.3202518413686275,36,Baja,90.15214863031592
27,3.1193820550168003,9,Media,88.45309525115886
20,1.815211413316471,21,Media,88.53227654910582
27,2.4193147557397996,18,Alta,88.92166451290102
19,3.190537327760815,25,Media,83.52830663842137
20,4.160329889234374,36,Media,88.25705481771749
26,3.701346300345351,15,Alta,83.55121628655772
29,3.613114307777328,37,Media,94.00277439837319
23,2.7294368837299263,7,Media,76.66590651759356
21,3.5677529569341084,30,Baja,100.0
20,3.1280064287662466,14,Media,78.94691850498832
23,3.3854894627923473,19,Media,89.07406139142107
22,2.415777766513081,37,Baja,83.24478765891486
21,1.8757160856639914,5,Media,86.28113325393957
26,2.127139735983995,33,Media,79.66513109898992
24,3.6489838904038847,24,Media,80.83985260088244
19,3.3801434171026195,14,Alta,99.41881921051299
22,3.12362539780165,35,Media,100.0
28,3.11696095541748,18,Baja,84.20741256755292
22,4.829933348733441,37,Alta,75.44745888427477
27,3.505564376727336,9,Media,93.52313828584285
22,2.7107756623315535,37,Media,78.28943213367711
19,3.5858173945386826,35,Media,78.1255069545511
20,3.4741596942916995,12,Baja,79.88191633371733
27,4.011815351235656,6,Baja,83.9845210662886
24,4.546640223486883,26,Media,89.52355516906584
22,4.384859496805616,26,Baja,91.12363619557624
27,2.8071515017386615,17,Media,81.7307839492159
28,3.0592909371528076,36,Baja,86.91900139092476
20,3.6079530908804736,32,Media,89.82123014539198
27,3.860703954279016,36,Media,90.90021947789816
27,2.4703683669245198,34,Baja,100.0
23,2.5760186465184844,16,Media,97.36344620756745
26,2.5559261492700767,7,Media,75.90215175235393
27,3.5209361367923595,9,Baja,97.525267755747
19,3.754593771617191,6,Alta,92.89981177485065
28,2.4210748131995827,38,Alta,72.4674552542771
25,2.580284597547845,14,Media,100.0
25,3.2919231701429705,33,Alta,84.12987831353635
21,4.6473702870283145,34,Alta,92.01296668542021
25,2.885215392486796,17,Media,86.38594747886542
26,3.1175589736044382,28,Media,91.12334203907079
22,3.3941312665289405,7,Alta,89.9511293925244
21,3.9033384977490373,21,Media,80.85586685550028
29,2.949122474366357,37,Baja,90.76138028838162
18,2.829703340834047,19,Media,68.4090138396703
21,2.106449426650547,11,Media,100.0
25,3.875532840644626,33,Baja,69.50288608683407
19,2.392610438128387,34,Alta,84.27321157187905
20,3.0284270598824965,16,Media,84.86564964304928
23,2.926080142551074,18,Media,90.1217338369316
25,2.8710802016816586,15,Alta,98.31217993091478
26,3.081630458536798,12,Baja,98.7832036238196
29,3.557941459604959,16,Baja,87.32993905150614
29,2.969914088249192,5,Media,86.57123430233732
20,4.9630576760988605,32,Alta,100.0
21,3.672933125394887,34,Baja,78.18813436341402
22,2.88118100599175,11,Media,83.44931032625828
23,3.722286262065153,28,Baja,72.72476049612649
24,3.1528851729124114,13,Media,65.47378559364148
19,3.2133383709797845,11,Baja,73.29749123417696
29,4.003000155150282,29,Alta,86.5570550835069
18,3.150702921593016,29,Alta,90.41331878855706
18,3.1268948483278924,18,Alta,97.07802790603408
22,1.5180463403133273,24,Media,86.2904376737086
20,1.2146161044884287,19,Media,90.1068725209668
19,3.236798843243045,26,Alta,93.30486971345496
18,4.104853947506991,15,Media,86.96665679348412
21,3.6842056655143507,30,Baja,96.53211531785922
19,2.8622539332242916,15,Media,82.18005502521555
25,3.5264095112017197,10,Baja,83.19914486385417
22,3.670650955493479,27,Baja,82.21013836861357
20,3.7101999779667985,23,Baja,83.09364774390629
20,2.412212362295808,8,Alta,86.43289011815472
20,2.5222961583384524,29,Media,88.42191191689514
22,1.9089726728249987,28,Baja,73.44465031200563
18,3.192078661455798,16,Media,82.76890737519568
26,3.768054773649643,5,Media,92.04246067814398
29,2.430337426282554,25,Alta,76.93279586806054
19,2.759601023770735,22,Media,83.87816645364549
24,3.456881802580218,13,Alta,77.28976579369024
27,2.371715127722143,26,Baja,84.18813536619933
19,1.985551958996167,12,Baja,85.99544068160544
28,3.7019493433056363,9,Alta,97.19265516338113
18,2.513096194230213,39,Baja,75.91829572982104
20,3.518145533312994,34,Media,86.4335239821415
20,2.882442366967463,7,Baja,82.79672732104204
29,2.4033745404056273,19,Media,86.01455898833606
19,3.1603158070399497,38,Media,71.63897507772094
26,0.7626183451333381,11,Media,83.0503496536928
25,3.433701292805977,9,Media,86.94819519703962
19,2.8755990132848486,32,Media,71.51229622380455
20,1.369503774258123,13,Alta,82.24170393408664
20,3.260169761705046,30,Media,88.32494255506195
25,3.2039145302512724,13,Media,87.6041196316451
20,2.1750038620813936,18,Media,86.10665184563682
24,2.528989238578075,18,Media,79.7750765365878
25,1.8730341953205816,38,Baja,93.70345866956609
19,1.872270477957214,16,Media,85.51908307926344
20,2.7736513021504874,24,Alta,87.83603437618058
18,3.0862426143870825,24,Alta,85.54760575972266
26,4.180868864215091,13,Alta,93.31520379689074
18,2.3634519009961554,22,Baja,97.19044579248477
27,2.004696811144131,13,Alta,93.97478972532053
26,2.149536980667815,38,Alta,98.94061037181402
26,4.376662907188396,12,Alta,88.56830202656097
27,1.2932039365724204,14,Alta,76.67495494074376
18,2.637730831923065,28,Media,78.94024133633897
23,4.109648927776895,13,Media,73.85338922395458
18,3.284326625424353,27,Media,77.87302510739735
18,3.0223903792393134,30,Alta,100.0
19,2.9991643250017277,15,Alta,98.19464579794972
28,4.775296612634327,22,Alta,74.15947690359394
19,3.743119461531525,28,Baja,90.08536621021443
26,3.455113632433597,20,Media,91.360846935688
21,3.0086458188454523,13,Baja,79.07182594391206
19,4.11332972879913,12,Baja,86.35958001052074
20,2.946406478003451,16,Media,87.84334024088571
22,2.925912511486436,10,Alta,100.0
23,3.6187893045771897,8,Alta,84.96505863489139
29,3.0733742200463072,6,Media,83.91733178437366
19,2.353533289417278,8,Baja,80.85149229415099
24,2.487534602076921,19,Alta,83.15149423351599
21,2.385399432328062,8,Media,85.39277714677432
26,3.625076413412385,8,Baja,89.74670650820228
22,2.788125693042619,37,Baja,82.54922312342933
28,1.249461713008018,8,Baja,84.53155967583162
28,4.190867360404198,35,Baja,83.46423558310778
24,4.90076190617763,14,Media,89.91998721943271
23,4.932932217701197,35,Media,93.33983840855774
26,3.5457458239649178,18,Baja,98.53094689792161
21,2.005219709180198,27,Baja,93.51263323455169
20,2.9296124346445716,10,Baja,90.56869914358062
21,5.0,14,Media,71.6541166186282
26,2.3659304533077847,24,Media,73.56187621177284
18,4.014790279398172,23,Baja,89.17393542948912
18,3.079777376351343,7,Alta,83.44278621372315
22,3.5957651561538317,22,Alta,77.3728893381793
24,2.5535431726497473,13,Alta,90.83560050963827
25,1.80828835258505,19,Media,85.32546311793438
23,3.690046717062722,19,Baja,82.9459310691883
22,2.6957790389948446,18,Alta,83.32881035906001
23,2.591561481846891,21,Media,100.0
24,2.462547380765719,32,Alta,100.0
24,3.6899255119046206,36,Media,76.67625729639597
23,3.673496870903362,5,Media,81.28091593644186
18,3.6060375991323657,32,Baja,74.52164299708959
24,2.1262316116379,27,Baja,80.07007115712976
18,2.8654562916241004,20,Baja,93.41029245783628
27,2.457080362455735,22,Media,80.83590228462407
18,3.9113546464532596,24,Media,88.96103431579778
28,4.736520807489102,18,Baja,72.68239484311795
19,3.178902789689681,20,Media,73.14148502524881
21,1.81104095366167,16,Baja,88.35067903658026
18,3.218239213142463,19,Media,100.0
24,2.5573598710785914,16,Alta,82.25655272025938
25,3.810214058925911,9,Media,90.62312630994515
24,2.4605228551442755,39,Alta,88.67706744002832
24,2.0142057819853445,39,Alta,82.12433844474197
22,4.108009869014557,16,Media,83.64773101174359
18,2.966295916845953,12,Baja,85.70410694662866
21,1.8052542963857177,32,Media,84.64615272511931
22,3.287683228899283,5,Media,99.17384076297509
19,4.5142306706751105,5,Baja,58.43288935485728
21,3.1519623747017227,18,Alta,84.22577436800259
23,2.569854239957493,13,Baja,100.0
18,3.430377348470644,21,Media,93.3049281941021
19,3.834579700032474,23,Alta,89.90731108249565
27,2.9895295421084316,30,Alta,64.08450951043876
25,3.35190481120854,13,Media,82.80879539640914
19,2.980254982959687,25,Baja,76.4223023285907
25,2.5792334932528367,23,Baja,72.74190868711395
20,2.6665871435491035,21,Media,78.17816517140723
25,3.172836871277241,38,Media,75.64275482934525
24,2.4659254039312577,31,Media,77.39030704269298
29,4.172887509027457,12,Baja,78.31282601527717
21,3.1001991101606294,5,Media,73.61844911481042
21,3.4004101751529126,15,Baja,85.25977198915541
29,2.2251899098381154,19,Baja,87.51620635381988
28,2.830620700046965,16,Baja,71.13082232072172
26,2.7370525226000866,6,Media,79.71929732939263
28,1.923023582169649,38,Media,94.62489961827625
20,3.715149637879435,7,Media,89.83803325775907
28,1.898019367271088,8,Alta,98.53083992715423
23,1.3890923077255262,29,Media,94.88921532716975
27,3.9066716044573666,27,Media,80.99491386809339
27,3.6306544116935493,38,Media,85.94187827992218
24,2.9269408737386398,34,Media,77.9280557424846
26,4.169482734628247,26,Media,74.32901608524747
23,4.3188306270114865,10,Baja,69.37461151355618
25,2.507216098971276,13,Media,98.15173307038725
25,4.699722551151492,19,Media,100.0
18,2.100478664834891,28,Baja,83.5113080189995
19,1.768257329353978,37,Alta,100.0
24,3.740691065769152,11,Baja,80.06100046476342
19,3.1648359485992636,8,Baja,86.59583310338218
20,2.9786256694927395,15,Alta,89.93400215153912
24,3.995186447480517,23,Alta,74.5975326024253
26,2.398097522232896,5,Baja,79.33013207677861
26,4.984132062898376,16,Media,74.49865474922395
19,2.889148996187551,25,Baja,93.96477261367009
23,2.6736374588660574,7,Media,86.45466437684516
23,4.489772945852566,32,Alta,78.90190172952549
21,3.213027921903977,15,Media,72.49062172812073
21,4.103925543875723,5,Alta,83.95376661532961
28,2.364162084792557,9,Alta,85.47508941725872
19,4.048678551380873,33,Media,92.97179376626976
28,2.6224572068928977,23,Alta,73.52433990087557
27,3.267162734286233,15,Baja,100.0
22,3.377190724033043,19,Media,97.18423874483781
19,3.675674146378581,13,Media,77.32447222705305
18,4.01515043311309,30,Media,100.0
24,2.353116400988376,31,Alta,87.70298557518268
27,2.820168654666127,37,Media,80.8163423409665
21,4.1127133440693795,28,Media,88.29242618094018
26,3.3945725375888047,30,Baja,85.88659523173023
20,1.9763504956167168,14,Alta,78.3761774074503
19,3.5865133648171788,18,Alta,92.53434834589086
28,2.506035733107323,30,Media,84.08380662439048
21,2.1304628164436963,5,Media,84.28556756240617
22,2.5145691242969455,19,Alta,95.12014502219668
27,2.9982483564853455,17,Media,84.80509651088123
24,5.0,30,Baja,100.0
20,3.344324628241781,22,Baja,84.25604213548597
24,2.919830783211846,8,Alta,100.0
29,3.0661337349283073,32,Alta,82.1056755672554
19,2.9218537895862293,12,Baja,83.53626968081684
23,2.3192614396086944,8,Media,62.33768774423203
18,1.8249813680853777,17,Alta,84.97048964156083
26,2.145141128702309,38,Alta,88.1249371803958
28,3.327285822480739,30,Media,71.51084144253838
27,1.7575685045864773,21,Media,92.99047977190557
18,1.7530969966223549,33,Media,80.29878495590688
18,4.615527458616054,37,Baja,89.70346704123602
21,2.2888408102945474,21,Baja,76.38460032768147
21,2.632986675275136,18,Media,83.4287542139607
21,2.715092594266782,21,Alta,100.0
28,1.7027539582712192,39,Alta,86.38449947832127
18,3.4562575459413774,12,Baja,91.34275922730228
19,4.533476808229916,18,Baja,80.9070158617528
19,2.554137904809179,38,Alta,93.82215038595275
28,3.3829751677038518,10,Baja,78.88337488276181
26,4.389888241522531,30,Media,86.82275615769998
19,3.388223877749001,13,Alta,87.43535425335043
26,3.2809644615047353,20,Media,80.44187781139728
18,2.348674103045979,7,Alta,96.19526404138372
18,2.457791422080546,8,Alta,80.69847420522254
27,1.4001273596313268,34,Media,86.18771129258933
29,2.4142856167741877,11,Alta,90.77971834763034
25,3.1531567271204866,11,Alta,73.48800469951894
25,2.198494751699082,20,Alta,96.1886834925809
27,3.3896059931045843,22,Alta,72.06970814553975
24,3.883062106284542,32,Baja,74.25816292787263
26,1.6589866501533148,16,Baja,68.47011911924423
29,3.427347612884198,23,Alta,96.48746499949235
18,3.0014489913717917,15,Alta,98.73510409168105
19,2.7114046592758796,10,Baja,67.4389899815205
27,3.4081661581454785,13,Alta,74.02341549118384
18,2.675119193397965,29,Alta,80.1244485130419
20,4.2234390728977695,11,Alta,81.99091777950996
24,2.4640461861636833,10,Media,87.54394827473423
23,4.733177225167752,31,Alta,93.03104843119067
21,2.705007546628903,10,Media,84.75537477953532
21,3.02873585441742,11,Baja,74.23659960605882
25,3.081494988680133,13,Media,80.64960257530912
21,3.1498344000108376,8,Media,82.73394649883497
26,2.1350027060141437,19,Baja,77.8521262585372
22,2.0080361210654636,34,Baja,92.24818603460888
21,3.3622199790916465,7,Media,66.80760604398553
29,2.5556322986247566,31,Baja,86.7171538272451
22,2.5034270607193467,22,Alta,82.53906981956843
25,1.972377788949127,22,Baja,77.12024882181382
18,2.799388196061088,29,Media,76.5015772230704
22,2.297571995460966,31,Baja,93.9359941294517
22,3.295836591379412,17,Alta,100.0
26,3.4507883905306267,6,Baja,97.97021283587374
28,2.4109802668239753,5,Media,100.0
26,2.144754987716328,35,Baja,95.6839907160675
20,2.66373049843106,18,Alta,100.0
29,3.9467916582535345,35,Alta,83.5798572864081
18,2.8922816035864685,29,Alta,82.18372880681314
24,2.499083793527408,13,Baja,90.22883211753775
21,2.0749191010166914,17,Media,97.03198886783534
26,3.6953301208370646,11,Media,75.17052960473843
20,2.7346783150740617,8,Media,83.00947838744545
27,2.7673384514350023,20,Media,81.2256383457162
19,4.135024266260595,33,Baja,70.80499298932108
20,2.59538906563615,8,Baja,70.57676845710917
19,2.162498453675001,32,Media,85.2047037796049
21,2.3190148865735676,30,Baja,87.978330897912
18,3.8133937045212214,6,Media,71.29520690206307
29,3.587382552992653,37,Media,79.91525173664897
18,2.9538098140171862,32,Alta,80.16980692664504
24,2.5850896374437253,38,Baja,95.76739824601688
25,2.261974902116641,29,Media,81.66700679436171
25,2.822310909417022,18,Media,73.97786127795086
26,4.723223594463088,25,Media,90.56286590187213
18,3.684543537653778,38,Baja,80.08409970488522
27,3.9196459046893954,6,Media,91.45932212560768
20,2.6167532730825096,24,Alta,89.75754688444854
18,3.0950901809268987,5,Media,71.31767225977731
26,3.6155668993543824,27,Alta,85.6557141921786
24,3.468573780776829,21,Media,74.86614867553307
28,3.964861109850835,28,Baja,77.0843134723821
29,3.5097736631856753,34,Media,96.0568447148659
19,3.4083238594824805,14,Media,92.57261270851555
21,2.5276715058135397,12,Media,84.12496573997622
18,4.750595255791025,13,Alta,89.69551613580286
28,2.71154689018569,28,Baja,90.12389195809574
26,2.2937391317502445,20,Alta,68.45346898894948
28,2.651338558323443,32,Alta,84.45831495232116
26,2.720456350000614,33,Alta,83.5409114041285
20,4.301160884762745,20,Alta,79.91271755249404
25,3.466176882045401,26,Baja,75.13285575935139
20,3.7940473411758844,32,Baja,70.78623610381334
26,1.6640945036211316,38,Baja,74.09152296122508
29,2.6571615719604114,35,Alta,83.58488182418338
23,4.387126290014222,9,Media,87.11298830808927
28,3.374115827423056,37,Baja,81.84781384907214
26,4.630851792708186,29,Media,81.8181881473042
19,3.717894429085413,18,Baja,100.0
28,3.067603345220637,22,Media,73.48631432466954
29,1.7763867504934838,37,Alta,93.60591735691145
18,3.060407818741286,15,Media,83.36227748193892
26,3.5806497989718316,35,Baja,84.20969689843014
19,2.6545199583642103,32,Media,100.0
27,2.8360154531646122,24,Media,89.56620004782174
22,3.0675956231160337,10,Media,79.77077545618675
20,3.3097182872226316,28,Media,76.0625236468523
21,2.9853914120056384,34,Media,81.28417592577622
25,3.5674066663937385,36,Baja,91.39978915117995
24,3.4383747174714943,10,Baja,86.36620579028755
28,3.1911798994026848,39,Media,80.37387252109586
29,3.1987712693589523,13,Alta,84.97912876156494
26,3.238918136323425,11,Alta,87.1384505559698
21,3.2571905308942255,17,Media,100.0
27,2.9087080540034624,38,Alta,91.61084179331289
18,2.42221807460131,39,Media,76.04409253125584
23,2.777656042213204,18,Alta,87.12335360074181
28,2.334085863396708,26,Media,73.25033695560711
28,2.497016457603354,16,Baja,74.31103076880403
24,3.5749065567325324,28,Alta,96.93614919067534
22,3.4621128048411633,14,Media,75.1114658453288
23,2.4135436609118788,7,Alta,62.27452577303196
21,2.7555080306542683,27,Baja,78.74969407293091
18,2.3904347794191603,9,Alta,77.63360938824728
23,2.7336978944792727,20,Alta,87.59459492008325
25,3.2190535121693213,5,Baja,88.66910395990728
25,1.9225711419079163,5,Media,93.3521178157231
24,2.6592306029656863,21,Media,92.64304563709399
18,3.2274964274515825,35,Alta,77.32992823182947
27,4.4554127747182966,22,Media,97.23516541467231
24,3.3977128106355012,33,Alta,60.39884417641737
28,2.1947287338931885,7,Media,89.87453682783153
29,4.564547289883574,36,Alta,92.49041866727883
26,3.7264449894399885,16,Baja,84.11987748773635
20,3.1379327036413422,21,Media,95.59838619309946
27,1.7731139030054983,31,Media,94.40538602944883
22,2.770633825881211,15,Media,79.37495294767247
23,2.1003152534718077,31,Media,74.13050334246597
25,3.918082713128697,21,Alta,85.48195075431832
19,2.9298858692444885,37,Media,94.392047038353
27,2.8088253802092047,11,Baja,80.40282783146273
23,4.109150825617273,27,Alta,95.82482948669019
18,1.477022152461119,22,Baja,86.49901964049548
27,2.7360969978356797,19,Media,78.68579441936309
21,1.168210047882438,26,Alta,90.0754080341202
21,2.1122612923629855,30,Media,85.27363828057895
20,2.6761797190842804,18,Baja,87.10641241766575
25,3.591905912715222,33,Media,81.0996840606372
23,3.44780430847914,6,Media,83.5543525106801
21,2.125773573371467,19,Alta,75.0259843014476
23,1.8977744285278153,31,Media,87.43272672127105
28,1.260454732029589,5,Baja,78.33015032676809
18,3.6729035645921106,21,Media,91.12696931317126
29,3.369058743299718,29,Alta,99.61795376740689
29,2.8741060148379614,6,Baja,100.0
28,2.5447516796653282,20,Alta,90.97999693437019
21,3.8028966882746618,20,Media,77.0467355683586
18,2.0227757321076907,31,Media,98.21177306591721
29,3.4068883616232464,17,Media,93.00735607389535
26,2.3901719016332987,37,Media,73.05251875320471
24,1.9719508207816974,6,Media,74.70718402346625
18,4.073016350383206,16,Baja,85.55389721170286
20,2.537049118873746,11,Alta,83.18818870501455
18,2.593142877407012,13,Media,84.91855406506018
29,3.0660905602962916,19,Media,84.50449495587948
22,2.005272027264519,9,Alta,80.65176071959175
20,2.677427118314898,10,Baja,100.0
24,2.7023126006000786,7,Media,78.75437255575716
20,1.4537532620535336,21,Baja,85.96929481601597
23,3.161179574292968,14,Alta,100.0
20,4.233237950296567,38,Baja,88.3705417871583
28,3.6419751880987015,21,Media,65.86629211824166
27,4.097265251091043,34,Baja,60.059395590188785
27,2.519308701066661,15,Alta,98.71819386561278
21,2.8175007981407836,13,Alta,90.91289074828312
26,2.3110984658910327,24,Media,79.03288984244718
28,3.8961280400037555,12,Alta,93.130716681283
20,1.6807741038694153,28,Media,74.67268008014787
27,2.0527144496782377,35,Baja,94.73436815192737
24,2.931218314535557,18,Baja,69.47731115404527
18,4.415667221783554,20,Alta,76.24115197842825
26,2.6731505018828963,25,Baja,79.86883026419787
22,3.327637005620611,35,Alta,59.500616585503764
23,2.552565319380903,28,Media,68.8288660870907
22,3.635525211426163,23,Baja,70.29619371842206
20,2.7262501591774697,37,Alta,71.74127362434712
23,3.3524493409613783,7,Baja,91.50109015858304
27,2.3856853163886793,8,Media,81.5562200789798
20,1.4917970220254564,10,Alta,78.20888827884363
22,2.804957615995935,32,Baja,91.97662401987
18,3.7869154022844005,11,Baja,70.76781597476518
23,4.622665658647493,16,Media,82.89863720327523
28,2.7241651973426504,30,Alta,84.00621268286575
26,2.5388138670563203,15,Baja,96.96600109499074
18,3.088046388348499,17,Alta,93.27436784176024
27,2.915924908969149,20,Baja,71.77929072666889
28,2.27623849132468,14,Media,66.23147726514395
29,2.7842468645952394,38,Alta,82.70632828687376
23,3.335849280201581,34,Alta,77.43048600814681
20,3.5690514563552176,8,Baja,85.69894731779293
21,2.7253564696909636,25,Baja,90.5477787977967
18,2.256718197300515,15,Baja,99.74947481117829
25,3.494801357576398,10,Media,79.59079081301881
19,3.6717294092908044,30,Media,83.97206562328844
27,2.5580340073460373,36,Baja,97.49048111323101
22,2.699651485828455,39,Baja,85.88123366995387
21,3.337710167152333,35,Alta,84.54734964573584
18,3.232042162181081,24,Media,94.44693635585367
25,1.6799635569422213,28,Media,92.13661742160032
18,3.08145662891388,6,Baja,72.29716828973314
20,3.4551300909205827,8,Baja,76.56926446317536
28,2.3659317217579177,9,Alta,70.1371130449609
27,3.457288300358729,31,Media,83.1933483699381
19,3.0818595041530648,39,Media,88.5248590219719
23,2.6150678487888017,26,Alta,87.63514763656283
23,3.7145823032586085,11,Alta,100.0
24,3.104042233235913,29,Media,78.1177353502245
27,3.385822725524597,7,Baja,98.56403200475471
26,3.0819744829955957,22,Alta,74.82468522791416
26,2.74027713325884,24,Baja,81.381079624831
21,2.797356467414843,39,Alta,96.57289591452891
24,3.342255424231348,17,Baja,84.36802368141012
20,3.2890423223926604,28,Media,78.3154145994667
22,3.4806640504633344,25,Alta,92.00909207907232
22,2.744823760561115,30,Media,82.00799101660975
24,1.9569863300575774,6,Media,96.21875360077594
20,2.201731183763267,33,Alta,96.12799430086314
18,1.1680241102891602,14,Media,87.21887748688519
28,2.957999681401914,16,Alta,90.99344438046957
26,2.278252095084004,27,Baja,88.01308034753514
19,1.5661767338014558,23,Alta,91.88946165220392
18,1.7613278422136018,21,Media,100.0
20,1.7735055639118535,12,Media,90.10298624685393
27,2.7906357185464694,29,Baja,82.95710958155381
22,4.250918360026589,9,Alta,73.67204615744211
23,3.03083484778864,11,Media,82.33270994554454
21,2.171307767377328,15,Baja,87.2873383071168
29,1.3005942030344797,38,Alta,72.74678805200247
20,3.055472655826404,39,Baja,80.41143240969727
22,2.1017354644715356,38,Baja,94.92838111317245
27,1.219191677486525,9,Media,93.3452875617799
19,2.9097494457553656,15,Alta,65.8847139892799
25,3.1450763364864898,39,Baja,84.42791497403596
20,2.77926583465926,21,Alta,95.02250545295108
21,3.0198896831415865,12,Media,93.6802488824819
26,2.6523991840564056,30,Baja,82.50664379439891
27,4.576952029441134,29,Media,98.03677350006532
29,2.1523478612845643,13,Media,95.57049120680463
19,3.1111025950609665,21,Baja,84.0006319342982
25,3.99857129344657,14,Alta,74.70976058717596
25,3.8094332213641717,34,Baja,79.12298614676807
21,3.476695905821064,13,Alta,97.03425382711377
24,4.5171333063302725,27,Media,86.6368742726166
28,2.187524502615124,21,Alta,73.29916900581823
28,3.786990137399401,38,Media,87.07791494142522
22,3.41749965735179,11,Media,91.05497956148639
27,3.0632643707960185,30,Media,75.55881826023838
26,3.819269824739138,28,Alta,100.0
21,3.016398611468095,30,Media,71.72051630881641
25,2.114838512093285,26,Alta,91.67885406244339
19,3.344362299068112,5,Media,98.9938903591973
26,3.425262919438797,26,Alta,95.83580247161666
23,4.045736748653995,6,Media,89.23761156955314
23,3.502567541664657,34,Media,92.3801472221084
21,2.665879710635082,7,Media,93.45177185880777
24,2.241733536180246,5,Baja,70.62657518490754
19,3.5174968191649283,31,Alta,70.93459490699806
26,2.1587549919840914,23,Baja,90.17583698484488
21,1.7974637789960244,21,Media,85.1217971414254
27,2.6077192286617925,7,Alta,95.7035985806231
19,1.8605436458474982,34,Media,69.25052069883684
21,4.630860816595119,8,Baja,86.0677519561577
27,3.7714867657208835,27,Media,87.38383736861455
21,3.255241570828186,7,Alta,88.19331630807731
18,4.052966965601875,7,Alta,88.02936477514001
26,2.223156314549882,28,Alta,79.49735516097823
20,3.446252688137501,14,Media,87.82440771505061
24,2.4515423677958657,19,Alta,86.26075171832787
20,3.9965352195423223,37,Alta,100.0
23,2.9428150955667,9,Alta,79.36333251931802
21,3.0938047099208283,27,Baja,79.28611341123592
19,2.1804334439083104,22,Baja,99.24949174287067
26,2.2224496925147954,5,Alta,78.47445125366164
22,2.885920065618395,26,Alta,90.05334097636216
20,4.262537480826818,35,Alta,91.42973837121482
20,4.652642731136412,12,Media,95.28787628249455
22,2.302040650502087,10,Alta,100.0
26,2.338490198819004,27,Alta,100.0
25,2.1868562815296406,12,Baja,71.5483098006509
28,3.5062800374727714,14,Media,84.4491757278582
19,2.5116011036848898,7,Media,81.0333052768075
29,2.786200677898474,39,Baja,100.0
26,3.0642263599478556,30,Media,71.77506014091577
19,3.342566875463228,16,Media,100.0
24,3.144444852672987,13,Alta,77.0344967411196
20,3.298326835351136,9,Baja,79.16521072621275
21,3.6490901488672165,27,Baja,95.10039734322406
28,1.787477199714144,37,Media,83.48919845964942
20,2.5304905872328294,34,Media,90.38340363158912
27,3.145732298980769,15,Alta,73.90578644141928
25,1.677991078808393,18,Media,76.27323233225098
20,3.8552494758409277,32,Media,88.30145156819327
20,1.9765799287895935,28,Media,100.0
20,1.4778396294650267,27,Media,71.25553058686145
26,2.863612434865504,28,Alta,97.64194387646293
25,3.1265386142186973,15,Alta,84.46293903845309
28,3.6310645580436502,28,Media,79.07394427175974
24,2.9488953249985292,19,Alta,86.83103186172126
27,2.763033348408039,39,Baja,66.88145962334372
22,3.0238348663754215,35,Baja,79.19939094068384
19,4.550040443106593,7,Media,82.3430481111962
19,3.137766545266413,28,Baja,84.70158476685417
18,3.486733492990458,26,Media,96.22772903250984
23,3.667642048436197,38,Alta,70.47161010319084
22,3.298166229836011,29,Alta,83.20401182121559
25,4.121371106302434,28,Alta,78.624122483888
29,4.1006254124714445,14,Media,88.3724781270712
25,2.0455600509760723,28,Alta,95.01749779519281
29,2.777293250616774,19,Alta,100.0
28,4.307045453575215,11,Alta,95.64322571907685
29,2.160876246178368,32,Baja,84.99597603486932
22,4.35208549684406,18,Baja,100.0
20,3.6299177125845166,30,Alta,90.01149730777966
19,2.310692252211208,26,Media,100.0
21,2.761004017175986,13,Baja,74.94950640047999
22,2.9723862115705932,20,Media,90.14542724415838
27,2.5507831859849577,37,Baja,93.3525100263942
18,3.413328980558517,37,Baja,67.48757680353845
27,1.3543323560089489,9,Alta,82.93480569812284
21,3.1423198878429917,8,Baja,70.48927322346944
20,1.4639707979558125,10,Media,83.51089949524197
22,3.504635139615903,33,Baja,86.88664256977611
18,3.474231887014744,5,Alta,67.26594938196226
29,3.9273286263984377,32,Media,67.69028747733464
24,3.4795228328888284,15,Media,78.75315371514138
28,2.717879007946318,34,Media,85.89789227591785
19,2.549366829972429,29,Media,73.29836234506419
28,2.8750417988082653,14,Media,88.57350052552536
20,3.137572171093415,5,Media,79.43330199360011
27,4.288046896821847,19,Media,94.26855976591803
29,3.897201029557885,26,Alta,90.33897976589449
19,4.37020750687182,5,Media,77.11071183274757
26,2.9505808973681042,20,Media,82.84829150286957
20,2.6473935595730804,23,Media,87.87032111217928
29,1.9849364747561253,17,Baja,83.75647567022408
19,3.126656590432764,30,Baja,82.59543492417588
25,3.3534895562319837,17,Baja,81.18094662724788
26,3.948787236976501,25,Media,80.72675415621151
26,2.6223289578367552,26,Alta,95.39843962317383
18,3.231743923861209,5,Alta,87.71256995302576
27,2.8355118258780285,37,Baja,83.20102914675148
24,3.066840575922578,37,Media,86.37423627163284
27,2.470843874731117,7,Baja,61.70138197442874
21,2.5629938165220842,34,Alta,81.34032681387401
22,2.321383028861435,22,Baja,84.45925167349947
28,3.2294354448826743,36,Media,96.42167543803373
24,3.9372087331965893,16,Alta,92.22616562140283
19,2.014552071978477,34,Alta,87.8780558471815
20,1.7125906384788838,35,Baja,68.78737097430451
25,1.9601354875181534,11,Alta,97.81303609131959
24,3.2875907021377566,24,Alta,98.33456920168554
24,3.11084005174364,30,Alta,78.89323428284204
21,4.537848091296292,26,Media,85.2594457170565
19,3.5111183240022794,29,Media,68.56029938693909
28,3.8805324101707184,13,Baja,84.43583304810325
20,2.9767534936940683,7,Media,84.22792327700532
26,3.018961724154809,13,Alta,83.60107465460415
22,2.530500661536971,26,Media,79.13140221768569
24,3.6780820930666307,6,Alta,87.3822616651811
20,3.5808021899668145,29,Baja,71.88050877370414
20,3.5385678048896683,7,Alta,70.76805976834575
29,1.8146517195605736,17,Media,96.50829075929255
26,1.6515543900583727,22,Media,96.46590622191538
28,3.338817754037211,15,Baja,92.76262680014847
21,3.9017642693578134,24,Baja,86.59240351452058
19,4.53100551157763,10,Media,80.78450897161329
29,3.481420768748312,26,Media,71.4606155232014
23,3.118008275583709,5,Alta,79.93699395686215
25,2.643621255594638,21,Baja,82.1121496786849
26,2.9341680373331873,9,Media,97.50919193915149
26,2.978699941973843,6,Baja,75.80083617245043
26,1.8144746554440259,15,Media,82.27727362250407
27,2.7425152872403262,35,Alta,79.0540928302792
21,3.3662930297267275,34,Alta,85.02423151015877
26,3.565389165668524,23,Media,85.70664480465757
27,3.912354535275297,23,Baja,91.50840526964598
24,1.320420735417073,37,Baja,82.36936269276758
25,3.7772934363168633,24,Baja,86.79989404608753
25,3.5876955688314487,27,Media,83.90254313848696
18,2.618668313581278,23,Baja,79.86329756095262
22,3.926764802744601,30,Media,86.68656381738423
24,3.6989958024703355,39,Alta,84.07384896531116
26,2.48425127810885,11,Media,99.78459067434119
25,2.7854345754523218,18,Media,76.21970617840134
23,3.253592753017094,36,Baja,90.36024469643968
24,2.9766993931397927,38,Baja,99.43665471017528
20,3.483729698688762,13,Media,88.34972026547469
21,3.084002014726636,19,Media,79.31194374551649
23,3.070156850993982,31,Alta,84.51589901216036
26,2.1833753412038406,8,Alta,69.72893587332156
29,2.971278858299246,12,Media,81.69056532511023
28,2.592655163439751,22,Media,88.88464629184415
25,3.5035480170814033,29,Baja,100.0
22,3.8889056537501343,33,Media,81.35904174205184
21,3.763713913116555,9,Baja,89.65581544994724
27,3.9945640831202436,33,Alta,82.16095987453825
20,1.963239189459529,7,Alta,86.1716861012109
29,4.2147855640694,36,Baja,84.617058492736
22,3.1888576492820193,36,Baja,87.18324839376679
28,3.4684383640426986,22,Alta,76.27926135800638
24,2.4065686781931857,15,Media,93.69781213511317
29,3.715811187486172,24,Media,85.62736963330377
19,2.705314782219827,16,Media,97.21945962480844
21,3.131826160026674,30,Baja,71.94834094555742
19,3.209551230571812,27,Media,88.1927928716476
20,3.1225050246684805,21,Alta,86.89228961839174
20,3.374343942842075,29,Media,75.5801333297839
19,2.5449232199744163,29,Media,70.60581164759509
29,3.7183736309593662,10,Baja,80.76866957670043
24,2.717820624992651,16,Baja,80.30462559570522
25,3.2913188630554906,29,Baja,100.0
24,4.150265618980011,9,Alta,82.85061762176825
18,2.8081844074969187,24,Alta,71.66117376296272
26,3.2616731135226495,11,Alta,76.45833775868384
22,2.0350264418832316,32,Media,73.51188645285254
23,3.2662053925703414,35,Alta,84.9614217361977
23,2.9172622368596217,28,Media,78.20802315269484
22,1.4282398773453977,5,Alta,80.34429203684691
26,2.889987448400931,32,Alta,100.0
25,2.433590201970188,32,Media,100.0
18,3.0034205523766886,29,Media,79.54931093566456
20,1.5597561766515078,14,Media,84.66988959185007
28,2.3328067827057564,26,Media,99.91286720972232
22,2.7394389191512496,21,Media,90.2678386665003
24,2.507285470297039,10,Alta,72.49671021297684
25,4.037452812406225,29,Alta,84.01175745437115
24,2.9664946546252366,24,Alta,90.74309549203512
25,3.957281700152541,5,Baja,93.93740886899475
25,2.6557909671578894,20,Media,64.03292430336114
29,2.8918233356193315,31,Alta,76.96347144990007
26,3.243626892291151,6,Baja,80.94707132854377
19,4.325508465204653,24,Media,77.80568465658169
28,2.52898681241575,11,Alta,93.71096245958086
22,2.4364304012935394,30,Alta,98.99575023307428
19,2.860060730179502,14,Alta,100.0
22,2.980009279007263,38,Media,77.35314242289898
20,2.9199492513559173,15,Alta,76.85233886204848
25,3.807517526910717,29,Media,86.87137023080538
26,2.5954248379728724,21,Alta,73.32672435726286
26,2.610323153808606,34,Media,100.0
26,4.117329652675226,13,Media,86.85752722279017
20,2.971486629498583,20,Media,72.25163372978025
25,3.028072351974099,18,Baja,77.668225386117
18,2.3507974266713645,35,Alta,100.0
26,3.358337070970135,31,Media,66.95659375954556
20,2.9177242982071827,27,Baja,84.08143960202487
18,3.054294367992236,7,Alta,83.01543163689232
23,2.4872455502881934,29,Media,68.57779220241795
21,2.8389368934614247,9,Baja,74.94840250230143
27,3.2134574020226037,29,Alta,88.07985463540588
27,2.724926238497673,22,Media,81.50599981641021
18,3.33373130278372,35,Baja,75.21983648312215
29,2.6215654527109207,36,Alta,100.0
28,3.929331712870271,11,Media,97.8073512148481
21,3.6614270120677617,11,Baja,85.11908213830095
18,2.7972063748511276,28,Baja,87.31561058333993
29,3.290879836998347,14,Alta,98.02116823718632
20,3.0074176555698133,33,Alta,91.86428823287032
28,3.238709563174984,21,Baja,99.74968000992902
25,3.179100155873591,18,Media,90.11886306397595
28,4.005385946272616,16,Alta,98.92017324408931
18,2.897092690159769,35,Alta,78.68237666699518
23,2.204674259828775,22,Alta,83.07347818043618
18,2.8334451738701927,13,Baja,66.7575646287792
27,3.5112968698506752,34,Alta,96.02267422915136
22,2.9802430073246047,37,Alta,100.0
29,2.5792408908112296,22,Baja,81.64815433732237
18,4.683007423494997,14,Media,64.39402348595274
27,2.9234822040016786,21,Media,86.31996536429251
23,2.9161603175981496,20,Media,69.95711086027424
18,1.9412257179683745,13,Media,93.28744015697124
21,3.145116943529775,20,Baja,86.14783184883854
19,4.055148932026796,34,Alta,78.16348410599096
19,3.729030953845929,35,Alta,67.91341763446354
21,3.5023475126042474,22,Alta,83.68209167880416
21,4.328441238124373,19,Alta,82.66537189268307
24,3.9743728091495134,38,Alta,81.61027659318617
26,2.4165779353720795,6,Alta,91.21342566305132
28,1.9974840197397803,35,Baja,88.53458802641197
23,2.6506883882933976,9,Baja,78.61985147817063
29,3.1610424363442835,14,Alta,95.43677557005152
28,2.836178430170946,32,Alta,85.4594901583203
18,3.913053034091395,36,Media,80.56202098689562
18,2.259203174924181,36,Media,90.26096005897028
22,2.4969649217782437,8,Baja,77.47434903742504
20,2.166107411461225,39,Alta,88.70064597297198
19,3.128870125913374,8,Baja,90.34728318332887
20,3.8707673666241016,15,Alta,93.80337891253777
24,2.6046574085246292,33,Baja,88.38196905040655
19,4.3543601669967265,24,Media,84.22924800479011
25,3.3000559917779526,18,Alta,69.45751686686398
27,3.956026318952005,7,Alta,80.50337436202219
27,3.4400556523953822,28,Alta,92.4876958273166
23,4.6045783981262,26,Media,82.1181167303691
26,3.328593567568628,34,Media,77.2559678455235
27,3.232954963240227,9,Baja,99.60955493659982
28,3.0096682082455986,32,Alta,79.9256014935163
27,2.90150054413288,38,Baja,88.51217051468734
24,4.230537987743501,39,Baja,88.30434957755729
25,1.313767742112683,9,Media,83.30732996709693
23,3.9515883133121443,8,Alta,96.53324705789612
19,3.8223937677828927,14,Baja,82.31527528380589
27,3.7745642947559155,37,Baja,74.68164310992972
26,3.3343918172623894,11,Baja,83.66056015271894
22,2.091260603984796,12,Baja,84.70215889818988
26,5.0,31,Alta,90.54148704125514
28,3.0922023734919306,26,Media,92.56118184831551
18,2.504888428108276,39,Alta,92.82602263943008
27,3.3427356344680295,33,Media,77.8473623511651
27,2.776793823110869,20,Alta,93.49949251726062
27,2.914352521636987,36,Media,83.8218676239667
22,1.77526003032691,28,Alta,93.42996253984525
23,2.8236908164328116,14,Alta,85.18640286863383
25,3.6838743703443413,20,Media,95.9540320458166
26,3.3313619738685576,31,Baja,76.92860433425238
19,3.874593759427762,15,Media,87.21881580475635
26,3.6570924943337224,9,Baja,84.83907632600732
18,3.952801408529095,9,Media,100.0
18,2.0290269303691044,7,Baja,100.0
20,2.0703566359530354,10,Alta,85.61758424394235
21,3.7196194036568033,18,Media,77.69476286986401
27,1.9951937666585984,31,Media,74.76664770208504
19,3.902212428240875,5,Media,100.0
24,3.776503357767001,33,Alta,73.65003239879654
28,3.43349436048893,30,Alta,77.08347282169827
26,3.0765848684688955,21,Media,68.69476233035803
27,2.5303287014149847,28,Alta,87.1099393243634
18,3.555948472380431,18,Alta,98.53370912985514
21,2.8830769933800866,23,Baja,79.730690123866
20,3.3396711963046517,23,Baja,81.76725676588659
18,2.690435828360731,7,Alta,84.35458956797207
21,2.4286552574473577,26,Media,79.9428483428584
26,3.9406752455819722,36,Baja,73.09990718280923
22,3.339040569570835,39,Alta,72.16394509795293
19,2.761401038855516,12,Media,86.57875523969327
27,3.8954895261433506,17,Baja,100.0
18,3.407323918715375,28,Media,81.91519004488259
27,1.0000318659025342,27,Baja,100.0
27,2.617288912899111,21,Alta,82.46682356626143
27,2.8848862432826183,31,Media,94.82152511984864
27,1.8507237454591718,31,Baja,100.0
22,3.2739047630375353,39,Media,100.0
21,2.205923982434616,27,Media,70.79352112111143
21,1.7462122217618827,23,Baja,67.00383394146166
20,3.826503030299336,38,Media,70.72097436409214
24,3.2397845550362576,5,Alta,95.16872278841544
20,4.022730210880872,29,Alta,96.63797535858522
22,3.181246676366646,26,Media,91.17964612555673
27,3.4915042680641872,21,Alta,93.93468093750076
21,3.3210633844182036,35,Media,72.80967819248362
28,2.472380758640456,17,Baja,77.23481193557471
21,3.81958068580153,26,Alta,94.14769741918667
29,2.7779889636796358,18,Alta,85.66177028205256
19,4.05547964559539,21,Media,99.65738257312299
21,2.9969237202656283,36,Baja,88.77381920350096
21,3.129731932498897,13,Media,86.1641630101048
22,3.3007319341768078,33,Media,76.33921355867571
21,2.184475671083359,13,Alta,84.23764682555216
29,4.419731896888143,8,Baja,84.01882400765
22,3.5011646880389886,9,Alta,96.69856373686149
26,2.134606021313375,21,Media,90.79218442343591
23,2.5775265217624765,8,Media,100.0
27,2.3167270470637087,20,Media,89.44934374995034
28,1.8457398495339048,20,Media,97.56724174754102
28,2.462456421511573,32,Media,69.61231985482536
24,2.2177428646080157,17,Media,92.9980811325742
28,2.8626293548024337,29,Media,91.053324614451
26,2.4515697491593085,5,Media,86.17890376671383
21,2.3602171176084976,13,Baja,75.31879893356748
21,3.4527185214301994,22,Baja,88.55600161178344
27,5.0,5,Alta,86.16426819858891
29,1.8105390756909552,15,Alta,78.16920639416084
23,3.5460477793775493,15,Media,83.12683478310973
19,3.26581451611553,20,Baja,80.67927426582104
27,3.2590554177403197,34,Media,82.6412555278304
23,3.9150702439306166,11,Alta,77.49015711128352
22,2.6046771361357344,7,Media,77.86532806828528
24,2.0970188393529408,22,Media,92.39748913782871
20,3.550600849055583,13,Media,78.23018198724203
23,1.6152906726396203,7,Media,94.08839978817285
29,3.544340128708462,27,Alta,78.6934946082365
22,1.9296143842326186,35,Baja,80.32285376974005
22,2.9699258420166426,17,Alta,68.31181936642454
18,3.436190633741629,24,Baja,93.18183886705825
28,3.4666313482987574,5,Alta,90.9519703336893
29,1.8066803592006406,33,Media,100.0
24,5.0,32,Media,77.3395816916484
22,3.8231068158985364,30,Baja,87.36199081892768
20,2.5870263574564194,5,Alta,54.14437996939506
20,3.6567966694318397,23,Alta,75.91432865940513
27,3.593790105052096,8,Baja,83.67377866290718
27,4.427492179047603,14,Media,67.33637343096879
22,3.684073159915915,21,Alta,77.61102002118398
22,2.249517775374196,15,Alta,82.61828756392823
22,3.373383873875907,29,Media,96.19625217808529
20,4.778159249567012,22,Media,70.64437892027958
25,3.4489550993550804,29,Alta,96.12183481494807
18,3.315641100414104,31,Baja,92.42884146619716
26,2.9103516384459747,7,Media,82.60929146810786
24,4.793880894797551,6,Alta,83.03932130671474
20,4.536458816228324,6,Baja,74.96924703883889
29,3.416699512628872,6,Media,97.3010840624008
18,1.6289662929572648,38,Alta,75.76755562439445
22,4.004552508296851,18,Media,82.3076640831601
26,2.128246339826998,15,Alta,81.83093331723991
26,1.8483960000453663,26,Baja,77.65287869087241
20,3.621510184942417,14,Baja,90.3475877080605
18,2.494740010786934,35,Media,85.4167448568943
27,2.5592441342977783,39,Alta,84.88576164851884
18,4.857414411115885,7,Alta,74.2878482711275
18,2.0465956528198155,9,Alta,89.69164007372515
19,2.366720734695229,33,Baja,80.96249012902678
26,1.201348185871251,12,Media,81.60896252699033
18,4.3183277765502215,17,Baja,80.52544626605815
29,3.5021814117312022,8,Baja,88.76732662725026
27,2.0396709126452683,32,Media,69.77844377847268
23,3.8544213787122326,12,Alta,68.32084387043713
24,2.713742480700989,39,Baja,81.99867667665887
29,2.317299270752119,32,Baja,94.37941529077557
24,3.9462099720171486,20,Media,75.21949061537867
27,3.140632811293526,38,Media,100.0
26,3.579354616135361,32,Media,99.97535451818987
19,2.2773307169625943,21,Baja,82.92883222336437
29,4.058526754952746,28,Media,80.37563423135931
23,4.107276824333355,25,Baja,84.36042303329769
26,2.1361861827297632,10,Alta,74.19286493636632
27,4.586560115745181,36,Media,88.81455610985485
24,3.9332873608463967,39,Alta,70.91521662324338
21,3.3599138362422347,38,Alta,81.91733606026891
28,2.538479017568167,23,Baja,85.04185762727867
27,2.324639340167422,10,Media,85.68439286012124
23,3.370456087826029,15,Media,96.08608037600324
21,4.4383499107720645,30,Baja,73.58065545829712
27,1.4714182829334148,33,Media,100.0
27,2.4406229577001937,29,Media,76.89690455814787
21,2.836364005602775,12,Alta,93.14261316021789
18,2.6777993965795686,6,Media,89.40123647621778
21,2.0572718234461314,24,Alta,87.93956997870579
24,4.072733883490453,7,Alta,79.99779352924013
20,4.490798546765521,34,Alta,75.79777541847899
22,1.906952653307089,26,Alta,98.93015171246121
23,2.5199344129862586,27,Baja,90.6920380852401
20,2.757756759579013,18,Media,75.45519097201294
18,3.58996560115331,11,Baja,88.85127660579714
22,1.797893650764995,6,Alta,88.30115209876375
20,2.8731412689233715,29,Baja,73.03307361314083
21,1.8771137871406136,21,Alta,88.77476026166144
24,3.6815639642802864,39,Baja,83.14785862880095
29,2.3317553418746093,24,Alta,80.62904996779028
28,3.0649552854619984,30,Media,77.74793617299072
22,2.215878726953061,9,Alta,96.91062452088256
25,3.7662954061048195,15,Alta,71.82136672155232
23,2.271914493276634,24,Baja,100.0
25,3.9071404893180515,24,Baja,80.91101748947038
22,4.281825865475665,29,Baja,85.61950509213874
23,2.442144326079671,19,Media,83.79731781041656
25,3.0942001728750874,19,Baja,64.2823566408926
20,3.1422273842218438,14,Media,79.8454168983544
21,2.906624861809062,9,Baja,70.42929709320393
27,3.3218357438408432,8,Media,89.59405724962137
18,3.085530908665472,13,Baja,83.60773001547786
29,3.430685001141551,35,Media,81.19725809164895
23,3.4113639541400156,28,Alta,90.77759875796427
20,4.478704421465924,16,Baja,96.57354233629883
18,2.603431464483569,17,Media,77.48481849651414
23,3.456419487589187,33,Alta,84.39328367957663
25,2.5274756338292104,23,Alta,76.42442916079358
28,3.0571688104809036,37,Alta,95.55744994368523
21,3.615183547720703,8,Alta,89.10268139055663
20,3.0106060325546897,6,Alta,90.75830151864955
28,2.03594874515288,18,Media,82.37954903980223
19,2.8490580434325157,36,Baja,84.3807273242472
19,2.3433072556354126,7,Alta,98.94520383352892
22,2.8521541430760275,7,Baja,98.16979286448876
21,1.8653689609103152,32,Media,100.0
25,3.1515528035435447,9,Baja,93.21110075777985
24,2.9454089339091514,28,Baja,78.23371875923942
22,2.205166962156444,37,Media,76.95025579991778
22,3.5443226671298467,36,Baja,98.12603387516012
28,4.752379752580402,23,Media,68.89105011996301
18,3.446551014972722,27,Media,70.75916985601641
24,2.436268906593457,23,Alta,73.03346960442417
19,4.554169401696618,28,Media,82.2300607809923
25,3.70011368372016,30,Media,71.70877512526253
20,1.7373844081000014,6,Alta,79.0751383582169
28,1.233244920917846,20,Alta,99.55059599397262
28,2.872242359010613,20,Media,87.01524471539854
19,2.844992758405731,38,Alta,87.41752020991014
23,3.277502956078354,26,Media,94.80393372569452
27,1.8673306924854058,39,Baja,97.10352284308561
25,2.6277710719757046,9,Media,100.0
29,3.4774731009232895,34,Baja,93.78636045037855
20,3.09434520801539,37,Media,80.73052930407974
23,3.0980444855671574,24,Baja,87.71067775238566
23,2.8418546140142285,20,Alta,88.68055324596403
29,3.280358327028712,8,Media,81.54673177894321
21,2.584224765462349,7,Baja,64.60638271700574
27,2.480586531255614,15,Media,84.28852142922946
23,2.240597162075028,16,Baja,87.3152133053611
21,3.266141337899539,5,Alta,91.25790311757608
20,2.864267222463096,34,Media,90.91848830922528
19,3.80839939289841,15,Baja,74.31939036773198
26,3.0829030692681494,25,Baja,82.10024244172303
18,3.494690474739254,15,Alta,88.26576906191113
25,3.2774515021065302,28,Alta,82.08466685362549
18,3.4412128460812896,39,Media,94.61023000640176
27,3.811192081762166,8,Baja,97.92083430245202
28,2.872196325703224,35,Alta,88.99915606241572
28,3.232338084953852,8,Alta,93.26614684446228
24,4.502058038487861,11,Alta,76.96022680193676
23,2.40022100480497,19,Alta,91.007219558671
24,4.16853351242943,18,Media,79.54195555992487
22,2.8931958923408576,20,Baja,88.68760993318304
24,3.6643998446160078,37,Alta,85.15400209472087
20,3.0226406339670766,35,Media,74.50104329909222
24,4.190758723748531,15,Media,85.5777327269595
18,2.0832528032973774,35,Media,82.35774244275349
25,3.6292522933102003,9,Media,84.97817987386814
24,2.8530742179722886,27,Alta,82.2834933025788
19,2.4071157416093985,30,Baja,92.8652276105907
20,4.220722904560358,29,Media,92.5774411446037
26,4.01804975548801,36,Media,81.05333321314725
28,2.3933171114373577,27,Alta,100.0
22,3.5336886321495404,24,Baja,91.71289914167998
28,4.416129340719444,11,Media,83.55171157733959
18,2.8518075213798273,13,Media,93.16100821020392
19,3.2355038616448164,38,Media,81.20625277638258
22,2.4074981581506703,5,Alta,76.39742585092002
29,2.1317174954595863,27,Alta,90.76319886594868
25,3.0178097265656416,36,Media,87.43645359752212
19,3.843362279772393,31,Media,51.67923052599216
29,2.691486454500653,39,Alta,68.93994559922056
24,2.979953508175847,35,Media,64.68679953621304
22,2.1163694585734825,39,Baja,74.01553538453199
24,4.35664091520842,20,Baja,84.34761166213212
26,3.276936032914336,9,Alta,82.63842850899935
18,4.761833178366135,33,Alta,88.89653450430139
19,2.618660656984716,25,Media,100.0
26,3.330824476600699,37,Alta,81.74694998132894
25,3.6487255326460417,25,Alta,93.18794215561702
18,1.9581997459360203,6,Media,86.47783206640565
29,3.351925083008576,18,Media,75.34286368114213
22,2.5105837093299392,8,Alta,72.38183470760727
28,2.9265240643405903,35,Media,98.49641851578846
21,3.9249590838309487,18,Media,85.84992158263525
22,3.4386184829481428,15,Baja,89.12363949353998
28,2.686711910391647,18,Media,68.6786544527028
28,4.598920035849512,35,Alta,78.79056766498687
29,2.79952261830532,17,Media,70.15379613033781
24,3.935244511923796,6,Alta,85.33211356012475
28,1.601187422335092,33,Baja,84.876121933649
27,4.134381754824925,21,Alta,75.57609705118229
26,3.2859192401289667,34,Media,97.11994799090925
21,4.036402618154785,16,Alta,68.48263554301589
25,2.68466515483287,39,Media,82.01231785564146
19,2.273677946576212,32,Alta,74.60832225641308
19,3.0657900252505628,18,Media,74.8190516112958
24,2.3601245151600323,21,Media,78.68246316783168
27,3.2171668767772568,29,Media,73.10875415687622
28,1.3827933680919642,25,Media,78.39227863254438
29,3.128270735541427,30,Baja,81.24841627500358
21,4.038667673546954,29,Baja,85.43926736311329
20,3.180150865992578,14,Alta,95.42016675276318
24,3.663747103137567,23,Baja,87.13352115767589
18,2.8984473937628974,5,Baja,91.17045793206525
20,2.399470901563849,9,Baja,100.0
29,1.8570118427572526,9,Media,84.53179000948033
23,3.3479840619325194,27,Media,55.75119593821486
29,3.080089577807469,15,Alta,86.2700313703071
28,4.192446385996522,26,Media,100.0
27,3.5800791761436814,36,Alta,74.3234235842692
24,2.4723583434634917,24,Baja,75.69102732114604
20,3.5816111324557203,31,Media,93.19451019736887
21,3.024149779652263,14,Media,77.11700162435947
18,2.7676332812926567,26,Baja,82.50696735316924
23,4.745770101368404,18,Media,92.2126689901136
27,3.6317315494942757,31,Media,89.21967128712981
19,4.02399456427738,37,Media,67.2838964927535
28,2.2198482084827416,6,Media,100.0
23,2.3846711708804404,29,Baja,77.90259785214622
22,3.07424373471172,6,Media,89.943367563381
21,3.212690918697169,28,Alta,88.00705371631433
26,2.707966793353561,14,Alta,100.0
28,2.801007247536126,22,Alta,79.53034607904483
20,3.8099442969046473,20,Alta,90.10604563541288
28,3.701809223156802,27,Baja,88.58408941183669
29,2.762671520919956,30,Media,98.18294931766486
28,3.280065643218038,18,Media,83.6238618395495
25,3.456517093056261,25,Alta,79.84990770675623
28,2.856618984051457,28,Alta,89.62933516461206
21,3.2163724323870975,12,Baja,74.1377311838985
21,2.010961890527248,23,Media,88.14849118032446
22,4.789287036116347,24,Baja,66.006350093009
25,2.2182969883726416,30,Media,85.7337918304168
18,2.593351398358517,21,Baja,89.25384482886348
23,1.9644437750056796,14,Baja,72.74849568399416
18,3.0463467754678897,9,Alta,82.53292340279488
28,2.353919770488343,24,Media,96.7300194079472
20,2.7261824148317357,21,Baja,82.0982034910633
26,3.031290321010254,18,Media,100.0
29,2.588367824102627,13,Media,78.10690733707304
23,3.6395352456292125,14,Alta,86.50009170216819
23,2.9446526394993535,23,Alta,89.38939545450478
29,2.185121677854784,24,Alta,100.0
27,3.2008756822493214,17,Alta,86.41765836770952
27,3.197679598948341,22,Media,83.1631662969697
18,3.6190550790277656,5,Media,83.68061171456574
28,3.0138403966088068,5,Alta,63.058346830210525
26,2.6710348064806424,35,Baja,85.66447911419253
29,2.3110686245469507,19,Baja,90.58755667365904
20,2.74144396112103,26,Alta,71.18211077800684
20,2.6667233721917585,37,Media,92.6116616748362
27,2.45178104019559,5,Alta,79.30044624799056
18,2.2088675611843587,6,Alta,73.67202912161378
25,3.858133076718684,13,Alta,86.05695483880604
25,1.6000416716577686,35,Media,83.64084476232422
29,3.0057613302415183,15,Baja,82.10780297534099
25,2.3412355068979593,20,Baja,87.95886023916111
21,3.1154501212832537,20,Alta,95.78534310122144
24,2.8790734374960705,26,Alta,85.7250527250752
24,3.186867102798036,16,Media,71.31404732731154
23,4.042897765890435,31,Baja,72.85806842438608
22,3.463218999375469,15,Media,83.26701880636429
28,1.97859525563349,33,Alta,78.2897693935448
29,4.251411679912808,12,Media,80.64098822981737
25,3.9197662640387865,21,Media,84.12001548433467
27,2.440154323786157,23,Baja,95.06176834028841
24,3.3280111590234394,23,Media,78.49933951011512
29,3.4825709851476763,9,Media,84.30887089576859
27,3.3546749509768152,35,Baja,100.0
26,3.7781001819713733,13,Media,83.55399385699066
21,1.9072858381719346,8,Baja,95.34575713838252
24,2.482951863355365,6,Baja,75.56739424984474
18,3.138694997783615,19,Media,90.24851468980826
21,2.9044403959428924,5,Baja,92.97078798370347
27,3.319835598273889,16,Baja,92.24568973894132
28,2.404931160230775,34,Media,70.68156879383586
27,1.9588179280383329,36,Media,77.6067515441083
24,4.1625550661148445,10,Media,81.80040827974963
19,1.326007756798052,15,Alta,77.35685092586567
19,3.1522051533873263,20,Alta,85.19485352549331
19,4.3195592110775625,19,Baja,66.79874128555414
27,2.5974977801185313,11,Alta,94.64689898427585
21,3.1143563020197633,21,Alta,84.54359717902034
21,3.8967829672723298,29,Alta,85.65534769215871
24,1.8314695190702468,36,Baja,88.05177241289576
19,2.6527681104340184,30,Media,92.44372552228677
21,2.3907801666784465,26,Media,96.4350479468143
29,1.0271403202790952,15,Media,100.0
28,2.599282668436041,28,Baja,73.70187103863168
28,3.6137208985037,24,Baja,71.90006452180407
20,4.125316787248372,15,Alta,82.67236628421881
21,4.315640764277077,5,Media,64.03799639426688
18,4.303644809758027,16,Media,82.8586536192508
28,3.2933958383867803,10,Media,100.0
25,2.976249014591643,24,Alta,87.18144830291705
20,4.631958151535519,15,Media,100.0
21,3.29075439208747,22,Media,86.11730809148771
21,2.1177994752968665,36,Media,100.0
26,3.2223956694081215,5,Baja,94.48422232207761
24,2.6213087690209336,32,Media,70.9206140896645
21,2.2030248491515363,36,Media,83.70898146341253
24,2.595729943378881,29,Media,89.72072488327389
29,3.1764197260767078,11,Baja,80.69670939503861
22,3.8428675150609894,21,Media,90.74243043223194
23,3.2255856417589137,15,Baja,65.87582609045236
25,2.4375041697855293,16,Media,73.28468538323759
22,4.015966061274732,22,Media,83.25973393916452
27,0.5512004053503228,24,Alta,96.52893010627893
19,3.1782808851676956,8,Alta,82.78926830550645
19,2.8441733977487833,18,Alta,88.70771702391357
20,2.012210650150439,38,Baja,80.25479815670732
21,3.128959935311964,12,Alta,93.0535944873919
19,3.1778468862469347,7,Alta,81.2706717779414
25,3.528767121285661,19,Alta,91.96422712755393
24,2.77615307241091,30,Media,99.98132694446848
18,1.3252175422492611,20,Media,78.7668770705952
19,2.276526683036736,8,Alta,83.68171172609445
26,3.530781237025529,37,Baja,70.2240166609571
22,3.7750400238917976,36,Baja,73.4476735847383
19,3.469113285526282,28,Alta,65.89023264705762
29,4.333210089871327,15,Media,81.55063260048347
21,2.937594668305475,30,Baja,70.2402597107902
18,3.1995064933531636,36,Media,87.88953437015374
18,3.572632496537286,8,Media,87.9739336559637
27,2.2415231144649614,39,Media,72.23170929153378
29,3.560054408753282,29,Media,71.05414961408013
24,1.7947323408459754,32,Alta,73.8754897523023
20,2.663413107589987,24,Media,73.89022749278178
22,3.7369141766498095,6,Baja,82.01791607587002
27,4.174311139793047,18,Media,100.0
21,3.7897595030038413,25,Alta,94.15655249767558
28,2.080279899314208,7,Baja,91.80032970234447
24,3.4077056974631046,6,Alta,90.565763742186
19,2.2797706428432076,21,Media,84.48095072578172
20,3.014543711796521,34,Media,89.99150993679157
25,2.9962661716336414,36,Baja,77.59521567939703
19,2.6467132122189,32,Media,81.58211438060152
21,4.076930861122977,37,Baja,78.2851967067168
19,2.883216128269735,30,Baja,77.78676124566792
21,1.7675878125952886,31,Baja,55.55941699191078
29,4.8609926983631,9,Media,98.63916910340421
19,1.7789584269397363,9,Alta,85.11398936595566
19,3.349991937629674,18,Baja,71.425554482657
26,1.7360871698179845,16,Baja,90.56608088798238
23,3.6025535836614107,26,Baja,70.98359024075116
29,3.098898095295961,32,Media,84.57969133382139
28,2.5727521380743603,10,Media,73.1231237177849
29,3.438983599806179,6,Baja,91.82246882507546
25,2.6445078993828273,36,Media,89.82450675798873
26,2.9157632605841814,26,Alta,80.30448687911495
27,4.498953883199268,37,Media,81.2912903966159
27,3.249148064854419,6,Baja,79.18937427992049
23,3.8006255969444895,37,Media,79.6871636566244
28,2.269858467736462,24,Baja,76.78923977424157
26,3.9583640045971404,31,Alta,98.63901534174325
23,3.4843512907472673,16,Alta,80.52104805489591
23,3.3052256647939826,11,Baja,90.60996639303376
29,2.2787085066652346,28,Media,90.58282603181131
18,3.2777023346910634,20,Baja,85.07806920718616
24,2.792236672644037,30,Media,76.035717292476
19,1.7132884489409834,16,Media,94.47057002300599
29,4.249679520532174,34,Alta,100.0
23,2.830438314206973,9,Alta,88.92726247661048
18,2.425298943930745,17,Media,76.99279123909064
22,1.3445891455465346,20,Baja,86.4542091488357
19,3.3418740066023798,18,Alta,91.6227815252474
21,1.6390141731296577,11,Media,94.80170496091215
23,1.89883754532321,9,Baja,82.33420695934248
29,2.206266238885161,19,Alta,86.0449796747388
19,2.6649593104986176,35,Media,86.2248766105528
28,2.496868361150821,39,Media,84.11945288409083
24,2.899383878905178,17,Media,71.87051202447225
18,1.8694263085837328,6,Media,77.44414325525099
20,2.6002177359258782,26,Media,80.25912085376693
23,2.7143291907095795,36,Alta,84.40228795569605
22,1.8348409147388958,7,Alta,96.2047182545448
26,2.9122237508327737,17,Baja,80.08769220715372
24,3.2606016589671656,8,Baja,78.07416949180673
22,3.567214276431396,22,Baja,79.29991857969283
25,3.211686082423018,5,Media,88.74646908172849
21,2.3396309270665987,39,Baja,89.33464935312375
23,4.213451090071255,33,Baja,93.52657696528891
23,1.8300497669625928,35,Baja,96.86583014224328
27,2.981583049965304,37,Baja,93.57542763395088
25,3.0010523657095765,8,Baja,76.35753774393564
27,1.2551588940601484,9,Baja,94.57112015253001
20,2.916444564810722,16,Baja,87.7343521626738
28,3.811389496804222,5,Alta,94.92989336078155
29,2.871845520517388,6,Baja,67.59270195053473
27,2.979344821118464,28,Alta,77.28685210880977
27,2.9711956418608483,10,Media,80.55506817448348
18,2.727536248423527,32,Media,89.33754880345312
26,3.5343106583787924,38,Baja,87.39104346021247
26,2.1522039469562673,34,Media,83.28598505995572
18,1.904268423081648,34,Alta,89.38761254975157
23,2.9176927349294903,7,Media,72.01393086607263
25,3.293048612606379,15,Media,71.20390384808752
19,2.665578636938957,34,Media,77.4484200231262
23,3.2072103127389986,30,Alta,93.67190583220832
27,3.106126059401513,20,Baja,85.3128709145233
28,1.8122707181401534,15,Media,57.002144530919
18,1.825376856774745,10,Alta,82.5287703133852
27,3.2231229452326744,39,Media,88.43201124863246
18,2.505874882175824,13,Alta,76.25130177998555
28,3.2528896670064795,14,Alta,91.09543139315554
25,1.4302637570339647,15,Media,77.02639201801226
29,2.84650882795644,20,Alta,67.51401765658218
23,2.7055325784036253,23,Baja,95.86513192151574
27,2.8136748880177422,36,Baja,74.12357312546757
22,3.07848993755768,19,Media,74.70780683400247
22,2.2155523380164657,9,Media,84.15267162356824
22,2.6763443817469925,9,Media,80.78636403617975
19,3.62780191162624,17,Baja,89.62401671910722
29,3.013223163258761,35,Media,84.35887882838091
26,2.0102880668644167,7,Media,91.903673122087
27,2.7034989662735756,8,Alta,83.61460496410764
28,2.402472260819861,14,Baja,78.91369966482858
25,3.1053074995002796,25,Alta,87.03202361706877
21,3.3532671468981805,30,Media,86.73582391874334
21,1.218043318613228,36,Media,74.18212904863307
26,2.7986515584143,12,Media,92.6494776179759
28,2.511950868555298,32,Baja,96.50106180891831
24,1.995395745960048,12,Media,90.21661326837092
25,3.029250580325437,28,Alta,72.75597686597183
28,2.6375006483055414,32,Media,67.17310208628541
27,4.088863807725762,39,Media,97.85965749969078
24,2.653851643931503,28,Alta,88.64477149245407
24,3.8078601449280445,9,Media,75.16640424676781
22,3.856939522544635,16,Media,88.49267487937215
25,3.232525154207801,8,Baja,77.31543382919997
27,3.8733690073997655,31,Alta,100.0
18,3.5232706102509392,10,Alta,93.59692993530788
27,2.842592635252813,8,Baja,100.0
21,3.2839660625817717,30,Media,80.0202058080337
18,3.4060288194775756,32,Media,73.30481768286263
22,2.05732863908383,36,Alta,81.37707943764963
27,2.763725951296673,35,Media,72.43899076875552
21,3.057327959332507,18,Baja,85.75858043023675
19,4.054901743549724,14,Alta,78.54377061418994
28,2.7245387232941707,27,Alta,85.89493077792837
28,2.3283266839740637,6,Baja,100.0
23,2.4167831023779796,17,Alta,100.0
24,1.980354017913066,35,Media,72.45110517879444
18,3.456111466036451,39,Baja,80.01644196609244
21,3.022441952250618,27,Alta,70.41568640392735
24,3.916139862632261,12,Baja,89.8866833231126
20,3.395166433977076,16,Baja,86.28320574618328
24,3.355754861414838,38,Alta,81.66344313392361
27,2.9103775995958445,11,Alta,83.52854517489551
26,2.805647634083493,32,Baja,66.77826841891793
21,2.625221669261567,9,Baja,67.26646233514066
27,3.6393634107470514,18,Media,93.02514629847651
25,3.4727181841474937,9,Alta,58.623854501937714
29,2.7717325871734837,33,Alta,85.22387368061864
19,2.613101844904254,28,Baja,59.3248846080006
20,1.9662163817891984,29,Alta,100.0
23,2.377354818634668,17,Baja,92.33267175213416
21,3.630190121457198,24,Media,89.26273782364005
22,3.3544082229598002,17,Baja,100.0
21,4.143546720617325,14,Media,76.54553144869661
21,5.0,12,Alta,88.84399060478782
25,2.347734908503167,28,Baja,89.18516069104449
26,2.7548497024818404,32,Media,86.18505706243184
27,4.194135292209769,39,Media,76.72829731034317
24,3.7345597714915546,29,Media,87.07789829990855
23,1.587016663793216,21,Media,93.95201698368174
21,2.756410766911177,14,Alta,70.9223884071769
18,3.492826549286433,19,Baja,77.89480695225055
20,1.7500709633096516,14,Alta,77.94607916197647
26,4.052989139250222,27,Baja,82.15308478536427
24,3.1830130946068036,39,Media,84.62105456563114
23,1.7323394674390058,32,Baja,77.41093375410283
21,4.420973063477007,13,Media,73.57361519074206
29,3.3461164832331978,37,Alta,99.58904953287998
19,1.9452678532434142,33,Media,100.0
21,3.754219863442613,24,Media,74.78575511360006
25,2.4283409212737017,39,Alta,67.60221115999624
29,4.601869510381224,12,Baja,84.90620175753794
20,4.1948658659102565,39,Media,73.95337434275359
20,3.3352526458462792,14,Alta,98.27013154245489
24,3.3150704309653127,37,Baja,91.0693784686706
22,3.8518804089721668,11,Baja,80.21643628732791
22,2.7373139523822907,6,Alta,83.35558893520168
24,2.764394033732088,32,Baja,74.04994168393755
28,2.9044495430566224,10,Baja,78.10093525725473
22,3.863156742980927,25,Alta,68.27084796643267
20,3.469738244748136,13,Alta,95.52076986109779
29,1.55829035488937,32,Baja,100.0
29,3.3293857555974835,20,Media,71.67977848892765
22,2.1604510006748727,7,Media,80.73558427930621
25,2.2869870732239512,25,Media,74.44034325617535
21,2.3944261440695493,25,Baja,79.38517364033137
27,3.1196123696815774,12,Alta,100.0
18,1.7137885685412162,6,Media,77.139709553707
25,2.197687919793486,20,Media,91.54496004716908
25,1.9997859945148195,30,Baja,79.18610338432296
23,1.650650718448608,7,Media,77.43990162339445
21,3.8962729912742273,14,Baja,83.76496403085854
29,3.332881324534821,9,Media,78.8846486016745
23,3.1746550154515627,31,Baja,89.87390840257157
27,2.658850706087982,11,Baja,93.30812119141994
20,2.304979361280142,7,Baja,90.3670743467947
18,2.4275521587690334,8,Alta,89.1541188619311
23,2.170873979229506,12,Media,87.75214238978792
26,4.2736784486740005,39,Alta,83.11439846676512
23,3.013597314813447,33,Media,84.90057329515582
24,4.323246766572163,18,Media,100.0
23,3.3717350388095335,21,Media,100.0
18,3.385011872510227,9,Alta,87.29353167839115
22,1.2355682186566592,15,Baja,77.6063869847082
28,3.2538082525591063,29,Media,93.44488484857231
23,3.2995169876509647,36,Alta,62.160772192986045
24,1.347567172297561,32,Baja,85.17662625335436
20,3.1292934790139357,18,Baja,82.30251547239736
18,3.3721663546231477,14,Media,72.81836588695778
24,3.5062995689049665,22,Baja,79.8390736139558
27,2.719035541238159,7,Media,84.91887883548259
26,3.344446460070457,37,Baja,83.3005925499754
29,4.1387099370066185,14,Alta,95.96394009249495
29,2.6182484693358923,32,Media,76.47307576864249
26,3.3673029326291486,23,Alta,61.59334241643306
28,2.4240247779086523,12,Baja,88.13866228282387
18,4.403524278497981,15,Alta,84.75550123890858
20,4.138610847204132,18,Baja,89.43387453835031
29,4.124638058714433,31,Media,87.50263958189193
20,2.306492391502885,37,Media,88.96685189536232
21,3.724618251715656,26,Media,78.10675805883226
25,2.3269833846338637,17,Baja,66.56671600108793
23,2.963959389826938,11,Baja,89.47076502806715
19,3.2032853528685816,5,Alta,77.908336665956
27,3.3433300405227366,25,Media,100.0
22,2.001895337884571,18,Media,76.2698291566887
22,3.3989356354499614,12,Media,90.79172240008846
24,1.9931465919253384,35,Alta,100.0
20,3.560255079897189,35,Baja,97.10695054119857
21,3.778374353533046,33,Baja,91.06902673474639
29,2.5829299814351048,19,Alta,95.64046893980833
20,2.6535850780488666,33,Media,79.81382043245823
22,3.570816831276663,39,Baja,100.0
23,3.93288496000708,23,Media,89.43474207454722
21,3.601992681379113,30,Baja,83.51979276972882
28,2.419127243988888,7,Media,87.53251509752522
26,3.196446058219658,15,Baja,74.19823385762146
19,2.9723436419564466,8,Media,80.61275601386856
24,1.8401564284979737,39,Alta,89.93978211916561
24,3.6182721484964655,10,Media,80.89343491702815
19,3.4188610589007546,19,Baja,100.0
28,1.9372310161577662,19,Media,98.92383567647822
22,4.132296438820079,29,Media,94.25435947932677
29,3.5470765546893306,39,Baja,81.19930874719874
18,3.393602965193933,25,Baja,58.75291392722518
19,2.064382001635919,18,Alta,91.42276562749794
20,2.6744613902901677,9,Alta,78.84973194952065
24,2.7592085820056633,9,Baja,81.46569964104303
26,3.3766170161088445,28,Alta,91.85408815771058
21,2.198629395584588,21,Media,88.45604915680255
21,2.7820469953081295,7,Alta,67.142529085463
26,3.186466660560447,15,Alta,73.91238939336361
22,2.338597597199383,20,Alta,78.57062724460418
21,2.8503163917501246,14,Alta,76.18887479371693
26,3.799155842094112,30,Alta,86.24059782886206
24,4.151982467200397,23,Media,94.67612324908666
28,1.4302404440762313,38,Baja,80.01584998190502
22,2.6181595876526362,31,Baja,74.37329040273427
22,3.538548974571961,13,Media,90.19065828603308
22,1.5051958233405596,22,Media,93.26272780176303
18,3.02036046394042,34,Baja,89.0726526499394
28,3.383867982880227,5,Alta,82.90108918512935
20,2.2111177576522345,15,Baja,94.49379323757715
23,3.884631904008064,29,Baja,92.18174471457249
24,3.603159831160805,25,Baja,95.74927059854281
21,4.40059785671884,38,Media,81.69660867576764
26,1.9826750459874134,38,Media,88.14312825780878
24,2.2228358336337175,33,Media,65.52787381824477
24,3.6293814667873736,27,Media,73.67050454048595
22,3.1445680732779464,33,Alta,52.87742716880292
24,2.920956644247573,10,Media,100.0
29,2.9124742929427634,38,Media,96.89057403694264
21,2.2344344092249533,35,Baja,86.05549494821025
25,2.969570309838109,6,Baja,98.18849491866725
27,3.4221275755709497,14,Baja,92.25841367327455
20,1.3851799282513553,12,Baja,88.02643974840674
20,2.1001915250051697,7,Media,82.09035899883793
26,2.4952763821728494,15,Media,93.76604468515896
26,3.246526219378695,28,Baja,80.7282373795615
27,1.7759788256595028,36,Media,71.55416262929899
20,2.9170369606519317,36,Alta,90.82937975984436
27,2.090923834654572,11,Media,88.82190394331346
27,4.219218610432451,26,Media,88.01823084723935
20,3.328210449320661,22,Baja,79.12491193791277
20,4.5641162842811545,23,Baja,79.14709297019061
21,2.8653940301155414,24,Media,81.55342058939344
28,1.6673262807437077,5,Media,85.55927093979281
29,3.0238059484436186,32,Media,69.08153480445635
18,2.341332145844102,19,Baja,93.25270882087767
18,3.662587074680798,13,Baja,95.39426105963223
23,2.7340207418676394,5,Baja,100.0
22,2.1112120520472684,16,Media,81.44468139818557
19,3.3713233159694536,28,Media,87.73671373645088
18,3.1539915612043066,21,Alta,90.58588148810406
25,3.300788147444278,23,Media,85.28138048621722
22,2.7956765175086207,19,Baja,79.29281456514711
19,2.459109111832998,19,Alta,74.37062054908216
21,3.6170440920640554,12,Media,96.95264666221841
19,3.4803051133232934,39,Media,85.28842558244297
27,3.3531769505022786,20,Media,84.84214234458521
19,2.7268849657396075,18,Baja,98.02388306237847
22,2.9701428505928114,25,Alta,70.80085589068688
27,2.7681543739477026,25,Alta,74.36491950784907
21,2.724132815737854,21,Alta,84.18034258550145
29,1.6966894785331215,23,Alta,74.61394672883112
26,3.371887180785812,8,Baja,87.45621336794471
29,3.9454294040759805,24,Baja,73.64191095564266
19,3.7079453759625984,30,Media,86.49543932299623
28,3.1591283314668526,13,Media,79.6721077975109
23,3.778408413345367,15,Media,80.80443209622977
24,3.9811254403567187,17,Media,82.18951793238887
28,3.3684653931274533,17,Baja,100.0
26,3.0262588309497978,22,Alta,92.2584089191848
19,4.263483252348934,15,Baja,81.85955356536134
25,3.4885426507188555,31,Alta,83.5790696636887
25,2.0810751658933886,21,Baja,90.53984765910293
18,4.033457144895036,16,Media,92.57620360255939
23,2.45646318199561,18,Media,72.35428346816379
26,3.8979872023176267,5,Baja,99.13658443557547
22,3.620303083858153,15,Baja,98.24409003590382
24,1.7714197828415208,25,Media,77.9181540183869
21,2.244507643195207,31,Media,90.28149235867112
26,4.061301846243979,15,Media,80.1532831991324
20,2.7220687937881833,33,Media,92.5646488744019
22,3.7549018569072077,34,Baja,100.0
23,4.110315969931118,30,Alta,91.29813587027293
26,3.9528215326863583,10,Alta,100.0
27,4.455522081450946,18,Baja,82.98090651809105
28,2.380462594102338,13,Baja,83.90370276991428
22,3.359386819963547,7,Alta,85.93413731036365
22,2.3720803957345984,13,Alta,69.42321532347785
22,3.8078502159297605,18,Alta,76.85223432329143
19,3.4682007022800168,19,Media,76.08099080917032
26,2.340321392205,9,Media,86.68361088851196
24,1.9795242014291372,32,Baja,71.67940237387259
24,3.42167864816365,13,Baja,56.92708320648927
25,1.2957135350375024,20,Media,100.0
19,2.7150959172304328,19,Baja,76.67309522788321
26,1.5335584295553215,39,Media,82.44873608666522
22,2.584547447287503,14,Media,76.89939795430794
21,3.0906294150420224,35,Baja,86.96769393938348
27,4.677425288028468,27,Alta,87.34611230926376
27,4.079006830261706,25,Alta,98.68067326251938
18,3.1648535260677613,31,Media,70.89896160063462
29,2.729259243715209,39,Alta,77.8749727094923
26,1.6358761241833273,22,Media,95.03247381742267
19,4.390898243884679,18,Baja,85.83362149565127
18,3.6686800921687155,21,Media,83.86969942017059
29,0.724126692275012,18,Media,89.85603865610236
19,4.143363875512654,20,Baja,85.34785846349077
26,3.841297980254559,35,Baja,64.68924241937732
22,3.682789400526385,34,Media,75.39686304023093
19,2.8256423670993596,27,Media,69.98002875744545
26,2.9534919754308486,38,Alta,87.70923667685416
23,3.2867173372126612,5,Media,74.03510123233073
29,3.30256288897702,28,Media,87.54037259909404
18,2.7128378931740826,36,Alta,79.81135576199316
26,3.41995713172483,15,Media,65.061874608918
24,2.458742895142213,25,Media,99.65273724732258
18,3.5677961856786813,24,Media,79.09335641177795
23,2.074559619581883,17,Media,78.87757053446977
23,3.219986333806148,39,Alta,89.51839676272007
27,4.584096473699436,8,Media,76.57878080316439
27,2.7236895008355253,29,Media,85.63274963843543
22,2.563828118494581,28,Baja,81.263859988615
22,3.669472336398477,29,Alta,100.0
24,4.28492405636643,19,Alta,92.94126579032294
28,3.555384044358192,26,Baja,94.85619556847027
27,1.8262630902078512,20,Alta,92.83469500663993
26,3.955260260668549,23,Media,83.30436972069703
23,4.320750506695065,21,Baja,90.34186330711266
25,2.4377291655946403,26,Media,87.82019777146559
18,2.5651552368526596,14,Media,89.77858260816357
23,2.6955057034578442,21,Media,92.23882766167634
18,2.524935115864868,26,Media,84.48058141944878
22,3.036631388887988,17,Baja,95.21410652854058
22,2.679829947854717,35,Alta,81.90512559591537
21,1.9530322264875204,36,Media,78.28257292953914
21,2.2817380164160044,37,Media,87.36137788575502
24,1.5270748710792974,18,Media,92.04290219167942
18,1.9970707571346789,29,Media,73.45830866360086
26,2.969306279406956,24,Alta,95.37673120062425
28,4.364979822205483,10,Baja,100.0
19,2.5411694882143796,30,Baja,88.71702761529352
20,1.9764356650725434,35,Baja,78.55485540433007
19,3.2955313006727183,6,Media,84.47957153926487
23,3.93473497718947,27,Alta,80.74764547673298
26,4.521841052655729,18,Media,73.42939335986509
20,1.7822436879099075,29,Alta,80.68753357764983
21,3.1922847347136747,21,Alta,79.99858763875322
29,3.3853062746176157,16,Alta,74.55762646876721
21,3.090417331250554,35,Media,78.69367206051018
22,1.4664849720572106,32,Baja,75.76550592625992
24,2.4987969748847476,35,Media,69.691211523568
25,3.154265251482077,39,Media,71.84364733787139
27,3.765516147279517,9,Baja,73.94207193130947
27,1.3608519380263768,30,Media,88.1839077137958
24,3.7785801426307177,14,Alta,99.18166425875953
23,2.0049992542749866,21,Media,90.55654658159314
27,3.808199743650029,11,Alta,86.04110997817934
26,3.501401899628682,35,Baja,88.9453538603808
20,2.667187923900253,15,Baja,87.10090949568553
25,2.1724453930213428,37,Alta,87.73310167957686
21,3.2803348578189118,31,Baja,73.83446926105918
21,3.702411437006859,7,Alta,72.49403177850755
21,3.4602113423200063,36,Media,82.17673102611992
20,3.4638602254930864,26,Baja,68.94610244211341
19,2.342714692789984,21,Alta,68.76813139816713
21,3.8404411153519606,21,Baja,75.31284914251255
21,2.1671953861965996,37,Baja,93.05562979176955
28,3.9583208996123616,37,Media,83.97198756734417
18,4.379101902506245,28,Baja,90.50473356638805
24,2.8913436310847977,26,Alta,94.02920411025451
24,1.6429014718006238,25,Alta,72.13721113961847
22,2.9453605224500397,35,Media,86.70853451190952
23,4.457997165187173,18,Alta,78.68711135999312
24,2.5644218437898294,12,Baja,71.88775185508555
26,3.295254359597707,29,Media,94.58144392373366
25,2.392104877565864,7,Alta,73.86643530064258
21,3.3428913795452124,31,Baja,90.24244489992233
29,3.2347039782506632,19,Media,91.6924175775101
26,2.857872937290961,39,Media,88.66957661809259
28,2.4047269460931524,30,Baja,88.06230219654887
19,3.8129066469457653,18,Alta,82.6908207031513
19,2.4114111128421176,27,Alta,97.51902104037532
21,1.9757709005826454,10,Baja,72.25836998609932
20,3.5749831842930213,20,Baja,76.0472870428589
28,2.132366017208443,13,Baja,95.75739767726452
20,2.162157534914655,30,Media,84.33045920913771
22,3.1441946552382936,9,Baja,77.085172934927
23,3.1276392084893967,9,Alta,72.98903848442505
29,2.2565974641242112,29,Baja,79.71991798144023
28,2.4560818442697867,28,Alta,96.58081846306716
21,3.537175223847405,39,Alta,83.47332675564394
26,2.492226578537453,23,Media,67.11465471549747
29,2.9204830704352833,7,Media,89.27667413391933
24,3.1867888209132116,6,Media,82.5906713140366
26,3.2604281755026996,39,Baja,100.0
26,3.3110774247761854,29,Alta,71.4916907224932
25,3.2291319178871767,34,Alta,77.6834452820965
23,2.315949951618496,28,Baja,77.71954899121336
24,2.559128703184915,28,Baja,72.53632512562811
28,2.7442152194687583,39,Alta,100.0
22,2.35888693489849,35,Baja,100.0
19,4.023763941215316,29,Alta,93.84466199345997
24,1.97534640745744,33,Media,89.95159896629201
28,4.0862811485295385,31,Alta,72.84494051624156
25,2.834655258660815,9,Media,86.02781346694213
22,2.7829646826603875,22,Baja,61.10292961384161
27,2.2496465374834913,9,Alta,82.91906398963799
28,2.571335513227693,35,Baja,89.16608424566611
24,2.983616054526862,8,Media,88.02176260896786
20,2.0193353703724273,32,Media,87.06218556204162
25,4.253141957841764,22,Baja,89.50954136924172
28,3.9136501433899595,28,Alta,85.92272237163382
19,2.1436586757415617,33,Media,77.57404871493544
24,3.465962586796249,13,Alta,71.04695166888459
23,4.124363192742538,36,Baja,81.34079588934719
29,2.2401128930069376,27,Media,96.09521265188705
25,2.639484262188474,26,Alta,89.83301626648415
22,4.044488888752443,14,Media,96.30696519895852
28,3.9477407481940534,7,Baja,100.0
26,2.7134533246079373,8,Media,82.00985903853463
29,2.2542319803496493,19,Alta,94.25756278793233
22,3.789297567137635,28,Baja,83.48866307053385
29,3.4963866315552488,23,Media,89.15347245658972
25,2.622395272982462,12,Alta,94.75734699596146
23,2.913595960937766,6,Baja,82.7604003608183
20,2.7111862413084253,22,Alta,85.80984024518365
19,3.4342746913091897,9,Alta,78.89145019200609
19,1.4623999804908818,11,Alta,96.25835662191129
25,3.549715029546462,9,Baja,77.14311426607473
25,3.84660202937624,8,Media,87.99428321646457
27,2.7425516417798423,10,Baja,77.5846959789727
25,1.7408291851153663,25,Alta,91.20583617193152
27,3.1306963975408744,37,Baja,82.05908207220533
27,3.923775933302176,20,Alta,87.61893784728699
28,2.82686693351718,11,Baja,94.71068170320486
24,2.580442123615388,33,Alta,85.68032449012375
23,3.7709252447231596,35,Alta,77.03739660314285
29,3.3133088570955764,6,Media,86.05456102767008
21,2.025685354294948,6,Media,82.38310367635572
21,2.061147378192805,5,Alta,74.15255181701008
25,2.6309899718532654,37,Media,94.10197505284725
23,2.3109080418890766,16,Baja,82.56944020351393
19,3.011925752571591,29,Media,76.99329752917359
21,2.747085144656126,27,Baja,81.29830897127947
19,3.311961111605272,9,Baja,88.12732407206767
27,2.9177815146552897,7,Alta,97.01203825789054
27,2.831272105125367,11,Alta,72.93686186655346
19,2.528991684571889,16,Alta,86.97683970977843
20,2.5229714278033932,22,Baja,74.8913459815629
27,2.2450091073307954,21,Alta,74.22300518820843
19,1.0272144586731413,11,Media,96.62551258440747
23,2.0625031047095956,34,Alta,85.41998355145554
21,3.6762584074453013,15,Baja,87.21300671326534
28,2.9750569143729275,37,Baja,84.1796348076567
20,1.776672852409877,30,Media,93.71132857921359
22,3.9794508200051517,7,Alta,94.39786700133729
19,2.42673549900039,29,Baja,85.29186028497487
25,4.010744770466638,15,Alta,86.72154495861254
25,2.1578268351804915,8,Baja,79.43257349418903
22,2.821683203910199,22,Baja,87.52974579473188
26,3.0302802939246547,25,Alta,78.05705757414513
23,3.1272100749261607,19,Baja,94.10031339548624
22,3.9526401068737855,18,Media,93.60684666448662
29,4.289240671404565,21,Media,94.16088414553711
26,3.651057166852284,35,Baja,92.1832108267306
19,2.9946019289898844,37,Media,100.0
25,3.444259004708046,22,Baja,85.65791635496983
23,3.9537838593506245,26,Alta,67.18690660584573
23,3.029816914889888,26,Alta,100.0
22,3.4016532845367347,17,Alta,69.21879343378484
26,3.6813629418875533,9,Media,81.06452150576024
25,2.710199365976859,13,Alta,80.42989913482913
18,3.1598596509132846,26,Alta,75.38512300463076
23,3.0500998811020374,29,Alta,94.43641610558335
23,1.8331222781302827,20,Media,90.22537943677985
28,4.429795577722951,12,Baja,70.01489040934557
28,3.762624076368733,28,Media,100.0
20,1.582755477280245,36,Baja,82.07499085873609
27,2.9968525148786376,32,Media,97.58299004667059
21,1.551222685303956,11,Alta,82.98711904419977
25,2.2401342048256043,24,Alta,77.51161361682553
21,4.780056814342684,11,Baja,61.80139562141671
20,3.5955045019876644,29,Alta,75.94501786172546
18,3.2764255533045104,37,Baja,73.82729154574632
27,3.085641677641776,38,Baja,83.03968327736247
24,2.2976337293999842,28,Media,90.68277797047274
29,3.4539873511195993,37,Baja,77.37985250483229
26,2.1204903875671026,39,Alta,82.66826708236898
23,2.8046429846436056,14,Baja,85.11148933551036
20,3.700037900241389,33,Baja,89.68325916940805
25,4.337766249095731,17,Alta,83.40572706713121
23,3.228067212365235,30,Alta,90.41666149421187
29,2.708801082606557,9,Alta,84.50083696727872
29,3.4265398037572123,13,Media,95.15703245004792
26,2.051199784219307,15,Media,82.44600047557472
28,2.44342288662913,17,Baja,93.5174962769041
26,2.447275989630089,9,Baja,81.63470004241395
19,3.5582860716972906,15,Baja,100.0
24,3.019824801925611,18,Baja,83.33847940481586
29,3.5637526180895485,11,Alta,78.29269716332455
18,3.6850540697921526,25,Baja,90.97164598019688
23,2.704347610606603,14,Baja,76.4795076250681
28,4.109905040508547,16,Baja,100.0
28,2.7648204205088716,6,Media,80.83848827041501
26,3.531654900416269,16,Media,83.17964396048147
20,2.842293089167349,27,Baja,65.25910397050097
28,3.1875152013657186,27,Baja,86.84067091501517
24,2.14752204759684,29,Media,100.0
24,4.23456848883053,7,Media,100.0
25,2.294268838558999,36,Baja,86.56912247803602
24,1.0495136520170063,25,Media,72.54217722582759
28,2.426822765184273,18,Alta,79.3267992679363
29,2.6801073208335127,18,Media,73.08889242034881
26,3.8635499527894317,10,Media,80.2464428215794
25,2.3256512610636326,10,Baja,78.05011508114698
28,3.759808592582729,27,Alta,80.30949910942743
22,2.6495521423416624,36,Baja,74.51248872497457
22,3.5842128776817903,15,Media,70.86703358146286
20,3.1995835404612407,8,Alta,94.04168263274117
25,2.627770936194545,17,Media,95.58203782188602
21,2.398839138287235,27,Alta,99.20458368798941
27,3.307886468103447,18,Baja,88.95117910645946
26,3.112902088317494,37,Baja,82.67400216728068
23,3.9350995479430395,24,Baja,82.82499014648906
29,1.9409378251566365,10,Media,65.40868389341526
26,3.0760634975731733,13,Media,69.2404924471557
20,0.9081057340176644,14,Media,74.98064302663089
22,2.7946317292987506,27,Baja,97.15870447570933
19,3.0599725247212097,33,Baja,100.0
18,4.209066213393786,6,Baja,94.68330861260085
29,3.7506193836780026,25,Media,97.94265353403902
24,3.5273440943996475,39,Baja,60.38093024548562
29,3.2163577756936674,39,Alta,83.34315133039189
20,3.714703566788014,13,Media,84.51377479251083
28,2.518787602453506,5,Baja,92.48901203906173
21,1.6456210171312948,7,Alta,100.0
26,2.8976175404824414,33,Alta,62.92704677446563
23,3.089621398622411,22,Media,84.29518165580748
27,3.9687410211793903,14,Alta,92.45853751198868
27,1.9737369903908508,19,Media,92.09520468002938
18,1.890064738018307,17,Alta,90.32843718200178
20,2.9063194718619414,15,Baja,91.39269230535966
29,1.7976110786183561,14,Baja,100.0
23,2.326405598562089,35,Media,75.12385335072184
26,4.373483703441298,23,Media,83.14120800324352
27,2.89189608991566,35,Alta,85.50639135645173
18,2.601609322269439,39,Baja,87.6934123542206
21,3.2878137981095277,37,Baja,73.37464031100625
27,3.510848269945719,26,Baja,92.47403910700322
26,1.4066068303982462,18,Media,70.15003701672627
29,3.6656533267428877,39,Media,95.53799179908742
24,2.288630440486992,36,Media,76.05817010016727
18,3.094264657275868,36,Baja,83.00333652794855
27,1.398763139877998,34,Alta,76.68360266348267
28,2.106422104444084,25,Baja,86.16806446902616
20,3.508779905521536,19,Baja,88.95308744039389
29,3.689905514043951,15,Alta,86.82462191745093
22,2.435877060185743,12,Baja,86.82530492161763
25,3.0551168930176096,36,Media,77.91651900040063
27,2.8483675597841382,22,Alta,92.55823969954017
25,3.071763827370036,33,Media,98.56407974156593
26,4.345672517330933,8,Baja,72.7622780708095
23,3.394207580315106,5,Media,96.28088645688139
29,3.5253137643902965,22,Baja,86.79368934622022
19,4.00109425890099,6,Media,84.52547244479344
23,3.96854884573243,37,Alta,63.78286663522077
21,3.7862776539247602,38,Media,100.0
28,4.828881222916096,16,Baja,100.0
24,2.5035567285875757,6,Baja,87.07425552424525
29,3.1602161855095483,34,Baja,65.32673345632747
21,3.2893719872456315,9,Alta,87.8114550431631
27,2.8844388857627674,14,Baja,73.8449446355286
22,4.218414855993604,23,Alta,83.91232812868576
23,2.9724224534571917,15,Alta,76.0533731992853
29,2.8249266013309824,22,Media,79.19662783623028
29,2.7735225206058853,22,Baja,80.02010150832542
20,3.916714790375468,37,Media,75.86918845261295
28,2.861981763795666,14,Media,86.31863078590378
27,4.3250599963152165,8,Baja,80.55136448461784
20,3.594833491844563,36,Media,79.7044073312552
21,2.133177155852521,31,Alta,76.71734800954432
28,3.0434304359935114,38,Media,80.0651599577092
26,2.158179522026706,24,Baja,85.71766207528583
23,3.7313539892920815,11,Alta,92.3618202418041
26,2.511177722701144,17,Media,70.57260590853623
29,1.9989316380303264,31,Media,96.75506827212345
29,2.2346919128146667,29,Media,87.5191539025645
19,3.041888268746966,23,Baja,85.59560801820473
22,3.3266487229480917,18,Baja,99.4802982907481
29,4.338188530291758,36,Media,82.02855474318791
26,2.1836895874045004,12,Media,85.33439663771547
29,3.3469220794754095,31,Media,82.643671239702
21,4.137403573937198,27,Alta,78.6554058876567
20,2.459287093104683,17,Media,68.86902037804731
29,3.174011740484496,13,Alta,86.46530231160737
19,4.231663402910388,25,Baja,92.66738545166464
23,2.8096963892136557,30,Media,87.7979641174191
19,3.0024893769982057,24,Alta,79.40396977034895
21,4.065283864042259,22,Media,77.53828257665215
28,4.454979281814115,30,Media,99.5902220560471
26,2.7358495588872076,28,Media,56.65940798019848
23,3.024818264506896,34,Alta,84.04633678955823
21,2.9913705914383932,32,Media,77.8199697502038
20,4.102586835367139,36,Media,70.88779142143585
26,2.0652097429879643,29,Baja,92.49539252016791
20,2.3871445093369696,13,Media,77.4310359920357
25,3.6999231429292645,17,Media,81.46318705254633
19,3.439858198792537,31,Baja,76.85500101294228
29,3.062038727703574,25,Baja,88.98914970806968
20,2.0256693129896104,25,Media,91.15563966099778
27,0.7507287362156672,9,Alta,85.47729827737575
28,3.4714796638718637,7,Media,88.67767282865323
19,2.427635822920233,8,Baja,87.38203890056396
21,2.745281134193689,12,Media,88.39792766977398
26,2.4629864857083885,16,Media,99.33224756652889
28,1.9417073222530068,13,Alta,69.83825029959883
29,3.400336226419636,8,Baja,80.67595009337383
23,1.8444605600297188,39,Alta,80.69663641743088
24,2.2762285516919682,26,Alta,86.44913305395372
22,3.1335671425825646,28,Media,81.79323044119496
27,2.461357082471468,37,Alta,93.32986552748586
22,2.3693181272141124,11,Media,77.6147711001332
23,2.7573380364614755,25,Media,90.91792909019381
20,2.1465441032799424,23,Media,81.78286733869095
21,4.270442653963442,35,Baja,69.7845294385465
22,3.663767878873111,9,Alta,90.08196975421747
29,1.978976544622811,17,Alta,97.10135096145407
24,2.8925669303285453,30,Baja,82.52503736998082
24,3.415356666646679,25,Baja,91.9347119049643
21,3.4362264567921077,8,Baja,77.11499231488915
24,3.193449410874968,21,Media,74.09200552322329
19,3.8964790542020604,22,Media,79.1383598137755
19,3.0205204080983292,14,Media,100.0
20,3.3430337092173836,33,Media,86.72642005364649
24,1.5760944884222003,34,Media,79.48847928440897
21,3.013708297975731,31,Alta,64.65790656942555
26,2.49619097563319,9,Alta,95.43267346628515
28,2.6373411694984563,36,Media,60.617314719825494
20,2.615872843953824,13,Baja,85.33831682689042
28,2.401908486368785,34,Baja,96.05827632374566
23,3.2182508962169645,18,Baja,95.97161572796041
18,2.651735830690965,29,Alta,78.54760861055675
24,3.4256808277975264,5,Media,100.0
23,2.4957906417079747,31,Baja,73.70092711157994
23,4.013093932286936,26,Baja,84.6626613390013
19,4.004026881989983,32,Media,100.0
20,1.9027689285814766,33,Media,93.8294497759723
19,3.08787501207819,11,Alta,94.65702509268837
20,1.9605508701005412,10,Alta,89.1612864396235
21,3.0872453052517312,18,Alta,94.27097850991542
29,2.887981430223452,31,Media,90.67661175863573
25,4.493980276419062,34,Alta,85.02617121656523
20,3.1354853469820836,23,Baja,98.22014491448437
29,3.006023335319034,5,Baja,78.53563182897999
27,2.764127295661241,34,Media,79.72094531136877
26,2.471021305526105,10,Media,89.05624598869835
19,3.2675035376213155,10,Baja,94.52089289349765
26,1.8670586758091923,6,Baja,90.18248180553492
25,3.055912637011094,25,Alta,84.49715599045577
28,2.7978528012577164,38,Baja,93.38959168191649
18,3.1683890498164904,33,Baja,81.31287716720966
19,1.933419157648631,32,Media,85.63955921233493
29,3.6493875920887957,20,Media,94.23921285765627
18,3.434710896939604,9,Media,85.32065098757812
23,2.3596082786823898,9,Alta,73.23880683585988
19,4.388865701685969,12,Media,100.0
21,3.8715318796010743,32,Media,65.42030673082763
28,2.2478416326373587,10,Media,99.87584627007925
27,2.5908767821088095,34,Baja,78.11911743217206
23,3.9436083222491827,23,Baja,100.0
25,3.8470113408238507,28,Alta,96.72339110822404
18,2.5514257453952407,17,Alta,87.18059437799364
23,3.1769503710569693,29,Alta,100.0
26,3.689349975165004,33,Media,79.85857911365461
29,2.671843018028921,39,Alta,86.98532368867652
26,2.53262789572451,5,Media,75.15848372623411
29,3.736440813279466,38,Alta,79.35604065988686
28,3.62051376671397,20,Alta,73.28632371487606
19,2.1204016999077613,18,Media,81.02533563770511
28,3.5532746663419017,5,Baja,74.20778581680084
27,3.968873771634807,13,Media,77.80985592214175
23,3.590606219024522,7,Alta,90.22066935232277
28,5.0,37,Media,94.34230698275641
26,1.7251881469733412,12,Media,86.20704042150129
25,3.069143515916752,16,Media,79.83364073482898
23,1.7190356746119595,24,Media,100.0
27,3.689035879858886,5,Media,80.39631480188166
20,3.472110526255925,32,Media,85.76439753654937
18,2.418500490747642,34,Baja,82.19193879695335
28,3.4431820687646733,31,Baja,91.20180284159265
27,1.945412118517069,23,Media,100.0
27,3.7389644910563584,20,Baja,80.22020798949653
29,3.0517751931465202,5,Baja,78.83408229938911
23,4.243221105594405,33,Baja,81.98435621882078
22,2.8923098272133454,19,Baja,77.78550233822894
18,2.0859719354024713,12,Media,78.63368891666005
23,2.5314165594347156,15,Baja,77.71943637800959
29,1.7000845487007745,20,Media,63.119491125008295
18,3.262704374775734,30,Baja,74.80817150076693
18,2.6174719701789284,30,Baja,92.59811108687768
21,2.5248944825305286,16,Alta,87.6318849149714
28,5.0,12,Alta,100.0
23,3.142507877596609,15,Alta,74.438402050777
22,4.545404297936162,30,Media,76.54226814217483
23,2.4895489224739795,31,Baja,84.06639669085281
24,3.7193135410755835,13,Baja,84.5389236085924
23,3.975440823400638,31,Media,78.22463992547155
23,3.2623177360190327,18,Baja,70.62171790489671
23,3.4232063359342053,17,Alta,83.5783462583227
27,2.5074772531425067,30,Media,86.23132052780826
20,3.4861552851247333,14,Media,70.38055876078047
21,2.9884675715702844,35,Alta,81.90283926929119
29,2.854209246713291,11,Baja,98.23154093965637
19,2.7933777202636327,11,Baja,93.78196202857862
28,2.0327840088230253,25,Media,90.57578027732727
24,3.605902130342476,8,Media,91.43700451095374
26,2.640569293760493,7,Alta,82.26547917474191
25,1.5187812900894684,8,Alta,90.37208243003491
22,3.517777446216063,39,Baja,65.55550772751802
29,3.134148173995836,28,Alta,86.7921774031307
25,2.2951324258293893,35,Media,100.0
22,3.5558849108944868,14,Media,73.6523190602925
29,1.9348694054204618,35,Media,80.4836752521868
23,2.484981852979888,39,Media,92.21456374393419
20,2.7687286302986958,37,Media,96.71144153344781
19,2.9890793958146546,33,Alta,80.26352843205376
18,4.891669991548582,11,Alta,81.60523172918496
20,4.531008383191653,27,Baja,93.85147429225736
25,3.090539662782707,26,Baja,81.69624740070901
20,3.390843248772985,15,Media,84.00130220133973
24,2.781312113754429,6,Alta,78.35613972466815
25,3.2037621900836895,18,Alta,94.96006621516487
21,2.8415957574501856,19,Media,93.35918795838323
21,1.6977762211983294,19,Media,76.71029222689629
20,3.555439763262378,29,Baja,83.65322227391046
21,1.9354999412341127,6,Media,77.31578641986961
18,2.880581789825778,24,Media,78.2241016699926
28,3.6150506759297776,7,Media,85.58489919692603
18,4.555515505996088,23,Alta,69.95455791018111
27,1.863703305854439,35,Alta,79.83264138429038
19,2.3226231444616277,15,Alta,70.61633908635932
20,4.072184598416898,22,Media,80.17643319563466
29,2.8268483786602694,24,Baja,83.99271777823951
26,2.7594065709954023,15,Baja,86.90300537218297
23,3.646878892486999,24,Baja,81.07547659055747
23,3.213243797888332,29,Baja,71.95832023815466
23,3.3555825402768997,23,Alta,90.61224092331116
20,3.5501514964184104,28,Alta,77.03603696102194
28,2.5376889351060585,18,Baja,92.8955397909619
28,2.2752109361822224,31,Baja,81.87763323571065
23,2.445385215977587,27,Media,91.78818653428222
28,4.530186808461574,23,Baja,69.30092198772375
26,1.952050992251278,35,Alta,82.79894396800933
25,2.5398030089007766,26,Alta,80.51101466613206
25,3.0894858398465703,25,Alta,95.84018744732063
23,2.5762571583450806,16,Alta,95.35943730085812
20,2.9366772751383605,14,Alta,65.88071747360266
29,1.0612594861254876,31,Baja,72.88129306046076
21,1.7458191118541402,32,Media,97.25646596239508
22,3.300658327265536,13,Media,90.98992291294734
18,1.8118064321146377,11,Alta,97.54692682808476
25,2.7503462217632384,21,Media,85.07680665346776
26,2.3939305337526102,36,Media,95.64817389284478
18,2.5162503501387254,5,Alta,91.90869711601616
19,3.662989853726985,27,Alta,100.0
28,3.8792433250864744,26,Media,68.24934017873974
29,1.7958758581414132,23,Alta,84.20716175332093
22,3.446932821905858,5,Media,77.19195483766111
24,2.5891660713311344,5,Alta,98.26368465420707
26,2.3433634537191694,15,Baja,63.178929930896416
19,3.5375989997391284,26,Alta,79.00988033496736
24,4.20199988950055,39,Alta,90.73191447487211
22,3.405559711905414,34,Baja,90.24277769772931
24,1.797015106407511,22,Media,87.85101373511864
22,3.372524287697048,9,Media,82.2895049339723
19,3.6996933319956327,36,Alta,89.58448101312524
23,4.618447380577068,12,Baja,88.88449156844071
21,3.1825362724789485,20,Media,86.90806766265024
26,3.1010415018614266,18,Baja,81.48116952549759
18,2.699208605064874,21,Baja,91.38404631417812
28,3.46660684728014,38,Alta,100.0
22,3.215523729574626,16,Alta,84.16487714911207
26,1.4195076401034044,8,Alta,81.26760365122303
22,3.6376796570370673,29,Alta,78.13466686780669
23,3.4707730347704966,30,Media,91.750732035395
28,4.222671246960342,7,Alta,86.10632735162774
23,2.510013767597932,33,Baja,78.58177813091343
20,4.3036013358161505,8,Alta,74.24457094107265
27,2.0312404899278516,15,Alta,79.09850837781028
18,2.875439445482219,30,Media,90.54840111488632
28,2.936790190786426,30,Baja,90.22289000303684
20,3.472030655956234,27,Alta,92.79094532145301
24,2.20127329418005,31,Alta,88.87684086855829
27,1.8253091512754291,16,Baja,89.74565492823906
19,4.057443966678167,39,Baja,100.0
28,3.349392774945089,35,Alta,92.28574298264162
27,2.563646405345368,22,Alta,78.9973874118198
19,1.5930396623950012,12,Media,73.37216656309577
21,3.071123753002224,15,Media,93.7641302680178
21,2.7497721936527673,10,Alta,88.36478828826024
27,1.8095014571638315,19,Media,81.14141505100562
21,4.150887494246002,14,Alta,87.53630914663202
22,2.4940128784179407,25,Baja,100.0
24,3.170275704720949,20,Alta,100.0
26,2.1229800455542986,28,Media,76.53918419988285
20,2.10665127518168,17,Media,84.75592827647141
28,3.0879738925104596,33,Baja,95.97175026506329
28,4.183348426924085,30,Baja,74.8755337192666
27,2.1945270941364465,25,Baja,90.44176857162354
27,3.042361740112727,15,Baja,90.12360532921345
26,3.313208811073789,37,Alta,61.78382008666139
20,3.0722268255147434,11,Media,90.52700974351022
19,3.4809644705350236,38,Media,69.91828438339775
20,3.2158555324494436,21,Media,91.42726756688745
24,1.7167498346982972,23,Media,83.03124614937666
22,2.8320717673090017,39,Alta,87.00320333125558
22,3.937218132078546,21,Baja,83.40833853921582
25,3.095016683924212,29,Media,81.2411565457916
24,2.9708768217208346,18,Baja,90.19742763674051
29,3.324390243279695,15,Media,96.43345643252255
29,4.3314793794402,35,Alta,97.29035692132076
28,2.4876267467466873,32,Baja,73.65748016570608
27,4.4571073789847055,31,Alta,95.65074746265998
27,3.6108541437548474,37,Media,90.46220817439783
20,1.9383213416762142,12,Alta,90.82349686636839
20,3.385635260189668,8,Media,92.38124805421936
19,3.9477049776408366,39,Baja,75.39669988269065
21,1.2783289295311404,16,Baja,84.13576890376655
22,2.5023762295872403,39,Baja,88.80277517815838
22,2.9922499601582406,7,Alta,81.931858437241
21,2.944901541169542,6,Alta,82.15829173965554
22,4.11344374748535,15,Baja,92.34404294918897
20,2.0807347464488952,36,Media,98.41484910466005
20,4.050437997502924,37,Alta,92.9954270047702
18,3.8906043505156696,11,Media,79.08979921796595
24,2.856044872347797,29,Media,78.15635467215891
18,3.0098587033419,6,Media,68.07905196804512
20,3.884123273189529,5,Baja,98.830553844277
26,2.9628922167860683,17,Alta,78.0924616379567
24,3.5873275427619262,23,Baja,72.48983274845237
19,3.1757014114337054,15,Media,90.22196975095764
22,1.0092892881286295,23,Baja,83.10345610919066
19,3.1745421573750616,22,Baja,87.62978825604984
25,2.185352272619399,39,Baja,97.43621049891556
23,3.501651228168055,25,Alta,98.78511515476231
29,2.317414498011135,7,Media,95.1420595764068
19,4.2697541654684406,25,Baja,84.07139304324889
24,4.029985100060551,22,Alta,99.02078898765383
19,2.500812707796255,27,Alta,91.31580392513087
29,3.422571347469358,39,Alta,72.68251826250136
25,2.5747308118206216,14,Media,100.0
23,2.409017446946957,6,Alta,79.0248908195785
23,3.398617547824494,31,Baja,73.04098290505034
20,3.653126945557746,39,Alta,89.80673664554806
25,2.485481941945957,21,Media,63.45170502631422
18,3.2924911048755137,16,Media,63.7371285040403
25,2.778108149244071,31,Media,64.30795598808213
19,2.881770583750185,26,Baja,84.0911440058125
22,3.6716229616223104,30,Media,91.07695635414471
28,2.89557591835307,34,Media,88.89506117552894
24,3.0590064099271794,20,Media,73.20978387017578
27,4.0145863539310955,31,Media,89.34878090347527
18,2.303969618506256,23,Media,84.36795700014699
29,2.6959646347637634,19,Media,89.52536309173124
23,2.4077751746257867,38,Media,76.8964615205409
25,1.604705062798205,6,Media,85.37947265998251
21,3.0899259239808097,17,Baja,100.0
21,3.3792462037597177,26,Alta,79.57971390576117
19,4.362488251940794,20,Media,77.38879496924055
19,1.5021477897889688,13,Alta,89.92308329024883
21,3.580139975542186,10,Baja,89.65289393148852
22,4.418532373256246,17,Media,81.75440113035248
21,3.9844819604140005,19,Alta,75.43587607308488
19,3.0198307284808803,6,Baja,92.8070512465972
22,3.744701784178394,36,Alta,88.83609149947016
29,2.988479995088561,7,Alta,62.42380755961108
18,2.541583238764299,12,Alta,83.7118399766431
26,3.562869538440175,22,Baja,83.84999729701381
22,3.221534671946232,28,Media,89.08025063334962
29,2.986815782291882,17,Media,95.44120114719685
22,2.247767180075624,27,Media,80.39628430760756
29,1.9185691198207258,12,Baja,78.50756868117801
18,2.6342325845797343,22,Media,84.48539375331728
21,2.855660442419155,36,Alta,69.13838924480721
29,2.3086166982036795,14,Baja,72.32788613407862
22,3.0503765414274375,20,Alta,78.10444815217264
26,2.9613634698227873,6,Media,71.24629527372159
26,2.6950063948595258,38,Baja,87.8570686945254
28,1.9814936498119118,34,Media,90.83741253411499
21,3.4491944548535303,27,Media,76.86557568699675
27,3.3802195799973944,17,Baja,100.0
24,3.312693001291736,9,Media,79.23373056134386
18,1.886373072697277,36,Media,83.22787086829028
19,3.409019002434569,26,Alta,86.71319589986732
29,3.401995073125459,23,Media,65.01279961916026
25,2.4424693260007286,13,Alta,62.23403022428283
27,2.580050988275065,37,Media,81.38838988705012
21,2.9410282419281244,24,Baja,90.69724949497572
23,4.670039167819776,6,Media,77.533741287315
20,1.9505533693976163,37,Media,83.10175992000264
18,3.413311821190687,5,Alta,79.25325516679649
22,4.003219192334103,24,Media,95.23613495419222
22,2.1047463282172294,29,Baja,95.86745683140965
29,3.147842711943662,19,Media,100.0
24,3.8140978210261482,30,Baja,100.0
19,3.8739384354657096,14,Alta,75.93152359714848
24,3.483790859026872,10,Baja,80.81283090789312
23,2.767422416217047,31,Baja,97.75165756963658
23,2.504711803713464,13,Alta,72.47393953049686
24,3.975379968011818,28,Media,81.28506965186828
21,4.807514950462262,18,Media,80.21980953747916
22,2.7751072789413813,14,Media,89.19712778026589
23,3.8183474375187973,39,Alta,91.06696808907576
28,2.0270470646708647,36,Baja,91.0405781799355
25,2.455089461920395,19,Baja,72.87383038075713
29,2.725694213262149,10,Alta,90.51349082745831
20,2.4007343360117064,20,Media,76.89062318203938
22,2.734080318193508,23,Alta,71.64430828364081
19,2.1682408015976358,19,Alta,74.09770627654068
18,3.0589764233210412,26,Baja,83.70037358628957
27,3.5291782226553856,20,Media,78.17229564279627
25,2.117175517087704,5,Alta,87.61903831755484
22,1.3598513792057036,9,Baja,100.0
24,1.9151978077521825,19,Alta,92.11985927824712
29,3.117267152873677,22,Alta,88.19563303782083
19,4.412461883520572,20,Alta,100.0
25,4.300296409345437,17,Media,69.13357683046765
26,2.110799706240275,27,Media,77.97505013751653
22,2.8640357593635177,37,Media,76.95968494128525
18,3.687814898424815,28,Alta,88.81045418338897
18,2.654568338461417,11,Alta,73.70452586167193
24,2.1540354122663854,9,Alta,91.66696399240706
20,2.09370452008824,35,Baja,79.06761557128239
20,2.919390018296989,22,Alta,85.97955622610074
26,3.263864307762832,12,Alta,72.08057236590327
26,3.5499451657078676,39,Baja,66.5458560591316
25,3.236994561310566,31,Media,86.51972726494996
27,3.356942658416394,32,Alta,79.9932302807652
23,2.078762258871833,9,Alta,100.0
19,3.618186929871455,13,Media,84.69122507200085
29,2.5560614744857104,34,Media,80.51614290081623
25,2.0877212651295896,33,Baja,88.3596629239128
19,4.826626454645546,24,Alta,89.00328021703807
18,2.0778038804667145,23,Media,92.9169225592114
19,3.2234455221577702,37,Media,85.08734436664984
23,3.512150238421566,5,Baja,69.2840631081701
25,4.132587865315265,18,Media,93.27118703577717
19,2.8462991919395124,24,Baja,76.06796250915104
18,1.859968340576646,26,Baja,77.4434510512673
23,3.6757014160195345,37,Media,90.84183046337762
27,3.130623925512464,39,Alta,77.5576467890049
20,3.935148372828825,11,Alta,80.03806616809891
28,3.092871907465652,8,Alta,88.29104980549022
21,2.034036551264312,23,Media,74.88782717239397
22,2.6665721864408685,20,Baja,99.38805320003814
23,1.9696626251033995,5,Alta,87.05719225157947
23,1.7688583822676478,17,Media,98.42489673290424
25,3.8363629958357,22,Alta,70.82490303266938
29,3.4167149756747177,17,Alta,84.68496360281053
21,3.222053439664077,16,Media,74.90652737023646
19,2.422304624098574,21,Media,86.25892282904161
20,1.8082441082966851,6,Alta,99.43364363506794
21,2.4833540489439576,22,Baja,84.53218662780242
20,2.45791857824283,19,Baja,77.99461350029277
18,1.5313128557395297,37,Baja,89.70712879175726
21,4.451940994348027,31,Baja,85.88964390568293
29,2.9129308383741948,27,Alta,91.77752660558444
28,3.323317411298322,17,Alta,100.0
23,4.202354628046742,5,Media,100.0
26,2.311777957304834,24,Media,95.56626907435782
25,2.6127587901013896,18,Baja,73.33180628089829
24,2.6144356133837996,15,Baja,87.512787104577
19,2.780381315155404,16,Alta,78.04229535936184
29,2.9735688196254193,23,Media,73.88646534084543
21,2.6691637348531043,36,Baja,74.0057726377854
26,1.6850073564707764,39,Media,73.92642667289465
19,3.130128153116041,8,Baja,76.56876934372602
28,2.7227396976178913,19,Media,94.79934869623688
28,3.251079574260407,30,Baja,85.0307756559315
20,2.6161110516701434,31,Alta,98.32304259162035
26,3.7027493464685097,19,Alta,91.222387570681
27,3.1093731777609994,39,Alta,90.71758699440085
24,3.335155577055893,18,Media,78.23975724537073
27,3.803535940639881,29,Media,78.07568728503232
22,2.2693308468708198,20,Media,62.201148736880626
29,3.9670315628748023,20,Alta,73.45200341558497
20,3.2128836998612953,12,Media,71.34836094119727
25,2.4727615817152193,26,Media,75.38551704896935
20,2.853069719179953,32,Baja,82.21816809133654
29,3.7806998890698273,35,Baja,83.03097207662313
20,2.042338816899742,12,Alta,98.97884105121008
19,3.0765182529587305,18,Baja,84.65670365907222
25,2.7627266031543365,36,Media,67.7082944286631
21,2.3051957052240635,16,Baja,91.83000947182187
24,3.169835532490189,14,Media,86.45520558346438
24,3.4915526662692695,9,Media,66.95533956358136
19,2.6372039266556557,32,Alta,82.5794310534304
25,2.523517427868332,27,Media,76.61678336729847
29,3.1463830979913032,10,Alta,91.70077308360382
25,3.811447727987755,38,Baja,84.1671719679234
24,2.7385050879418493,28,Baja,85.76250514064053
20,2.7882822348880243,39,Alta,72.62384850942733
19,2.6949705063405953,25,Alta,72.20451239554195
27,1.192144104531884,10,Alta,94.81304281961256
26,2.7404893062494313,39,Media,92.2267935874879
29,3.2351907529271378,36,Media,90.35316841673017
26,2.955314432021046,25,Baja,88.14034341408541
20,1.6906800863715645,5,Baja,92.0371762270808
27,4.172632460099743,19,Alta,95.35697796306297
27,3.2044802027589556,13,Alta,87.62129475992803
23,3.4302707722933494,39,Alta,100.0
21,1.6971621298129849,8,Baja,63.28773367005971
20,2.817104196466945,11,Baja,70.91733145300286
21,2.8421090691833983,24,Baja,100.0
23,3.1998203657456754,16,Baja,90.11813105132266
20,3.1321010424804103,25,Media,100.0
21,3.361492000344964,39,Alta,90.54838949259113
22,2.011598015546244,8,Media,100.0
18,3.126827639580976,17,Alta,92.99866241646501
25,4.505461790399825,11,Baja,100.0
28,2.761814143421486,24,Alta,93.58548780897961
21,1.8783676172789394,5,Baja,100.0
23,3.8531378243506174,32,Alta,96.6590123790991
25,3.3946235340099453,13,Media,86.46656990015482
23,2.1992706199398553,19,Media,99.13853007836953
29,2.941803366318533,13,Media,84.02765888213581
25,4.082060288108992,7,Media,90.0879692678659
24,2.174620489862842,18,Alta,70.03904996321768
26,2.9219618420057154,31,Alta,80.75442103904807
22,3.4469627247841217,15,Media,94.93469205376168
21,1.5347534124907716,36,Alta,77.31438408227243
21,3.303473034319908,13,Alta,82.00579212356274
22,1.9333670472250344,22,Alta,86.38411791407101
28,2.910063496098226,22,Baja,70.98171982676546
20,3.2259197470543697,37,Baja,98.52343661824648
29,2.5984129903317337,5,Baja,72.73939432390907
21,3.131077757886078,10,Baja,98.10585954278619
22,3.2033269083680556,5,Media,72.18256247454279
28,3.2124232000472284,39,Media,68.18948659483121
20,2.129596685830724,25,Alta,90.16706254741995
20,3.2201389097242403,29,Alta,97.31446834363446
28,4.9977119053243495,36,Media,88.20467479328101
26,1.682135710535485,10,Alta,86.95079121732573
18,3.7868104495587334,35,Baja,91.99696164625038
27,1.8506582155723716,11,Baja,87.00872407969541
23,3.1397956001199248,38,Alta,88.660506794662
24,2.7192338942706384,27,Media,73.77391530887475
21,3.965696753687835,20,Alta,91.75698576332022
23,2.8621142258951493,23,Media,70.91940506270282
23,3.602596369055198,34,Baja,89.50935354834422
23,3.4609972457558245,16,Media,93.68096822617694
21,3.4946081408277676,27,Baja,88.95414670044539
24,3.1381459069850837,15,Baja,77.66766441211402
18,3.0826581056217157,39,Media,78.30757033918886
29,4.045501097433001,17,Alta,92.47007759590673
21,3.4218086955155735,10,Media,90.80832668687621
20,3.91732251030586,37,Alta,81.14381650374602
21,2.3887389997633184,14,Media,85.51273445629089
27,2.1436536062252554,16,Alta,84.2949014758538
29,3.261868512359092,17,Alta,79.0050310760014
19,2.936051683942706,25,Baja,93.57776367470927
18,3.7069188211691393,34,Baja,91.83301741457788
22,3.191814058163052,37,Media,75.95551883081991
18,3.760299637379555,39,Media,92.99368457870582
29,3.7785183476055053,21,Media,84.96769522371936
24,2.5004031733846137,36,Alta,100.0
29,2.123245556501864,25,Media,89.67805088310837
20,3.286273906567024,13,Alta,63.8000233052562
28,1.8425589786561523,27,Baja,83.06013126059266
27,2.153121008545393,12,Baja,79.30289053027637
29,2.6312762653918615,35,Media,100.0
21,2.5734893914271786,11,Media,75.18229093047422
19,3.126267800626699,12,Media,69.94506678125185
27,1.7969562558927548,34,Baja,94.2298299664788
21,2.8619144420915625,15,Baja,72.77570379656136
25,1.8344409532771424,27,Baja,71.15588952798538
26,2.565006738194475,30,Baja,90.47267798922078
26,2.19827870607957,25,Alta,100.0
28,2.25435654568193,35,Alta,87.86181818838102
27,2.086072002336329,29,Media,75.28352123247899
29,3.440923377999735,25,Media,85.99172342645953
25,3.437799491993236,7,Media,84.08277898127234
22,3.7379272409235753,9,Media,84.45863352612842
18,2.354713655316157,13,Media,76.50002196207062
25,3.6824953985656683,25,Baja,90.28077690371194
25,3.6206788848551694,7,Alta,65.91691129302137
26,4.911876520323465,35,Alta,72.94375859559959
19,4.219490603244181,25,Media,97.2712253355788
23,3.2084213174677076,26,Alta,79.02296501275765
28,3.6512194896474255,32,Media,84.5785543238704
28,2.42187355239832,13,Media,82.69402968936318
28,1.919946630433578,9,Media,85.6284811680449
25,3.1285615547642625,30,Baja,95.06449832294388
19,3.078757784540003,21,Alta,88.14436505321406
21,2.7186730781579533,15,Media,74.62051440816117
24,1.3929825302698844,27,Alta,96.17942654790488
24,3.4152072943250893,7,Media,68.83905951048843
21,2.2417142684816644,17,Media,82.6187307906796
26,3.3411697760534658,31,Media,86.52022368135299
23,3.647326591941024,14,Baja,73.98431943230663
29,2.146583017318973,21,Media,89.49227260920911
28,4.00792221314007,10,Alta,78.35208653944544
20,3.493501925914385,11,Media,83.90444984514157
27,3.1192533216186837,25,Media,83.9154453149734
18,3.8620881433931684,24,Media,75.88193491101548
24,2.976341049686575,36,Media,87.09507502977877
25,3.8592824713825995,19,Media,72.69216303094474
18,3.0438353847470654,12,Baja,77.15719113047676
23,2.307697346148902,36,Baja,84.89429635426538
20,1.9272681400950147,29,Baja,89.78296772279911
27,3.9465987955122794,25,Alta,77.29851660053622
20,1.8652608828021018,26,Media,73.43481202777092
20,2.4550652415312575,19,Media,71.00639705476796
18,3.182018078014884,14,Alta,83.88638364302633
28,2.9115849342684865,36,Media,62.16949376355025
23,2.1895232100116875,12,Alta,72.19604966817211
29,4.313322006925213,8,Baja,99.11718729153516
22,4.0039458034259745,11,Media,76.42635035855794
29,2.3481564612750527,25,Media,95.42849722695968
20,3.0067620460614117,20,Baja,87.20858965595298
28,3.9485874621442676,30,Alta,94.89217357133542
19,2.12939866944366,7,Baja,73.64149109773275
23,3.045351203626704,10,Media,87.5243892387447
24,2.5606832227248013,35,Baja,93.51922247452472
25,3.732053455469437,17,Media,84.57775127004592
19,4.565026160881164,35,Media,100.0
27,3.5758081779050714,17,Baja,78.74045604350405
25,3.0106958419914305,15,Media,100.0
25,3.2133354334858133,15,Alta,84.13282089732246
24,3.472100758841691,9,Alta,100.0
26,2.8130774375586336,33,Alta,76.1292979764114
20,2.1909395233879962,35,Alta,96.6895026621464
25,3.0525225535227256,17,Media,96.37358864558323
23,4.190264101257673,33,Media,72.68001467705247
21,2.1044185231239414,6,Alta,95.04167681131695
28,2.6781006945109795,10,Alta,80.84174132816422
24,3.2713134950585836,10,Baja,87.96481479857515
23,2.077800368624202,33,Alta,76.44481021589218
26,3.8144123262082386,35,Baja,99.77999754922934
23,3.1478999883654017,11,Baja,100.0
19,3.9315691817606395,30,Media,80.74317166687416
26,2.953465576777662,24,Alta,93.92123497544355
20,3.2432021086365297,35,Media,93.19173540411931
28,2.609980078015184,28,Baja,86.10475208878202
29,2.0395092688297285,20,Media,98.79491206556507
23,2.7664699993609507,22,Media,78.41147384851146
21,3.132159253679208,9,Media,69.18087943731027
22,3.0472008255649925,36,Media,96.7375849127525
29,4.207860293409722,16,Baja,64.72513357485974
20,4.192324971526817,31,Alta,86.28767772428913
20,4.289706473218921,31,Baja,80.17245039428985
20,1.9368056035550982,12,Alta,73.48572179266249
21,2.5770522303573946,5,Media,84.68894345320992
23,3.634363253390613,28,Media,92.69601328930916
27,3.7919820473543977,7,Media,78.18332453352346
22,3.082968255071789,18,Baja,79.82808067878457
25,0.7748244120637469,20,Alta,80.03086607764794
25,4.258556801994288,27,Media,81.69296777032642
21,2.4319765952870687,18,Baja,81.26552543428265
25,2.303007375860345,17,Alta,83.82010217683734
19,1.9134384507763693,26,Baja,83.6002027197264
29,3.0333310832697724,19,Alta,94.32468939315523
20,2.607049198657363,7,Media,81.63828065643456
27,3.5932893623982993,28,Alta,76.58998242196122
20,2.4375057921879706,5,Alta,86.74938915781202
22,2.7158032186786825,21,Alta,88.5111130771284
24,3.8092596541052393,20,Baja,81.08673177498386
29,2.759653664554951,30,Baja,95.64069708104932
19,2.021685551212781,5,Alta,77.56356836939256
27,4.125814665210711,12,Media,89.21117309790104
24,2.9774117987879416,21,Alta,73.9352051916668
18,3.1712302153232095,38,Baja,85.65963827535788
24,2.878513018469395,25,Alta,65.99406777913094
19,3.28444484021236,27,Alta,93.62103404814992
23,3.4262534729855503,25,Alta,99.3483016145049
27,2.7719005361129385,27,Baja,94.2631167088705
18,1.877254143583242,21,Baja,90.08304814872366
29,3.3389291479760974,26,Alta,82.88469632904742
23,2.7748415872353065,5,Media,70.26736765310025
29,3.0365323904845063,24,Alta,70.7588072444251
18,3.9552581554013133,5,Baja,100.0
20,1.9766942958155722,37,Media,75.49107503047694
20,3.6308792378895065,17,Media,87.35821389424311
21,3.066036979147567,31,Alta,90.51633872851014
22,3.898353479872638,25,Alta,91.77512875214646
26,2.840706884915528,5,Media,81.83772288460638
26,1.3831428835243489,15,Alta,100.0
28,3.5464874787088183,28,Alta,85.8983270990755
28,2.6080938897101706,19,Alta,87.54567077878531
26,2.797495901647122,37,Alta,91.31504983069118
28,3.003950508038487,8,Baja,85.75479296939986
24,3.36299277351343,7,Media,73.28186379394974
19,2.719145464841444,20,Media,81.85189455831926
24,3.2791919206902485,21,Alta,83.38783417672047
19,4.966001946613068,25,Baja,86.66810539658951
23,3.9354541766932942,30,Media,100.0
23,3.718046835009267,19,Alta,98.28962603380248
21,3.502857349962273,8,Media,74.62945475663204
27,2.3773233658590383,27,Alta,82.06584650033108
28,2.633045530638286,35,Media,84.72845358095267
27,3.3749860780043996,26,Media,100.0
27,2.591120896781529,9,Alta,79.87489545574374
21,2.0249272597272325,30,Baja,75.97421765581862
25,1.9769232200769602,14,Baja,67.85272170619751
25,1.7102520855515329,35,Media,86.32616236342972
28,3.810708250107168,8,Media,90.38493786634163
21,3.728158498418869,7,Media,85.90181502949424
24,2.7461181820442073,24,Media,88.83460157027167
24,3.5171354352808257,30,Baja,75.28083514430621
25,3.6113161608531357,9,Alta,93.98716145618421
25,3.8142698051018082,6,Baja,81.74352054523574
21,3.5258400176484264,16,Alta,78.00991026305704
22,3.8981570574133597,7,Baja,76.3597143866656
25,1.847603799543427,5,Media,98.708478415703
28,2.739640232105267,37,Alta,73.45027758561704
21,2.909636051672413,36,Alta,73.86087182866605
27,3.270882567896043,12,Baja,91.17147466273984
21,1.4192835901840875,9,Media,78.28300913476376
18,2.8809520836807274,7,Alta,98.6804293347685
20,3.0033845828919477,37,Baja,76.60833340537754
26,1.081173665445565,21,Alta,97.91747599436381
19,2.7252541445218905,38,Media,92.40690298948586
19,2.248875444146965,37,Media,83.47550717996604
26,3.645783910446577,21,Media,82.52855478910324
22,4.185383659351073,26,Media,80.80054661280143
25,2.9741993929919466,18,Baja,94.52151140962795
20,3.1765449100803624,7,Media,99.04309456476973
19,2.6610787665159794,35,Alta,75.82665689054245
20,3.1447553885529826,12,Alta,73.99630811672583
29,1.1063594017341725,5,Alta,89.04343887920791
28,3.2158690279678663,20,Media,79.7238674183981
28,2.4929574749159107,16,Media,89.16982572101145
22,2.274930121571139,25,Alta,80.86324329239044
27,2.482806558551512,17,Baja,89.15754570436823
25,2.4743118956187944,37,Alta,96.02600832487289
19,3.4368890457082593,10,Alta,81.24341354760462
29,2.4253662349572953,25,Media,89.19329257187408
18,3.1730336201364664,24,Media,84.20864398830604
20,3.2033578189848986,8,Media,75.46564739235201
29,4.025008240904477,33,Media,85.97390919778677
28,3.007795403297546,28,Baja,89.60084062647913
21,2.674449574212774,32,Alta,87.87653393955863
20,3.9594008782031604,11,Media,73.61246875748546
27,2.2405554426629757,38,Media,92.04307104255575
21,2.3900094911919596,38,Media,81.72635489730403
22,2.8910838254343227,8,Media,60.73825807872435
23,2.4226199263501673,39,Media,88.18482050093446
25,3.1343875301433606,37,Media,82.85046105165381
22,3.363574585665719,29,Media,65.4158586066452
18,2.5748157490729335,21,Media,89.26382416969253
27,3.032357782777891,11,Media,81.40870781922767
26,3.0895417185480616,17,Media,100.0
28,2.2578170092189547,29,Alta,74.3896960243515
28,2.7560975281268885,30,Baja,55.31364936557689
22,4.172184799265089,10,Alta,70.59691710103905
24,4.207301178984321,23,Alta,86.7661147598653
27,3.4021774388974917,27,Media,81.14893939178344
29,2.9689882011277935,10,Baja,72.0262820186388
18,3.971697405404556,23,Media,98.67746033225215
22,3.080080169379334,13,Baja,81.37896819133881
23,3.399878066778913,13,Baja,84.7610659416098
23,2.963906506363323,11,Alta,72.7493892200095
27,1.7239643728729974,17,Alta,94.83012847215299
21,4.069802524825865,7,Media,91.82216231815309
20,3.5691307026510684,38,Baja,94.89582799375466
20,2.2171004052952945,14,Media,91.77731958336084
25,1.8206772957730837,35,Baja,96.93204386317332
29,2.3710934865406794,11,Alta,91.11690039933748
25,3.2908906108090115,14,Media,89.0491693611184
23,2.9386937101921844,7,Media,96.83690915331823
20,3.3830274521528043,36,Media,99.52436479194384
