default,student,balance,income
No,No,957.4717559476946,19756.007515258716
No,No,597.785892086235,46801.33307937843
No,Yes,663.4961204980576,27019.823184958776
No,No,552.9209177327202,49202.95513321641
Yes,No,1859.8857648922603,8903.328529283423
No,No,1146.6824923856889,50841.48024184437
No,Yes,542.9174408356315,19199.92923588335
No,No,987.9257893724853,33748.63632753244
No,No,799.5841056258588,45367.7190398534
No,No,86.36597739623416,12352.351035478125
No,Yes,322.19629569009896,21676.66380959279
No,Yes,1010.9595059271184,30511.707485307266
No,No,1746.0707469934114,27329.502118397504
No,Yes,668.08904878039,29846.185185857834
No,No,423.21097562172145,40263.81719703795
No,No,725.6030165888662,35191.66874828531
No,Yes,482.53655074468685,27642.29726804536
No,No,527.0965524556754,46446.33303740129
No,No,659.7209915761058,39525.00969808868
No,Yes,307.26590632506407,29953.902037720898
No,No,1188.0240376852557,24687.062663099918
No,No,214.07257851161603,39319.93804417174
No,Yes,226.94085304064322,26875.55489692806
No,No,773.5801671552539,44738.93290171249
No,No,1125.3415231916201,21920.043633057758
No,No,759.1342297428282,44236.102952456575
No,No,608.7116708338403,24708.360545634932
No,No,522.9525739933897,56906.432911830794
No,No,455.9639322746602,24615.280333300754
No,No,1375.1197202077797,21832.262070963494
No,Yes,1018.1010909071626,21416.463876228605
No,No,486.9275254634617,43983.64885635423
No,No,374.6426117246229,37050.47671455093
No,Yes,1242.0570992197795,35206.51289784434
No,Yes,1624.0520032330644,21346.524040624015
No,No,1272.4839127211555,28600.330475274633
No,No,320.4188192845388,26155.445091951704
No,No,519.3991205150497,28236.927643250918
No,No,448.5739870080394,19527.857540754092
No,No,575.3152463143954,27011.786364482046
No,No,1180.4354093453026,21395.174100580916
No,No,1640.9049828828843,40689.70039322104
No,Yes,1045.6738273480794,33811.36163467443
No,Yes,463.12541908426425,25001.477584225246
No,No,648.3367859555616,26761.004515907607
Yes,No,1845.0158140294338,40942.7582661273
No,Yes,855.1625287458494,23175.182212873253
No,Yes,628.648657236277,30553.934097029567
No,Yes,671.4492536646137,16832.004950989613
No,No,868.6053456192049,24739.971097962974
No,No,330.2526938021051,40761.59121575563
No,Yes,527.614616699214,23308.13181803658
No,No,1259.9089574297002,42768.76699460905
No,Yes,1021.5012553550707,17440.331346028746
No,No,718.064336191552,37836.52664159243
No,Yes,1562.8865110459365,27275.410953544128
No,No,365.8743135126101,18128.787773057313
No,No,511.37396689239216,33465.78848865017
No,No,831.5721219125576,13338.081769774686
No,Yes,972.9190034867343,33738.97371997304
No,No,170.33822971936524,20323.98561512572
No,No,472.18456544204594,31611.07623730586
No,No,586.7993481446425,33450.985230695245
No,Yes,1077.4106601752485,16715.054609519924
No,No,808.7054566070398,51992.046824691235
No,No,628.9571856005235,26583.051767236953
No,No,85.64203276240025,30802.068197927227
No,No,653.0684777805842,26605.016897930444
No,No,698.2556111140893,26520.08379461732
Yes,No,2919.199115513148,32410.18768634107
No,Yes,686.6206908627039,28371.386411130406
No,No,834.8238089855989,35101.31152760603
No,No,1448.085103552386,25914.713012854074
No,Yes,1362.2748943067331,23405.957434649546
Yes,Yes,2022.1461986935099,13880.963051235825
No,Yes,207.79786531568948,31732.829235967445
No,No,274.82475766413023,28440.35909021202
No,No,414.90681777689076,28975.38188564995
No,No,143.7268779409019,14038.511390854681
No,No,702.702917443259,28433.029031606242
No,No,295.6710842282068,50323.22212952003
Yes,Yes,2196.1001984074032,27730.64765592888
No,No,338.48035217811565,44589.97119123672
No,No,513.8012871478559,34666.107956322725
No,No,1181.1848638817012,7298.42812152487
No,No,211.6552227869974,34196.02073638208
No,No,133.43326596399646,35512.12970859812
No,No,766.628697511045,42456.391411630626
No,No,810.0761942999012,33132.59694434086
No,No,1157.3818559295323,25782.08990997565
No,Yes,1168.9810656133188,22755.596505813755
No,No,832.0894682281157,30077.39735093579
No,Yes,448.2630801380286,27115.511990251147
No,No,793.9379646547777,32530.29482331358
No,Yes,995.6996448771372,16519.02775779038
No,No,361.63371712340705,39168.99818538794
No,Yes,2602.5962494936452,18277.99749083564
No,No,942.5094283072438,30340.033551166885
No,No,279.3846981881586,28860.8195967814
No,No,1161.3111620809048,35872.22964034125
No,No,1298.1580561615597,19787.171097417275
No,No,903.3513395045663,33821.08245831276
No,Yes,657.3695223066865,31013.073453848137
No,No,348.2741384184839,34457.71415655444
No,No,627.6388785408392,26825.70379326578
No,No,858.8103782889208,29843.485311511853
No,No,673.4033798766596,36457.47786470118
No,No,1734.2108867950462,39102.97501531842
No,No,1044.7651343388222,48539.367461662616
No,Yes,377.72162610140725,12069.801923727271
No,No,252.4750619316895,36134.3776865072
No,Yes,1137.7685352083,24747.748483615873
No,No,557.8010103877402,32832.40821822671
No,Yes,1329.0298301708926,25938.07700652323
No,No,942.1222514345968,31204.640631897688
No,Yes,755.712902124605,16458.304023107605
No,No,318.02427242402274,35635.25925928473
No,No,150.47988987460877,39992.544997712605
No,No,783.4482966791159,33026.861080006856
No,No,208.1006134476129,44093.425433607496
No,No,306.4816517622789,31126.028732343566
No,No,749.2425119946593,38105.65878601544
No,No,697.1795502077168,17682.567871654566
No,Yes,280.18653910727136,39147.01810222657
No,Yes,1676.3167504913056,21856.944764537093
No,No,1372.3433721793635,28618.1362193042
No,No,969.5656833503458,30842.487591121557
No,No,968.7377816391922,24012.15914423047
No,Yes,1163.488698782751,15270.384130502995
No,Yes,1548.7487744913903,23737.310296726788
No,Yes,1275.3481731975592,24248.81025093345
No,Yes,410.30294915881734,25017.12974928231
No,Yes,662.0392707380736,23212.40429976364
Yes,Yes,3262.3354551477537,22868.383977953472
No,No,92.59372762850808,21469.239892435387
No,Yes,541.7422605453395,20038.417387239715
No,Yes,1682.310026893582,24578.92215662171
No,No,361.30673049433466,28112.588421453176
No,No,1082.7917153396893,36421.68651847224
No,No,690.4778553587421,32147.904868698464
No,Yes,460.3415601742283,22449.558374198354
No,No,72.40448684846345,35572.687531302145
No,No,767.6610079741872,38351.43095648238
No,Yes,402.53247431176527,28406.148371074152
No,No,609.154950109923,53330.42558350523
No,Yes,1155.5044655643724,29496.473322168004
No,Yes,1465.3499032065974,13086.892524840985
No,Yes,540.3035307715314,15862.96503360528
No,No,383.0006461296671,30753.532084670504
No,Yes,245.4269174055824,18109.580832203654
No,No,1261.8516289585666,37404.968604816444
Yes,No,2472.6903902034437,38465.92351190301
No,No,1354.590553279867,28664.87411463415
No,No,1558.2404210570803,45396.75198185023
No,Yes,436.7203658507116,33629.40008593076
No,No,923.1206660222692,15381.720575444022
No,Yes,1382.433359501173,13447.854318298092
No,No,265.2554389725285,44472.40151559497
No,No,1914.8608585063848,42198.28985400034
No,No,167.28537344039333,38526.51817603321
No,No,1722.2628063583138,33609.39742575924
No,Yes,199.33542129452198,22728.182311413555
No,Yes,332.898076773492,27206.19603399141
No,No,934.900197254535,35264.766424794914
No,Yes,844.0390263705341,32604.05894883331
No,No,486.8306532708044,26687.560515058773
Yes,No,1866.857522155936,33679.9546185486
No,No,209.98907524082315,42403.353149820694
No,No,591.3168802238639,35144.18187125077
No,Yes,1222.7496434394743,28162.11534706019
No,No,822.5523640820127,40086.2180874875
No,No,394.0358284807838,29251.590172365773
No,No,406.2842335861747,23293.32270098202
No,No,1208.6799689035092,26022.169602812988
No,No,1247.476527546308,22662.335631625116
No,No,838.2795331315426,14940.152523368448
No,Yes,388.40252983945106,31092.329548710175
No,No,417.21355676467556,14639.7699313167
No,No,655.9312753854111,52114.60224679264
No,No,729.108229567289,28222.12668389461
No,No,990.9744473912355,30716.446837808053
No,Yes,681.1330668687261,12845.74550646592
No,No,1190.2048930008884,37345.66853942068
No,No,1181.1791314698053,30891.077305132014
No,No,1593.5814732314097,34110.97635289099
No,Yes,813.0863180337396,17940.135147758137
No,Yes,1018.1610441727867,26815.71041232387
No,No,601.6940826456394,25260.825927158992
No,No,327.1178730067996,34287.66229637341
Yes,No,2436.038487934052,38119.817108954856
No,Yes,1753.6400294443392,33609.16332410209
No,No,1164.7371713807534,41559.009431107836
No,No,660.3624370768761,34398.79120402148
No,No,302.37924168438417,33420.31975138786
No,No,1307.6375638212812,36634.120526638486
No,No,593.5735162811352,41167.12116132221
No,No,903.4465270889259,26056.882122428928
No,No,415.8761808225893,42532.09334131231
No,No,801.3367006579946,24130.057710799578
No,No,437.65282504809807,38063.13057958691
No,No,451.8078079066811,38914.27130575203
No,No,793.8197513000706,26784.349119994207
No,Yes,196.35142804507612,12653.335740876155
No,No,171.98763144324823,30854.309673956814
No,No,360.22977516116856,7201.291647409009
No,Yes,674.8872741845083,22201.44982621248
No,No,1214.8771651545148,21017.594165471222
No,No,587.4385265340013,64632.516778982914
No,No,657.1521496958034,44086.95226424739
No,No,528.4378173525675,34221.995282497126
No,No,847.5898118954607,46824.10058420715
No,No,324.23182349068986,40550.35107334628
No,Yes,734.4786883205197,15305.22111610647
No,Yes,1075.6439004348374,19071.949386002634
No,No,789.2123232930414,43794.67008225997
No,Yes,807.8286238284397,16726.237964860367
No,No,679.4039350185266,37453.18053320852
No,No,958.3161307247091,40247.579975700544
Yes,No,2511.279678751579,30893.56663944875
No,No,343.73473334086754,35023.298894487925
Yes,No,2557.3409307140223,41817.93925295732
No,No,330.3158445317144,41340.89632412474
No,No,61.405398111592426,37981.773271809376
No,Yes,516.427204537516,23359.31956201967
No,No,859.1797043341403,39373.55771753232
Yes,No,2180.638726392082,13284.63715296777
No,No,302.02566734085946,48255.79629688038
No,No,954.3232382411139,32174.426803599144
No,Yes,229.07517343197082,18305.22855926296
Yes,Yes,2556.1870503841005,27646.247430376217
No,Yes,1776.038309285065,27450.007327725376
No,Yes,543.0604127312691,16615.01385815922
No,No,1638.6771164313266,34175.39779069946
No,No,609.2505509244827,33873.35077110712
No,No,1531.9282450678695,33220.830760325196
No,Yes,803.2538032763281,34818.138596308505
No,No,691.2228210711178,33298.44663652671
No,No,460.2155517209711,32200.952685015287
No,No,1042.8034165906251,26696.322335101446
No,No,730.7365122265239,25251.604792742673
No,No,969.1703779284928,37420.42581918534
No,Yes,176.1857944766268,20161.259373479585
No,No,1568.0522962378063,31620.706231992604
Yes,Yes,2197.5797564695795,24837.179382275775
No,Yes,873.8431626389607,23895.82616825153
Yes,Yes,2876.979188114348,24394.72739840799
Yes,Yes,2455.2199950773497,24369.217832120376
No,No,1058.5567366131984,39746.00518224056
No,Yes,1983.117423377404,41937.21545063732
No,No,1376.2096993025991,45793.10691907974
No,Yes,130.14225643377264,20913.96927215433
No,No,536.9985275783786,45655.068050230795
No,No,1110.0923094238947,22962.092026574544
No,No,1910.902919351418,27837.424310739305
No,No,177.77756732574102,40568.829212666526
No,Yes,140.63475455115744,28181.064855562236
No,Yes,766.0696772433106,27660.75212959523
No,No,67.5451381583616,27597.02114828403
No,No,621.6961376920074,27665.562235389174
No,Yes,1049.3541681460492,24368.06009925309
No,No,289.5703182091965,30977.102716293874
No,Yes,761.7843801452001,29667.23022909445
No,No,1291.5390704865547,30726.659797993358
No,No,428.62163080043416,30431.872039096575
No,Yes,402.3944628963483,12069.111119914818
No,No,612.9097562162856,42253.302341145856
No,No,262.2346814957836,36723.7737229452
Yes,Yes,2739.556799775438,7447.982276044625
No,Yes,822.0515906710154,26565.130619359552
No,Yes,440.0167234960329,20641.761661958168
No,No,783.3828366246642,41259.43078736839
No,No,610.3267923220051,32448.901268869093
No,No,558.9449840778229,25456.256041981644
No,No,428.527957879046,50790.472561926304
No,Yes,493.6000367593152,34453.77589771332
No,No,150.41407549686204,31643.20407815716
No,No,1650.9362731091248,37226.386387632
No,Yes,1213.1053969687514,20235.417226253372
No,Yes,1008.7901552059104,11504.576106240022
No,No,602.768008400419,46676.97681972382
No,No,284.9567502643488,25522.585015435143
No,Yes,416.87891135124045,32364.785113828817
No,No,168.9110495713396,40472.2817939583
No,Yes,462.50022690942404,25460.116566473247
No,Yes,299.5268897851676,23163.58372751745
Yes,No,1972.5386149702033,40514.41383817183
No,No,1233.4460010343087,24195.91016059783
No,No,707.4229174273889,46844.1689954559
No,No,313.47766940630646,34932.07707772997
No,No,261.67955340434077,48450.24519636157
No,Yes,687.7530865355808,22593.827367515067
No,Yes,1522.1204772721778,24447.527290704085
No,No,173.85607799859326,36138.9251849658
No,Yes,1202.025785268502,27482.024150089885
No,No,383.9602393267405,51608.73233594492
No,Yes,534.5142705917812,20383.51756853304
No,No,692.0383516372397,32220.98091501498
No,No,323.04551336775353,33307.64910881074
No,No,550.7306878583519,10345.546626343825
No,No,299.2473756969189,27950.93130011334
No,No,410.9767627413497,28601.525768681637
No,Yes,1365.3330251478658,41916.71873205943
No,No,719.2884833828778,36084.706853722215
No,Yes,1361.7925564335906,26904.376232803195
No,No,379.69326321289094,18813.34473340819
No,No,1006.8654841946827,32872.721210203024
No,No,129.92021899475134,42860.98644577582
No,Yes,830.1686285736846,41066.52589055706
No,No,1053.7962023389905,26657.02020596133
No,No,124.11122219694508,15344.207102104854
No,Yes,460.24049587300334,18022.426907893976
No,No,691.4440084887257,25786.738584426377
No,No,1333.0242464383882,25880.22768293352
No,No,410.93167744558247,42575.07062970626
No,No,979.3885759252202,36927.84043823959
No,No,1722.5499585895539,22215.812423469462
No,Yes,1213.5268027963975,33363.42325458777
No,Yes,680.6584905252048,36701.253017824645
No,No,877.2788255021443,16449.912272615406
No,No,400.88137611860503,45276.479844929934
No,No,712.3885964181279,31798.819247687745
No,No,589.4633789338715,24079.86669881433
No,No,856.6422324160716,18948.050042064766
No,No,475.79151861314307,28972.15048363013
No,No,891.8108381230894,28281.445421028457
No,No,472.0454167270149,34974.936275113345
No,Yes,1470.3367549096745,38472.29876471535
No,Yes,614.5000218153926,19894.550714828547
No,No,70.88915629620541,19434.357567202664
No,Yes,323.80246635626827,21138.749976608684
No,No,676.2231800421085,43920.06994360268
No,No,1961.1679715041316,31023.18541903499
No,Yes,1431.8869688503212,28010.340726952578
No,Yes,63.20144733049467,24639.97229030522
No,No,157.5289528428496,34111.64883156658
No,No,1448.8918026529855,49372.25753825556
No,Yes,1259.6757571958701,16673.082935233422
Yes,No,2661.0731202365687,23093.404205828185
No,No,456.4763789139394,24412.06532804427
No,Yes,380.4761480760563,25867.255802292275
No,No,704.3104157576254,34034.31752655435
No,No,449.17569776999375,40601.30029438475
No,Yes,1630.5586478186576,22917.669677112583
No,No,436.4551768524917,31543.972375722395
No,No,536.7892881065385,36791.56550843221
No,No,278.2058813937688,50464.582202444304
No,No,1138.9559709777143,21877.083517991923
No,No,294.84864349301387,24298.436859017827
No,No,903.7649370352838,33910.9735191045
Yes,No,2181.3499558275967,53824.73661137329
No,No,105.40605825145668,22783.508463316066
Yes,No,1776.0646725392473,33400.0468762216
No,No,821.9446601657946,24725.979840139844
No,No,238.00290180854904,37481.7878801531
No,No,724.7685483454718,12857.377275545783
No,No,1116.069516787954,23138.282784122162
No,No,336.11265623706197,46283.442016559304
No,Yes,1129.166588748308,23515.249364572464
Yes,Yes,2249.0675256216505,18232.589934651485
No,No,435.9884066389947,33041.889556819195
No,No,275.0912846859078,32867.04741134201
No,No,603.7973879427904,39108.080651609904
No,No,695.8589088109259,12742.152349534048
No,No,1406.3719632427176,23133.326838474568
No,No,588.3553350676069,23951.257689494385
No,No,469.63054979544506,39794.2124708343
No,Yes,322.44196171181807,23405.827454346883
No,No,125.23648964137155,47905.99892079389
No,Yes,237.3218029458904,29253.9903639087
No,No,196.59495267886115,30040.952777959963
No,No,541.3985479029369,33004.53982204479
No,No,152.7316857226906,46438.84641433679
No,Yes,766.8241669051195,33482.503953130916
Yes,No,2149.817647492238,32543.205042436075
No,No,1434.049615219002,23649.62864338226
No,No,537.230199513951,12491.364599437791
Yes,Yes,3688.870067542988,8742.280118229512
No,No,697.7168939890375,38220.82595274209
No,No,774.2780654298831,38019.90100944518
No,Yes,713.8360848367585,18722.22459118296
No,No,649.8955843363573,46514.869442559946
No,No,423.5764743312337,31430.57340474889
No,No,543.4752199470903,27616.026527642574
No,Yes,2140.7574968887857,31648.132936852664
No,No,1539.3759078404353,43885.605581135336
No,No,66.87977761264278,32984.04113304237
No,Yes,206.37312393373213,27072.716739072606
No,No,340.27024031711784,39937.137296826215
No,Yes,1531.1783605223584,38676.868152159186
No,No,1562.4678954873896,32189.795759575005
No,No,1113.0910470641593,21701.283194525608
No,No,237.07823429993243,39754.78388177265
No,Yes,516.9989281905839,23885.505520999723
No,No,952.6551835858978,34623.183599616525
No,No,550.1047207746276,33187.770411761296
No,No,491.23783242547415,17586.753932781277
No,Yes,596.5172316365016,25279.653462243597
No,No,1462.4291251587729,29908.438123386873
No,No,1022.2395750189309,30409.319777636374
No,Yes,623.1036848661845,20662.760143964966
No,Yes,1019.5929623200763,23175.591651115727
No,No,206.82603240849255,36104.49925169518
No,Yes,517.8318532564853,23244.86138330035
No,No,1368.342178958977,45048.15119513598
No,No,142.6220730800089,41061.67799589821
No,No,1031.1292105705238,32768.999643358315
No,No,65.93224251005968,23146.241080883985
Yes,Yes,2378.9626328176696,27513.697042424872
No,Yes,507.607707777966,21245.660996572526
No,No,894.7506390464406,31792.549116653365
No,Yes,872.8924820931534,14219.204573516645
No,No,747.3332091869036,37635.708163086034
No,No,838.5817194897941,59433.85745449351
No,Yes,139.3192696802185,19905.993577497477
No,Yes,910.6213326015142,27808.21636720974
No,No,576.0999287595301,45958.59081188345
No,No,424.9768002906464,28270.22899536854
No,No,340.10930692152203,9248.108463227189
No,No,773.0009707935386,40455.11493263333
No,No,278.31863301901024,34293.11476402807
No,No,1351.8506446597387,36613.34182250714
No,No,941.7060254620393,34048.95598514712
No,Yes,969.3751324855718,31568.623538626412
No,No,1313.7735231547606,32524.767743180506
No,No,96.29703689815935,55208.8440485843
No,Yes,240.1954757361686,28336.34480820376
No,No,971.3059374876732,43614.85294566596
No,Yes,429.2818154646214,23495.986745611383
No,No,398.11655401685607,36608.45505515276
No,No,172.1556636389218,16603.64545552968
No,No,279.0402483966621,27730.147324529025
Yes,No,1372.2094603269763,44276.53962905386
No,No,955.2409685234771,32831.25695955151
No,No,766.7433485488498,22251.216946087534
No,No,411.4008897252707,26657.914251759084
No,No,731.6779594798244,26577.175306142817
Yes,No,1453.6791641586626,33110.77045819907
No,Yes,438.5827298531454,17610.565232648732
No,Yes,778.513706721649,33411.43126306126
Yes,Yes,2475.5074986630957,24907.43576068186
No,No,1103.0048876601938,19544.8531362712
No,No,416.3505574064014,48861.40701893776
No,No,1042.0799243062913,33042.16884039716
No,Yes,168.15057318171893,26991.951465975908
No,No,628.9633882016625,36567.413093760944
No,No,1041.2887116547279,37674.220312496065
No,No,882.9040481930647,30064.909708999436
No,No,1034.2926825774182,36807.62893258412
No,No,1196.6807085498747,32007.633851682807
No,Yes,1119.6121243981236,25984.733436601007
No,Yes,1096.8481095628802,22149.91008217995
No,No,779.7701531334479,30599.583123305365
No,No,249.73760229252883,18879.67190909933
No,No,1371.8009457860285,33447.955657983286
No,No,646.4483775397321,35746.13666556653
No,Yes,1300.9800984563092,36392.11838837575
Yes,No,1278.0571357492277,38293.66006638324
No,Yes,520.934714147556,18377.224303130522
No,No,466.5240718897656,23353.223747102697
No,No,519.4167203735359,36174.37880005128
No,No,1548.1169574181058,26050.52340643556
No,Yes,363.8242883957535,19470.66218901662
Yes,No,1727.8150575166699,26018.738840507576
No,Yes,928.0865142233597,21149.892537910357
No,Yes,977.1577923417143,28602.856326636378
No,Yes,1487.610688186225,9521.135448116682
No,Yes,852.08049983484,32512.549470244838
No,No,1382.1254230239629,31458.638225102382
No,No,433.62993401618854,27159.17652113996
No,No,1691.408986878452,42377.6025567464
No,No,462.05848916720777,31437.498905532477
No,Yes,2080.877724329372,16122.006740305167
No,No,472.37272319492723,18281.664275493138
No,No,531.4839713210055,40454.44736392554
No,Yes,325.142134630192,28768.162227407498
No,No,343.5853349659397,29369.515111651745
No,No,648.9153945173279,46713.24861379973
No,No,795.0762796460532,33858.30944414327
No,Yes,1578.117812536346,32746.03420040036
No,No,562.1563530779204,23926.323682838403
No,Yes,1061.1386940693476,15891.426978819649
No,No,756.369318251422,28363.50696318993
No,Yes,1145.606740721752,20653.04941657973
No,No,388.59098111404353,45010.86860312011
No,No,428.33728896761977,36433.430900455736
No,No,388.7181418557184,25907.573180734762
No,No,1488.4636846514275,33611.589116235715
Yes,No,1702.148910592598,29219.48215851417
No,No,413.2345170477804,25462.418856699856
No,No,420.22746968866676,32702.582351023368
No,Yes,1259.8015272269627,22114.007226555517
No,No,1827.6252346987135,25843.21382015758
Yes,Yes,2508.6526204870224,18015.451849762114
No,Yes,477.1816031552554,29152.176036128516
No,No,485.8313575376103,37734.158554251786
No,No,825.4508643897689,42936.68729606964
No,No,854.7235869285172,30662.4823717829
No,Yes,695.2831720261295,15835.84995913705
No,Yes,400.2722224997984,19432.68504069076
No,No,649.7058737702935,43773.14005970005
Yes,No,2089.0840452708762,17495.9560147004
No,No,433.5047884068687,47947.10884523378
No,Yes,946.8436236973671,15678.882494482647
Yes,Yes,3609.739597305121,28907.735611600212
No,Yes,514.0638930750968,16306.79015553792
No,No,1084.4291787375955,27548.31950092958
Yes,No,2147.283955522681,12925.229674956478
No,Yes,1224.6727331953418,36426.58992717357
No,Yes,1702.4814598419173,27473.815250340485
No,No,1186.4590396321169,39836.98515362511
No,No,964.4300673085137,28571.321773280957
Yes,No,1665.4258563434623,24192.456497501196
No,Yes,1273.0820173033965,28885.71425066451
No,No,584.0374945830176,21468.754082512132
No,No,745.335515629363,31828.73139760797
No,No,875.7464510775328,20992.69883541282
No,No,483.4777516427219,34739.48446585333
No,No,770.2990658943692,14330.872355287156
No,No,690.9350598394734,18694.212266389728
No,Yes,1270.3593690962875,17431.263819673317
Yes,No,2523.892961324132,39647.5307410532
No,No,803.9181253533732,28186.822887380684
No,No,1858.0856758721357,43335.98323114702
No,No,1032.432698733894,48506.98277659465
No,No,767.7488365635372,30413.568703117064
No,No,461.6820296140536,18715.525797291688
No,No,772.0010018004082,43156.79956276048
No,Yes,885.2596179268652,12659.03679701592
No,Yes,439.8522994165979,17127.154064261595
No,No,417.6894850167029,16489.35729073613
No,Yes,1057.2549675609646,30192.153077480394
No,Yes,2215.0945263643353,27454.599777880965
No,Yes,759.943834687063,34778.00007470327
No,No,163.64045002181842,29087.443904899308
No,Yes,319.3652733957481,17682.173891124516
No,No,1103.4416303281746,28251.893656630396
No,Yes,239.9934130864228,14120.604575491596
No,No,1226.3134669429712,47786.517806288946
No,No,1061.9517087383788,67266.3390862728
No,No,616.7527236424513,26261.882021229587
No,Yes,443.2767339222137,27598.886566357618
No,Yes,659.6293348377,22361.57612169326
No,No,865.4937567647188,37917.40428168491
No,No,206.72526984403618,44096.98685804139
No,Yes,2069.6233490330715,15448.360418159422
No,No,859.7726627961833,28714.094483694073
No,No,931.4429766608624,45531.55559936684
No,Yes,1268.0316857030066,27011.84426178565
Yes,Yes,1938.6444798837958,25741.238199095224
No,No,773.3862680098871,38596.838407462164
No,No,1103.9094214627519,39578.915092165356
No,Yes,449.79469972000084,31554.34393115985
Yes,Yes,2515.3799252069,28726.415468304538
No,No,735.0317257094384,32992.733235029205
No,No,373.1922509571852,37030.36383565066
No,No,461.78316282621415,32825.7100365725
No,Yes,107.45138519379547,18226.994075231407
No,No,459.312289027143,32983.72547978333
No,No,34.919702552052364,32361.894476806086
No,No,1160.351157202474,16519.080422029758
No,No,911.3909978148179,41249.3495942205
No,No,281.61897384667884,42944.63445628622
No,No,642.3308984238785,38938.08906463246
No,No,664.8080533816074,42347.05819722854
No,No,229.5611232578702,31740.9086444845
No,No,558.94747531239,28359.258886994678
No,Yes,816.7764684253651,30092.337592777043
No,No,546.9977365246451,22912.16559074792
No,Yes,447.4382861186016,15795.917019970093
No,No,271.666635645437,37981.38727406708
No,No,531.787857828875,37707.63197691713
No,No,413.0720985064839,42800.724593022314
No,Yes,1209.857782944876,11476.90354910288
No,No,1681.828775081514,32522.57759206501
No,No,1267.2099795972358,22196.332791345747
No,No,697.9361946001447,42052.942132023134
No,No,385.28646175654984,46837.490486275165
No,No,1244.0242304709907,38544.956768553064
No,Yes,1261.6812818231572,19545.06501322594
No,No,1604.606942536339,26014.14847326706
No,No,774.0012823352928,29381.714026752983
Yes,Yes,2429.9489066746405,17562.129254793967
No,No,774.1788032329772,31907.588509880417
No,No,383.68311372933914,25991.3458287695
No,No,446.70832518047456,19683.508902069632
No,No,974.7454322662309,37306.4642794516
No,No,412.12664663385954,38078.24021250666
No,No,2015.850987427443,50494.1999240169
No,Yes,1101.9843013854625,20417.64375466021
No,No,686.4847768430694,14597.95343351071
No,Yes,876.709710057984,29157.109958621426
No,No,542.3947023622459,42777.56254847529
No,No,122.9256828141815,44920.016380823494
No,No,446.98492949040156,48213.24336715961
No,No,1854.5426630793709,48355.30729017837
No,No,789.4199966749642,23732.235521667782
No,No,1366.7490547706382,48980.77554830863
No,Yes,1671.885950628042,21153.75286626789
No,Yes,776.373652224627,29039.057795185552
No,No,1063.4468061395673,36094.92721030846
No,Yes,166.80312449622957,16640.75626957251
No,Yes,2108.1351288060578,31572.50843219546
No,No,1663.460843190157,28938.984842835547
No,No,955.7085371775763,52087.74428572653
No,Yes,972.6496732515044,18107.297609374527
No,No,653.5574777295438,23455.488586155312
No,Yes,1768.97040520648,18809.90573259652
No,No,1149.8463843160644,48452.012744287975
No,No,496.47172820944246,17828.00063572829
No,No,239.51836699161566,42630.664694360574
No,Yes,236.02303436578924,36276.523565554606
Yes,No,1463.7346188328515,31806.182765414233
No,No,642.7293372919988,29569.1361620732
No,No,944.5976558320708,34298.95952963048
No,No,707.1294036961757,22275.908381984897
No,No,199.37315368089216,59982.642329022616
No,No,142.63080565227887,40198.104296701444
No,No,469.1261892699057,21294.840479115664
No,No,502.3449035125096,25428.12430663828
No,No,502.086001037532,35291.3379024299
No,No,513.986431671598,20555.764941016925
Yes,No,2416.929134958752,18456.789069122773
No,No,1352.7839049415227,36437.6808097944
No,Yes,957.2829699008702,30491.98837742877
No,No,630.3712882351547,42652.21962504421
No,No,647.6293272314396,32902.62430187016
No,No,1121.081350355827,30754.90592377231
No,No,625.8474580093068,34016.70188900433
No,No,1260.639689936532,43421.27038757061
No,No,862.0771328707842,20932.319855404916
No,Yes,2917.3512402598553,18008.076504605655
No,Yes,716.5796582254313,20805.63818625327
No,No,1418.2896713925322,31077.606543209324
No,No,260.94391872159804,32955.29082902288
No,Yes,472.37640914528805,23275.68119546026
Yes,No,2224.004230458681,40240.24710829813
No,No,1224.4618452271218,15871.837778237841
No,No,956.7933580811955,17485.59947522132
Yes,No,2837.2883298013003,26848.056315354537
No,Yes,764.8234913278437,29495.125491440685
No,No,1416.021394566035,26980.502211444553
No,No,1486.712243652352,33089.17760725715
No,Yes,2299.1107309302465,24346.98296108407
No,No,232.6238713261036,36660.96755460627
No,No,634.0912361204038,49145.75112199667
No,No,851.257914514765,40446.44178337912
No,No,1895.4145825534883,43474.63142386226
No,No,929.3670930275432,32232.03625879294
No,No,1488.8641747776996,48235.0385502992
No,Yes,254.92656540302886,23951.25363587056
No,Yes,629.410866566651,9762.758629197058
No,No,1659.2990371112928,58083.86662827666
No,Yes,697.4725409636095,23773.278215331924
No,No,674.7440565313365,38797.725016151715
No,No,1875.5794491576914,22813.90537614998
No,No,317.97142622946535,55471.19449105463
No,No,388.15090264298686,25567.46085319449
No,No,190.2558436900017,29647.531899070127
No,No,1924.8994562364392,18209.054330876657
No,Yes,1603.0978155567211,26002.043872194306
No,No,1313.022446223784,30684.84620729561
No,No,512.5998654183136,18064.058115579617
No,No,175.75900708478486,32824.290722113525
No,No,126.84532699357179,34447.94959676071
No,No,1667.4363665908447,31025.239919590134
No,No,1002.3249981148556,15291.120245428607
No,No,1140.388249582873,36407.958072297566
No,No,822.6709155871495,20823.597033531965
No,No,348.19763099330896,42392.17016047867
No,Yes,638.3720919385828,19562.123090885616
No,No,275.3815292970669,42776.18890615287
No,Yes,292.48752860819087,23548.580018612432
No,Yes,1514.6531019835882,23907.763743044674
No,No,140.07512016965984,46262.97389532607
No,No,277.1334505700915,25347.34375640419
No,No,557.2645388830329,22542.26066890052
No,No,722.5763043937005,39057.01739539583
No,No,187.8184820542211,20359.51156843901
No,No,920.9766062959915,25512.21277301748
No,No,789.1092633661498,17708.38386577554
No,No,1648.353548133303,45018.2256221938
No,No,731.8360401588379,23473.249243192604
No,Yes,1186.105462565754,18870.044368257266
No,No,365.8955697408009,20599.47507550842
No,No,379.5949320128781,29645.786938381847
No,Yes,250.2559316413179,22449.38944822818
No,Yes,442.8600209877966,29231.83939505905
No,No,525.6602300017786,20280.436780696724
No,No,1540.871133210586,27490.78067079684
No,No,321.64675285105983,47727.3846755332
Yes,No,2501.2498901781464,43910.59804943307
No,No,1050.4253914218555,26721.947242527294
No,No,903.99532095079,33005.26864676361
No,No,689.5477045412596,53180.35239308183
No,Yes,712.3199810524469,15092.124109702529
No,No,418.23043432640753,14287.389922498653
No,No,179.98996139699338,28139.05657581801
No,Yes,398.17578305805154,22866.35477287064
Yes,No,1921.8662134169172,25478.045445968935
No,No,1005.7676605119548,43269.09933416506
Yes,No,1910.6748095437208,35606.55690031512
No,Yes,490.9717122115954,19219.005624248548
No,No,267.954977833873,28110.13011624891
No,No,684.4226393975887,26036.521066031193
No,Yes,411.4363630183289,29258.13716691158
No,No,794.8272707591341,28774.660147179755
No,Yes,171.30913171503613,15099.626645133929
No,Yes,91.39136903989666,30183.30966359802
No,No,879.0850221679541,30735.975167619992
No,No,1957.0732250252972,19901.001468758033
No,Yes,1088.7619966097186,35439.75203906264
No,No,998.5465768545673,39605.46936630688
No,Yes,848.0291558025115,23773.74343445851
No,No,758.0043775783193,31381.53944461236
No,No,170.68284713844383,30696.602926574196
No,No,354.4081545623648,30492.61340466635
No,No,1530.3792710388495,30764.264564889763
No,No,516.2591103470186,27602.947054887707
No,No,1509.807857913614,32466.50222916473
No,No,742.55945222753,27405.21807490593
No,No,770.8394037592616,35734.54286139016
No,Yes,623.3292688284656,23285.660459678544
No,Yes,1323.9151309761166,18546.678921856896
No,No,1292.791387036253,32631.79290712043
No,No,337.58190548616403,38929.39262004888
No,No,188.43889562202958,10935.861016499879
No,No,96.96230280811957,39281.983077870864
No,No,964.9039401009695,21236.197282435132
No,Yes,1065.7602471472474,20237.815668659605
Yes,No,2960.5216953563427,5203.176960925353
No,Yes,851.7867112588997,27409.631973956224
No,Yes,740.2716723965666,18268.347926535265
No,No,814.5000080914716,28501.896579775937
No,No,846.9713430231359,34406.60133114174
No,No,580.3378332148282,13791.991839067923
No,No,347.6016391264549,34120.58264705396
No,No,681.3255009379428,39982.465433674086
No,No,661.9687158264784,35242.01342359071
No,No,653.8261340129125,29561.49463876877
No,No,1184.4005914509191,33911.53126403164
No,No,672.0270395301828,32745.076285536634
No,No,192.7859715111797,41085.35740105098
No,No,398.85145737967787,46050.10216863501
No,No,574.7011972717709,29391.665734278333
No,No,696.3505435577326,35815.278303004736
No,Yes,1175.1770642027868,18776.91972058735
No,Yes,840.6221363529115,26366.954737486798
No,No,78.40228633591339,38101.2429163817
No,No,216.78366004622282,31832.060476204562
No,Yes,1232.321945191885,27083.11886448475
No,No,562.4080354642666,33531.928483930526
No,No,746.422853285648,33019.35156226186
No,Yes,608.7683334121249,17287.447006433835
No,No,397.42671634082814,35219.62822858435
No,No,522.3528264876517,27720.844740275723
No,Yes,903.6865108736787,29537.772350942898
No,No,668.2408621330055,25067.99735711336
No,Yes,1544.4716242307761,25331.878064909135
No,No,156.28647672072628,30893.768688617638
No,No,180.62150563478988,36163.21575301365
No,No,557.2039389273243,32916.99537736928
No,Yes,1184.6273258952,17723.984247761287
No,No,1140.555604443931,44437.85263527444
No,No,411.07436986448585,24628.311510949967
No,Yes,29.010637101237982,27948.020024082634
No,No,422.50125276436944,16516.20140354935
No,No,890.1516411212419,30610.779874372514
No,No,658.7919055670651,48791.86123470701
No,No,1012.786143395039,30745.51534635191
No,Yes,1794.1658109626433,24125.309747939464
No,No,588.1075109429861,49526.10771879153
No,No,462.9570144574695,32071.76952040584
No,No,306.1909794619515,36090.06159256651
No,No,179.53773842922604,39546.38884549556
No,No,132.36217107216171,19703.073520670994
No,No,377.4096698435323,28644.881487005634
No,Yes,1632.915449299521,24359.09467085603
No,Yes,1297.919074620186,12278.99414023432
No,No,445.1184131223431,47198.04545192592
Yes,No,2516.441180466819,41064.14548052445
No,No,400.24535353651106,39574.835600168066
No,No,1590.133495136329,46699.964485196724
No,No,1841.8290703501857,40732.45980417197
No,No,933.5219531695373,31201.095973519376
No,No,374.3636844517648,17177.564106046317
No,No,495.2505765871179,26687.880983289353
No,Yes,919.9860293863265,18884.338668492604
No,No,184.92607854344087,39687.88310136126
No,No,280.27275978296564,34308.94424981715
No,No,259.0130742236104,17845.268376858414
No,No,983.9660313804353,42151.32091159983
No,Yes,1782.6523410004597,32755.547938500862
No,No,1111.116298503006,48255.3895416861
No,Yes,1589.5739092728647,15540.5062300595
No,No,347.25052624639096,36715.702326526785
No,No,513.5329289597931,23436.297369859945
No,No,545.3449111017824,52891.84700712658
No,Yes,1117.0614544288344,23664.042836095035
No,No,386.51259056339995,29798.135472747228
No,Yes,1523.7029568471169,19570.49533119209
Yes,No,1808.4369034130993,36840.35128956492
No,No,964.8011510726537,38656.14300785429
No,No,495.4068160520718,17019.42996601283
No,No,320.4213084477995,47468.63893052305
No,No,259.59139881359914,38209.13063557952
No,Yes,95.4443333170942,33171.77089901491
No,No,558.8145835774897,50607.06652833669
No,No,533.694233533758,32505.85710684198
No,No,1217.0463423671417,42069.0705818433
No,No,408.6225068946451,27742.16570656991
No,No,584.0357767005066,28822.824567825584
No,No,823.4961208087934,49223.786330446404
No,Yes,1144.4448622428326,18276.27375068224
No,No,1122.7162252515432,35464.687510292606
No,Yes,917.4996512177111,17095.703187679428
No,No,196.19412575676787,26943.94693153879
No,No,895.0974135130142,28448.792146204047
No,No,383.70494838047307,47971.458278702674
No,Yes,1838.8176090525023,27046.3783408124
No,Yes,813.2540433292894,29343.011758959758
No,No,798.879488705535,15431.772021598132
Yes,No,3114.756170607693,33846.484367596866
No,No,1136.2666482255709,29675.053399369706
No,Yes,1060.2028387248756,26896.26144738639
No,Yes,717.2326242193882,40295.68108007546
No,No,213.23713685198825,9594.421949797576
No,No,564.4481517035349,37494.49142196107
No,Yes,380.2209398980853,38883.49926384805
No,No,1954.250029203804,28402.121531295157
No,No,891.9483882934593,34998.39053814688
No,No,1495.1912496316816,40265.699283895825
No,No,398.7522124433467,11941.092607736231
No,Yes,405.5280038686428,25313.290317962295
No,Yes,1272.7193138504983,17891.54688759811
No,No,305.3649765832391,53977.687905867875
No,No,465.31945353330997,31426.287930637645
No,Yes,2418.2705913815425,18477.618343316335
No,No,480.8575416817781,41966.316210331555
No,No,169.71623585752002,38380.12715401868
No,No,108.13374866040213,42459.34605368323
No,No,148.42007703069334,52604.238403739255
Yes,No,1554.3082958359212,27647.926685609964
No,No,420.3660137233069,50690.35833635897
Yes,No,3052.4206345291914,52274.48035959462
No,Yes,2186.607983291142,18070.493326901793
Yes,Yes,2798.2104468878347,18748.493483048333
No,Yes,1617.169772213741,23780.55765061709
No,No,1021.8452661036429,31503.226981435357
No,No,327.12487632542417,50590.55183323582
No,Yes,797.9107466081012,17402.527073222
No,Yes,1313.7789611103176,25162.611807650854
No,No,1291.669794136509,25845.135458639288
No,No,233.81766280842805,34584.681448387615
No,No,571.5785367847693,54916.9799736382
No,No,624.875537425625,51730.41250605912
No,No,605.7521424534573,37285.24863578553
No,Yes,318.37385032894423,27858.387764460418
Yes,No,2155.6123920169725,38214.901784489644
No,No,556.4168036972054,30459.947478779635
No,Yes,340.5790194519585,36865.838356674016
No,No,2190.228641886086,46695.506254513675
No,Yes,2187.981480180156,25090.609343368822
No,No,742.098626928417,31331.540614344547
No,Yes,544.5643057752102,22386.294731095175
No,No,135.70420494832976,36887.748238996086
No,Yes,1162.3375990574225,23204.666713745904
No,No,427.6824700555548,44895.09085203831
No,No,652.5587344192479,38290.26871329621
Yes,No,2064.514395862665,23962.552164889756
No,No,401.534052184235,22033.850182697082
No,No,939.2226828868328,43407.99385484103
No,Yes,1374.8144403190893,15355.641703312795
No,No,1522.1626696598569,30013.89921157036
No,No,616.2732405387068,29103.752334656183
No,No,566.924104012566,21115.05980985693
No,Yes,667.7030247294656,25621.45695371614
No,No,874.9366614017882,32261.846574043968
Yes,Yes,2127.2838393762254,18985.289634928165
No,No,536.2314046915367,54351.869683975805
No,No,34.89361631601109,9190.673529845066
No,No,1235.3191639282309,24866.35238231374
No,Yes,842.2348101050444,19412.765221717855
No,No,970.1650107596117,19916.227314959586
No,Yes,169.8383519441949,39255.353891613886
No,No,429.08530926528545,55973.56908849594
No,No,1166.6873645269623,26655.405105855014
No,Yes,247.29043559863828,32331.155199908408
No,No,937.7021421992085,39465.41664204475
No,No,648.43034015432,50061.148928803574
No,Yes,425.67149322146855,22699.567015312958
No,No,329.68438412568815,37816.08522876597
No,No,267.6555375761904,47525.46022220583
No,No,699.0279508036022,45995.949332371194
No,Yes,914.3935331486729,24511.443455857217
No,Yes,593.4338282819147,16851.97197606302
No,No,252.13827017444353,25866.43086516924
No,No,918.4712213408309,15008.155737338893
No,No,1250.878887050524,41372.67666029666
No,Yes,1248.280691570765,24935.147624030084
Yes,No,2393.5424219588504,36392.63760216565
No,Yes,691.9311482333087,23273.836688158084
No,No,1658.511609650787,22066.50268240573
No,No,385.6350389179882,36626.1712346776
No,No,333.2690628491333,39552.51058690934
No,No,732.0409294515147,24818.249807273343
Yes,Yes,2288.1640549951408,23251.561045582832
No,Yes,632.453597440615,18911.559246938712
No,No,141.41346834878897,31344.58121529776
No,No,1234.5904142609118,22146.00714813141
No,Yes,752.7289398032726,21572.61658586012
No,No,833.1484359341978,49773.85914591245
No,No,348.9260798763254,28480.864968613376
No,No,726.8866237331027,26690.821926786342
No,Yes,198.7432274471157,19123.17736589117
Yes,No,2177.371124662741,31597.845786488666
No,Yes,1673.2712349981878,35996.24931694712
No,Yes,842.7895235818182,33289.893083837494
No,Yes,1453.340122073105,22446.059835020522
No,Yes,463.8014928183113,18950.263983566005
No,Yes,1623.0202580785126,11123.138461103395
No,No,508.3021397356771,24386.827345379268
No,No,479.1930612545559,13754.582159886191
No,No,285.07920966808496,40901.17321681121
No,No,910.2093476587523,46855.56178297906
No,No,679.2519142863074,29747.688487120467
No,No,1694.1704136749656,37338.94699844408
No,No,254.77936929172805,22610.123881278065
No,No,913.2047458735682,14101.140211940397
No,Yes,1784.431004579095,23839.72014547708
No,Yes,926.6023303096217,26133.394977935895
No,Yes,600.5004977378863,35377.816402124234
No,No,757.498282580913,54131.834193155795
No,No,1604.7956583687637,30714.31901376513
No,No,1604.3481991921383,42621.14777105659
No,No,607.5361442840077,36650.90233469575
No,No,1585.761649056636,33522.71270365516
No,No,654.9272392771861,33125.22571973041
No,No,1201.7965697817485,32050.505495774196
No,Yes,1188.8757225819725,22736.529361193298
No,Yes,580.9643097368928,35046.296002950796
No,No,294.77524953022544,35645.783537122195
No,No,1513.4271213235543,50918.616213900415
No,No,1801.2624444324988,24516.905677432962
No,No,897.6402244459781,5172.675357003194
No,Yes,785.1000044249447,20209.738858007848
No,Yes,269.226976606396,17597.654192307622
Yes,No,1487.2844495920183,18564.21434874033
No,No,823.9170525965353,46506.502043692424
No,No,541.7071286996734,20136.082716765857
No,No,1225.4143636992947,39327.8585403212
No,Yes,222.2136404264551,37549.3602564816
No,Yes,326.43909208404557,15400.599098494169
No,No,374.3532802993385,31190.62662550745
No,No,968.8185412106947,47027.08164697095
No,Yes,916.5224504383652,20542.20537015502
No,No,1051.086016854153,36823.89489055459
No,No,1419.585895889297,39892.94087722098
No,No,1077.7876184540094,35235.94816444725
Yes,No,2207.7308196000517,29016.867249562754
No,No,1417.3484348731047,25691.195890953422
No,No,606.4142982915616,22552.198099810492
No,No,426.67406462013133,39465.13814771938
No,No,620.999802173185,26921.141493126306
No,No,1104.2332976654466,45459.76223360981
No,Yes,559.345402304535,34574.17070269146
No,No,1125.5933104744386,21931.879043470188
No,Yes,1245.1265292938585,28617.34761116425
No,No,290.8876474330362,54089.85695794337
No,No,1399.4104192107225,24946.665972139752
No,Yes,1049.865911931321,31854.493644674807
Yes,No,2137.6984198684454,39119.3069328352
No,No,656.6886240786015,43104.84412294091
No,No,522.0412351265007,25935.960087322776
No,No,257.15569980279025,52551.8491022359
No,Yes,303.9733412333523,18762.30678184055
No,No,1287.6630383411045,39906.44175762824
Yes,No,1997.6250825616503,32867.644267325435
No,No,614.1708643339441,38866.53206277333
No,No,583.2323919405856,23665.802076590233
No,Yes,844.1996405510966,14858.453301802234
No,No,1464.6520913260729,36370.308590264554
No,No,293.2962626628203,29827.47453732355
No,No,797.4912747154685,29487.09564028668
No,No,1307.7005958035857,38948.18342439698
No,No,960.3538416422238,18553.227090323984
No,No,18.367590443825353,45568.82890926857
No,No,1081.5631858176694,34695.12885406703
No,Yes,1160.4327978841236,28789.804019101397
No,Yes,1988.828642668207,27141.437646967526
Yes,No,1893.929841231602,39324.97627928752
Yes,No,1602.308322285216,21515.42706401197
No,No,706.3840538344718,45146.88094986037
No,No,134.41053647328596,36229.14115233256
No,Yes,695.8823512218361,20125.04418989751
No,Yes,827.3247770430861,22572.970900843244
Yes,No,1980.9685396812615,37121.361125491254
No,No,352.06129936935986,35302.28824164646
No,No,190.9432495846278,39472.42090751881
No,No,468.6413892455439,50033.901164606614
No,No,369.2186245199227,23133.63548621822
No,No,172.22763311551293,41002.74508493475
No,No,624.6654183760091,32427.009956962105
No,No,710.150976642153,44925.447262462796
No,No,161.71720119828635,49756.47936627077
No,No,519.4005628603525,35461.22505388243
No,Yes,418.56427456741,27795.65362588284
No,Yes,873.416971672396,31962.453855053285
No,Yes,939.5190093446367,30437.673740812377
No,No,348.8662916070291,46067.70597473335
No,No,1390.9826366051261,30519.15896681841
No,No,677.7326239774769,28331.1736391588
No,Yes,436.4152591486695,15496.780344321418
No,No,150.69686252813938,31546.590035414072
No,No,814.3432334176686,32658.324033408888
No,No,965.3888082563959,32063.983856628507
No,Yes,536.4414503494835,26895.599185335734
No,Yes,894.4555707920692,27077.810189033193
No,No,1893.870147346801,32845.71718373798
No,Yes,1494.375698085472,25877.396320306296
No,No,58.51154958360244,41767.443031062925
No,No,359.98690533016327,25512.136348291035
No,Yes,721.3884348924422,29982.543609061977
No,No,707.1455120709509,27386.3435263567
No,No,757.6072024459987,47890.803611260126
No,Yes,1106.2990754039981,24613.70656485504
No,No,617.0409271013953,34141.017720484655
No,Yes,811.7376256728966,10922.09109213149
No,No,1289.9301562951327,40078.89134361859
No,No,826.2006182803345,34450.57077990522
No,No,233.2948851411498,35241.477580057894
No,Yes,869.1752408616113,22798.446934539297
No,No,602.4687297549225,39751.95660009776
No,No,90.58859293562963,41754.71541995135
No,No,752.6702385629824,38340.23477084987
No,Yes,317.20574713498803,32669.475391538796
No,No,1303.0609930252022,26307.019682000104
No,No,912.4961964172617,27571.505247924157
No,No,220.7285464451211,37567.0368394829
No,No,1262.872975678325,40117.78479579289
No,No,1675.24371302507,38666.95534126286
No,No,545.7002314658997,20624.70825940791
No,Yes,719.6247679865194,15032.415713203836
No,No,1179.1377620109224,31652.132912519402
No,No,1592.530584382804,15607.280514511614
No,No,123.94765553691443,36108.9708605712
No,Yes,296.50525686398,22926.149640286912
No,No,476.22990604787356,24355.38008528778
No,Yes,623.8972692777264,19587.801479739242
No,Yes,1386.9235892411857,24218.091018130162
No,No,1598.0446220214947,18564.7623491607
No,No,1678.3175743211948,27465.999671609196
No,No,120.4574235864758,30866.10312187862
No,Yes,397.32194015101175,21351.391616454755
No,Yes,486.16177086830515,21552.572943281655
No,Yes,395.87278137855304,32963.37909373528
No,No,910.5029829209321,42985.54299654241
No,No,990.427638851555,27068.642079716294
No,No,669.9886149826989,23128.053022331515
No,No,622.069381684381,29366.49703239547
No,No,493.26689327700313,45771.60176256759
No,No,541.7561035615668,12226.904588253543
No,No,1879.8454326154874,34335.867426293065
No,No,1095.2233781973566,30419.46326929313
No,No,508.7142025444273,45483.690104068606
No,Yes,735.3324804407772,30318.034783122097
No,No,925.6232890472489,18818.618733837397
No,Yes,264.7888000072557,31826.567744576347
No,No,743.2400438863752,10162.360927458529
No,No,1053.4169034780994,39622.76988806747
No,No,960.1893851194508,40520.50483860016
No,No,336.9935969274753,50351.6713204781
No,No,394.7097443700334,35773.448647115845
No,Yes,93.51371455041986,18798.98163475967
No,No,1132.2693697988745,23416.368384503192
Yes,No,2413.682439151643,48102.28179738962
No,No,295.6829898729667,50471.11480473132
No,No,1412.1286348358017,29015.247690110846
Yes,No,2275.4897777227325,33721.89938606688
No,No,454.0937764887065,47133.05800938278
No,No,613.438198056397,41190.68397339455
No,No,806.4692454268832,31632.211959213993
No,No,938.521266875099,25903.40881805338
No,No,838.731423597059,25087.06258375787
No,No,484.18264504573347,43033.54862922362
No,No,1041.9143478687083,29829.972012641447
No,Yes,592.1234187879178,20603.66738454826
No,No,880.9764795316635,39619.03666170227
No,No,651.6693020721685,34306.01799015813
No,No,106.26720544589192,37394.40017717032
No,Yes,1864.4481026056649,21181.7661240838
No,Yes,484.74178652503343,20890.720767041516
No,No,1658.096064245642,26155.599999142858
No,No,1374.228404882492,40589.68239736998
No,No,788.7191624440314,34350.53220823487
No,No,973.6062953960698,36431.55555999693
No,No,1058.4440311130218,23302.634526583315
No,No,569.8656841096897,40457.07415939847
No,No,591.5609018936203,36620.79553784244
No,No,1022.5523598208567,40803.03746639179
No,Yes,788.4625202925712,25865.975167578406
No,No,485.48982478303293,36360.16155397043
No,No,341.90176923767245,15298.50784954361
No,No,899.7337394809282,44877.530422910015
No,Yes,471.0917044448288,14206.795609411422
No,No,1218.5279176037304,43870.752932265714
No,No,1289.9208641301752,32771.93167079881
No,Yes,1161.9285089841135,12202.97166045067
No,No,1115.5811721873295,32638.674254943362
No,No,970.323557242212,18497.65956496742
No,No,1171.301576114659,44579.82511053644
No,Yes,1364.3598751908921,19839.837690656143
No,Yes,1038.1447976945099,16161.706503779937
No,Yes,1663.2599865830412,28075.93693714902
No,Yes,703.1459213017803,23153.548907772714
No,No,351.241399631488,38701.67088729347
No,Yes,402.5719978743083,22652.72198895153
No,No,519.9462234195908,45066.53209549788
No,Yes,106.79063773424546,20639.40806967966
No,No,782.9883116556454,17741.114714424893
No,Yes,1282.0018109475398,15789.872835846125
No,No,1277.4884870281298,37851.88074931068
No,No,133.41972641092423,26922.03230403785
No,No,345.2719818346037,46333.85976241343
No,No,1193.2918665810973,21793.207164963052
No,No,571.5008599279439,43682.204292344584
No,Yes,1261.8880264106122,20418.6547968314
No,No,209.64432316563074,46575.33880317538
No,Yes,1974.0816884096353,26989.41735877179
No,Yes,232.16137061064563,24797.53455913072
No,No,766.1842288456234,40144.0024902905
No,No,780.9010243085605,45766.5386508242
No,No,443.65066585488614,32991.96402117594
No,No,944.152752407202,14730.02473492446
No,No,963.2390468903512,45500.4555317061
No,No,890.5348843432914,30787.552624832504
No,No,436.8652006392398,59098.992597685385
No,No,368.4209399685775,27473.083130096024
No,No,476.862314965877,29692.041461643646
No,No,325.7707025353423,40944.454732331404
Yes,Yes,1715.1510298867668,28781.07996489164
No,No,511.27333646272194,37726.23717567174
No,No,750.0609022493937,27900.74162486758
No,No,1189.9631767299002,21898.061310845405
No,Yes,373.98688130520964,18710.40203583836
No,No,185.20194370417286,18333.42071282745
No,No,326.78478940337357,54134.455377887396
No,No,811.6522606959762,23253.76541461232
No,Yes,926.0595172697456,21391.620852563272
No,Yes,1067.1760486574442,28297.147151309502
No,No,614.771192599608,33552.21415342271
No,Yes,40.6210865892099,19310.6478823834
No,No,599.7015404121919,32014.104900425573
No,No,1299.7864311471562,27414.10534049841
No,No,1530.413011551788,30955.431403250583
No,No,713.5052690950272,37405.46570426653
No,Yes,928.6072183449468,16193.188803401192
No,Yes,1245.4625058037645,31013.084872790212
Yes,No,1501.6178150964868,34226.86727282062
No,No,666.939340614974,27665.120375686365
No,No,1027.815466166033,30343.66145791061
No,No,420.8679361787584,45174.50417876661
No,Yes,256.9252273122577,29178.861554020626
No,Yes,550.7194745927274,25129.801133868743
Yes,No,1733.1693584583902,27495.301835968014
No,No,1042.3561984887901,39182.4371113879
No,Yes,281.4622909460059,23549.11635662952
No,No,1076.2994435103783,50956.69028672986
No,Yes,302.65725233158827,23187.185294532057
No,No,880.5469308033976,50338.17763331205
No,No,300.91919812389733,35448.309571162354
No,No,221.77436404226555,23131.54903853387
No,No,1925.5883068200696,66467.1753744414
No,No,510.9602583171098,19030.414784541867
No,No,1029.1810834459645,13732.759233194392
No,Yes,825.6255296843326,8926.84924514216
No,No,271.50560518622046,60896.821354215164
No,No,555.4488126398429,54739.904403178516
No,Yes,328.4826512933293,24458.081946685983
Yes,Yes,3419.739804328031,26488.994168065223
No,No,1159.4578292460021,36009.21497770598
No,Yes,814.0025153529573,11055.406798354159
No,Yes,1189.1868787705455,33661.7928267495
No,No,1108.525355381327,46778.59927508215
No,No,1110.5591913420212,21189.0694073423
No,No,1077.9921617095335,36756.830938377265
No,No,1021.3560023077548,32765.857726075308
No,No,720.6604518523227,31388.410199248567
No,No,1829.1580495152882,26709.02636430543
No,Yes,906.5035313377799,22663.738179589007
No,No,693.2917495393199,28231.541660983734
No,No,760.2459979092387,44142.41295173526
No,Yes,960.8943012342042,23256.510916775158
No,No,134.59915898101258,26574.5504381106
No,No,323.8276541886896,33247.869530025244
No,No,614.7550443305113,32087.011041944315
No,No,127.22322270270423,31666.150162270886
No,Yes,813.012808148636,28189.621322382696
No,No,793.0373926684287,30733.59090694575
No,Yes,245.62969335916105,19452.444880620817
No,No,396.3454572561269,19898.842865761362
No,Yes,1886.0138032212535,23389.83559224012
No,No,998.1167920983916,45953.53312055663
No,No,958.4631139339921,32261.904751721275
No,Yes,1734.9246545492558,19937.406814963488
No,No,329.48902503722763,25927.641511117603
No,No,205.2999975098262,16261.6554899757
No,No,1317.5462552448025,45264.522011048124
No,No,628.209840033734,38347.01750224284
No,Yes,386.05392999975834,28837.412032411223
No,Yes,160.0822243066273,25207.486926838614
No,No,766.6891889578204,25446.424033499192
No,Yes,687.9209799178724,21232.09746621906
No,No,498.59419053477325,28494.604914167317
No,No,52.598819766576845,29331.398292882473
No,No,1813.42869646867,29392.71110022535
No,No,168.55907638618325,44547.763680558186
No,No,538.230883409613,53717.149861542624
No,No,468.6649889079973,24777.259048646032
No,Yes,1222.943753813202,22265.531831720607
No,No,135.0937631375536,35667.82071713607
No,No,934.9449634703537,23695.471040313983
No,No,769.5073136017488,34028.12202494263
No,No,379.9209505360943,37016.375673328585
No,No,911.6643154162539,32719.887117736987
No,No,676.6035019518001,39770.28665919219
Yes,No,2099.928958747805,33503.28723668132
No,No,572.8637678026006,4841.700657734105
No,Yes,341.63316395963204,16726.47525524587
No,Yes,1129.8980716818596,33476.85080346427
No,No,517.7194881599679,38702.82061800693
No,No,666.3008169441453,4988.321927533594
No,No,206.99311838629825,18398.398219309263
No,Yes,1236.1167623388312,28502.74161859639
No,No,452.2048193481739,27738.45448644851
No,No,813.6067769301086,6477.577416384203
Yes,No,2445.0349787847285,44093.90567189696
No,Yes,656.479666343457,28517.096124353797
No,No,1129.5382662595796,25206.87560444224
No,No,577.3935662278793,45950.25635723315
No,No,384.41423359967024,25585.893256224183
No,No,1608.2359775039902,27270.95177186614
No,Yes,111.23304715619469,20050.132155401905
No,Yes,1600.8301621190774,10181.691963611282
No,Yes,94.88268812146336,26338.95437056409
No,No,1241.993528419974,38701.05082478144
No,No,674.064443300215,28914.723575840704
No,No,285.42613961308547,40562.53373594852
No,No,477.79061727475056,17588.740279817255
No,Yes,1305.113020039161,28252.563070199798
Yes,No,2296.736355305582,36753.98160990333
No,No,141.22055478033644,26593.12144156763
No,Yes,362.2957994183559,26348.808271042286
No,Yes,226.3721273395751,17278.888108903862
No,No,573.6965640658093,44551.10903804192
No,No,1264.847269008497,38770.51689262612
No,No,163.0011978036,37136.42684522612
No,Yes,792.5321115079702,20213.394814879885
No,No,1237.5345387184939,41251.818291196716
No,Yes,566.5641324401466,31875.97374776569
No,No,774.7707931104981,49568.927004822115
Yes,No,1530.0998309712616,28047.129294905877
No,No,252.43149590242982,41685.37052435151
No,No,105.42609093474272,47454.404905875526
No,Yes,1014.8791220847154,21748.69156148677
No,No,862.8055007649301,47554.28681535929
No,No,445.38783821086855,35088.646731198176
No,No,375.0696617370972,23313.462186973404
No,Yes,821.3506496370143,18480.24308176388
No,No,248.0803582490065,19065.85563741449
No,Yes,298.15216469376327,23177.664297056224
No,No,1082.631561409623,31898.164337649912
No,No,231.99771423499277,35383.90314906547
No,No,113.59917035211949,47117.021199323266
No,No,374.4166619696543,33335.66690799241
No,No,454.4561411178644,30828.706893574265
No,Yes,1121.8471783184648,22053.46356241496
No,No,403.2682069093168,14966.504879306187
No,No,1703.9492387852424,40334.6527818342
No,No,711.7024509218343,31992.075250395726
No,No,330.3263739252831,34303.31761519226
No,Yes,1088.2896344642586,22044.645430311048
No,Yes,2020.7715945409914,24341.695698788983
No,No,1062.127038623546,20382.41455524683
No,No,152.74379932396783,33489.19442745004
No,No,487.39297984124266,27459.677095545954
No,No,804.3959192700621,33849.29133754779
No,No,1031.6217922511223,23350.375867713177
No,Yes,691.7623023345225,26799.95178280267
No,No,514.4065924853419,33714.05321537975
Yes,No,2089.8067702962117,20545.207345761497
No,No,1073.0646228581265,42963.355628647136
No,No,908.930961263273,28356.587394293874
No,No,417.9239902552717,29913.80050636948
No,No,244.64771742568354,41482.1695357066
No,Yes,1104.4238153710392,30963.66080597041
No,No,1155.2301707280617,28841.221552202518
No,No,663.7810683485826,34614.84817151078
No,Yes,1290.0769086792573,28223.782023454325
No,Yes,1313.0461925182108,32292.829956318055
No,No,1208.2961159730644,34386.77316725155
No,No,149.90123825404456,38217.36414475423
No,Yes,598.525565560662,17052.396533843945
No,No,960.0716642581356,18376.967697764656
No,No,692.701425910637,39048.97927007865
No,No,1096.5713008746734,25430.736805097156
No,Yes,1090.2496510798187,16979.500076990644
No,No,58.35590263631452,39914.19768866717
No,No,1408.8886991243273,32025.510922194775
No,No,448.707541864949,35775.70282815098
No,Yes,375.61457369481155,14467.302029978177
No,No,1377.4758644409162,24389.2891372042
No,Yes,1246.4906217028722,34864.33286081453
No,No,1508.7806472303228,26919.941489778637
No,No,810.8807240246033,31467.074949191105
No,Yes,592.2923808632685,25111.541038299136
No,No,743.487350791678,22800.391421449174
No,Yes,316.6387329609252,32919.59891987003
No,Yes,220.4532817626573,23502.520821371814
No,Yes,469.9840886055222,21795.09758804955
No,Yes,2176.469475629275,30926.793019520217
No,Yes,511.79110095718136,29832.59962487522
No,No,116.55257022013153,53169.90882370666
No,No,589.3582787933422,29129.677076705364
No,No,421.723395468175,55432.775030606106
No,No,1426.1764720281149,39961.40260602093
Yes,Yes,2075.157345108046,35282.82410110092
No,No,475.13684094332245,43358.03910344302
No,No,810.3100815984558,27080.190264545185
No,Yes,1032.5075073999797,17614.03590828956
No,Yes,770.2283827692112,10821.140962018748
No,Yes,665.5509933788666,9375.95310146673
No,Yes,353.07506628192317,19164.13964282029
No,No,95.54360771929557,46170.049986220634
No,Yes,351.1826407779918,19963.109878494353
No,No,624.5010710166483,26735.72113920767
No,Yes,195.97250492995687,28347.453938662118
No,No,779.5292010906713,24884.668318170738
No,Yes,843.7450877650281,36333.95582674281
No,No,422.33529492849914,30883.325117543587
No,No,535.9940523785137,42806.88633912038
No,Yes,234.679987375031,22049.528160773247
No,Yes,1432.1855569133627,23622.039995912004
No,Yes,1415.498537686233,31339.60077886563
No,No,232.13333910903705,35793.50427362737
No,No,238.76886055910686,48437.943478681256
No,No,296.24849876296753,25667.162211996867
No,No,993.9225875423447,20509.705169478737
No,No,858.4663659159809,16006.73717170336
No,Yes,1640.3182891039555,32234.76010039819
No,No,1471.3924462202258,42515.884492222205
No,Yes,176.86614056253188,21590.53449481407
No,No,969.0483959361931,36487.55311988188
No,No,1432.1472986701317,44194.43275556023
No,No,508.6030686059184,31597.678927605448
No,Yes,785.493838607544,11129.630538930307
No,Yes,696.7475353243858,11218.862419573346
No,No,601.0531044553277,22553.33460820642
No,No,1190.684359732048,34522.04509420455
Yes,No,2039.7447702629752,24083.75197153004
No,Yes,1997.7069088762428,30684.41104937851
No,Yes,527.0430812027107,14534.806992749523
No,No,812.197533001923,26565.369716535683
No,No,338.3119884211568,15286.497908578589
No,No,369.8737111339574,29048.0828785299
No,No,632.5741908413632,33571.213688152144
No,No,361.15012832477106,44277.58584118323
No,No,409.7504035941597,34699.84383838132
No,No,798.0940139303269,40909.00325868219
No,No,959.4260391784031,43551.13224425087
No,No,941.3191238009543,37422.74754875391
No,No,947.9945166013522,24533.882765617174
No,No,210.02567206699436,37546.04035043002
No,No,345.0850761225288,48378.043483205125
No,No,686.4502111638011,30350.588402172893
No,No,1388.4300951804576,39046.50939213158
Yes,Yes,3340.797992063801,27151.836836248327
No,Yes,1003.4246016825189,20867.163439406406
No,No,1113.0114244607098,42873.29072434083
No,No,186.80383555207712,29653.083751927832
No,Yes,1310.789177619196,26621.360963833456
Yes,Yes,2778.868058820627,21774.382402858835
No,No,343.9642177441576,33936.27971099358
No,No,421.24035899982647,42835.73335448298
No,Yes,1459.6360367445097,9821.21982983242
No,No,679.8633213721055,39669.96780959075
No,Yes,102.62820794757083,28400.178204361328
No,No,443.0657592235624,27750.991469495606
No,Yes,2069.468502612704,23230.512988367816
No,No,532.7377495066667,23737.940973932065
No,No,532.3833068959972,25509.84892586513
No,Yes,1396.5246274959984,25346.696194685137
No,No,858.1376219521379,59751.39416598613
No,No,509.797799300256,40139.64190424736
No,Yes,477.42400693109516,17511.799290283172
Yes,No,3643.5258114457824,41257.951119777514
No,No,1538.1081943193296,39308.885316918495
No,No,947.7445093016499,16231.3430562039
No,No,991.0870549282836,30341.1899515062
No,Yes,724.7498518559969,22452.169334970145
No,Yes,1020.8657028085562,24276.567699291525
No,No,554.9004391741652,33184.849408195274
No,No,316.57222777673263,34977.66949466474
No,No,875.0085665134709,24148.550016113317
No,Yes,621.016484349925,21174.090011672994
No,Yes,1089.5806609119893,21589.488641701217
No,Yes,1238.0518840708694,31569.735452087414
No,Yes,1130.8545465046918,18567.50566708197
No,No,293.58670572376553,31055.137294020307
No,No,473.5310720641217,29939.98586272086
No,No,525.5984249066627,49373.75666946666
No,No,1308.201621143508,40151.65643942378
No,No,1262.3198567454767,24163.02308868403
No,Yes,435.9301101886378,26232.126602869335
No,No,205.08176411779297,23383.791680869355
Yes,No,2869.005775724368,36105.73206030486
No,No,916.1714075257872,47160.29827277988
No,Yes,213.97142449518023,9755.76125247806
No,No,415.48065107285737,23417.86298418355
No,No,1345.4307561248795,35058.43015561041
Yes,No,2431.209311886026,29539.94065331679
Yes,Yes,2609.6647264591847,24947.59610755285
No,No,888.7811542930637,32666.685251245915
No,Yes,802.0935485105238,11684.484717133737
No,No,268.19714127010803,39719.8099402114
No,Yes,854.2818218359129,14106.199918451775
No,Yes,363.5535300050868,24888.633510185995
No,No,477.3505086058285,28954.9829915641
No,No,1215.487057861311,57510.70328237232
No,No,552.7004927547506,32291.13128287226
No,Yes,628.2955427680985,25906.997142388078
No,No,641.0757289278469,39039.6892568194
Yes,No,3142.4172586660243,36876.21530503861
No,No,241.53427806762969,33233.188661615866
No,Yes,986.809464272735,16515.975082542547
Yes,No,2049.5954076373364,32381.907176642264
No,No,639.6097997735595,14841.142520214173
No,No,1519.152210159071,38375.58005165364
No,No,191.11726687108376,62704.90404420611
No,No,567.2454314134835,35266.90534230176
No,Yes,399.5925362348974,25826.556094409054
No,No,634.397825244326,17980.925618675647
No,No,644.7963787252692,25340.40238213141
No,No,697.0806047587992,42448.366881445676
No,Yes,1449.337108256808,13319.044387612448
No,No,49.341097371682906,26220.188415540542
No,Yes,479.86000094249744,27425.092536362787
No,No,781.8334382006794,41591.1433295506
No,No,91.31340384502897,32409.358041620828
No,Yes,1248.7452429018244,24308.886481214005
No,No,393.4375391666384,34703.69766276819
No,Yes,691.0152343269463,14816.413628029113
No,Yes,1494.5889523108333,22936.6619844432
No,No,1565.494789626695,35918.93794638408
No,No,1062.8822807569168,32615.949257618464
No,No,234.84733794985823,14244.379822297971
No,Yes,1231.384624194025,34199.5222451461
No,No,1074.7792371189394,22566.273136528907
No,No,931.7832534741519,34221.282584757806
Yes,No,1736.4468718086887,36717.90722436675
No,Yes,853.0778774593153,20266.249146127764
No,No,1692.4771196941372,35945.08789055159
No,No,1685.6735016556281,25747.30538024637
No,No,1095.9057320687846,54970.98470543056
No,Yes,998.2134910353263,21626.445727028524
No,No,935.5999613723352,42490.096064679135
No,No,1986.2098113881486,22573.71505571992
No,No,1387.2220342668952,40712.77911874392
No,No,262.989028153954,26327.93636198542
No,No,893.9911764271883,19568.53915953223
No,No,317.7594511144498,22849.16617350062
No,No,383.4434597636511,25020.896872911093
No,No,493.0569406497175,34614.53197215273
No,No,172.38487363018328,62257.898840946626
No,No,299.1890971354947,60856.757049386404
No,Yes,2159.073010400742,21197.035034625096
No,No,381.3950753650473,43094.19586733026
No,No,1212.4639305112369,20962.22927818457
No,No,759.3995170337311,12459.376623895187
No,No,995.1192526543297,33805.85296202751
No,Yes,1230.0912567598077,27274.02801836287
No,No,287.06948076974476,41332.56184045408
No,No,1207.5839590118062,44296.98183476557
No,Yes,253.5081303608906,21136.881747801894
No,Yes,441.24657904782777,23954.29005190291
No,Yes,1217.5845332732872,29198.671387762715
No,No,269.7030666052154,45434.68428547208
No,No,80.00477367702149,24428.663502376447
No,Yes,1036.8196800827607,24924.74187554491
No,Yes,169.34112620959044,27996.87022615197
No,No,1082.46711334534,34975.52585907435
No,Yes,627.0468234379733,19095.695678905624
No,No,855.090056795733,33530.927016751855
No,No,843.6188197106607,38797.29904023627
No,No,1138.8084263148853,25893.48170983661
No,No,1035.5964039500145,21527.611607003688
No,No,267.41355112328614,54095.42821865945
No,No,548.4005551992727,35375.29760302931
No,No,854.3599120955236,42883.50313024332
Yes,No,1712.6491437005593,35594.962477282796
No,No,1042.2607907279928,44003.174060369805
No,Yes,1938.3994150585902,24004.249240824804
No,No,887.0273125397119,39371.13448655642
No,Yes,1684.3754700381448,15683.28750060857
No,No,803.8741965427698,15848.789147807696
No,Yes,1638.0897703209296,20114.655111921613
No,No,501.1647303589749,19242.061292530838
Yes,Yes,2212.5165100730756,8631.127674061838
No,No,959.5438783329289,36517.4768174155
No,No,173.7004389033142,15806.385986633566
No,No,875.1123390794157,42994.956552807336
No,Yes,1253.5849552581553,33538.298967641436
No,Yes,1483.4920964281926,13349.071898662807
Yes,No,2270.5882381203105,36386.6561654596
No,No,438.1196867780689,52079.341453614434
Yes,Yes,2736.5479805427303,20146.14393541839
No,Yes,802.2923100567044,27725.925191130802
No,No,352.05669516829374,57429.035080643676
No,Yes,535.3764721490683,11709.957857503956
No,No,1001.6282863390142,23307.1588499013
No,Yes,369.2723677660985,27398.6376956698
No,Yes,609.7751357553926,38657.070350911796
No,No,859.5355912661369,26387.831665520316
Yes,No,1834.3653210228001,57857.31859441889
No,No,1212.0413808367139,34819.56147396246
No,No,689.3909606523358,13827.4433619919
No,Yes,1198.1038776389876,34583.371382510006
No,Yes,959.0530656649463,20204.633017730008
No,No,231.43098429181555,37985.2527859204
Yes,Yes,2455.3964821219674,11835.812187267104
No,No,1853.5550892797964,25967.484153409583
No,Yes,755.0457200513396,12971.896537315253
No,Yes,551.4874840440018,12229.045061025032
No,Yes,284.0078221514432,24136.27718567392
No,No,1042.7068997686736,39167.77468815544
No,No,1047.4583387321736,28032.418519879462
No,No,331.6052444403989,19128.4621018879
No,No,806.1325203519372,20738.94326293771
No,No,1186.3542599934342,37216.29638033041
No,Yes,520.7555393398341,24224.833993828197
No,No,570.2712845826507,37380.746732863845
No,No,565.9116161666049,49084.052226061685
No,No,350.6772256505553,39253.49547181206
No,No,579.4840375707089,37590.29398012495
No,No,144.10692816152235,57187.1646519475
No,No,542.9334871872285,30752.155641999325
No,No,549.5724320304819,57336.753807382025
No,No,635.2777093430001,47738.83690156067
No,No,946.162432434757,30520.745910430065
No,No,218.37327827468528,41548.38841171484
No,Yes,312.4241539189109,21943.593974271556
No,Yes,411.4272797698296,13395.232135984019
No,No,196.35759452233097,33419.607448783885
No,No,1023.564185967145,18828.736703414885
No,Yes,501.9077343385982,25080.75326221444
No,No,650.562981817427,41504.798391920514
No,No,317.50910759043575,31330.935052055385
No,No,497.66541857800064,35809.574510554485
No,Yes,1001.4718331469923,24950.741538008195
No,Yes,1036.930159652097,29360.4471110412
No,No,270.9761948984776,34394.75521864192
No,No,625.9053024520085,30352.736924614794
No,No,322.3750632960942,41489.403953983885
No,Yes,729.8023700200285,24559.907300105348
No,Yes,467.25337807240373,8501.102200273697
Yes,No,2131.3864705000674,29997.1346060598
No,Yes,1417.997664627764,19829.801061307066
No,No,891.4003521214136,34974.59240397547
No,No,532.7731189750325,33899.90647464107
No,No,1205.2709426027739,13996.410071063732
No,No,639.9696367866202,18582.783115463695
Yes,No,1990.6483372664657,23971.395031941465
No,Yes,1546.2931608288843,23901.185582595957
No,No,494.7486132829738,44238.418279516016
Yes,No,1843.2300626303868,17463.562691274048
No,No,534.9508327269627,26778.850487624586
Yes,No,2212.6157716957146,33015.25822289527
Yes,No,1908.1360265646247,24186.01000994048
No,No,831.2754864097652,34373.803125529615
No,No,150.13645596112656,39902.749485134016
No,No,784.9915359694999,25931.888743174026
No,No,245.40331497070218,36775.83472177496
No,No,399.4519444181725,32354.80796708443
No,No,425.2204853324803,22008.98047403198
No,No,243.40351871284867,32091.18377493304
No,No,787.1620015617959,38066.65972689956
No,Yes,432.49172889046326,33346.20103333991
No,Yes,665.4830748646069,34959.70620028309
No,Yes,513.9044713760566,19476.206903470404
No,No,949.057807316245,27220.539185560046
No,No,900.7147683664679,33903.90126778545
No,Yes,624.0158345629546,19651.121088169373
No,No,982.7378786237398,45630.32502217007
No,No,1523.9965480236444,34506.90738859907
No,Yes,78.44506058387749,23836.704574031362
No,No,408.0488399856552,39933.077805035646
No,No,290.57058677428086,35098.36176173211
No,Yes,453.4402219096655,25586.712536378935
No,Yes,60.16013753732783,25292.336821988218
No,Yes,74.09109020104005,22437.53403648704
No,No,440.4723626277751,24475.616388384944
No,Yes,516.1991270174349,35763.154106426045
Yes,Yes,2005.5686282947474,17109.864022178892
No,Yes,890.7652345505384,35029.61362795966
No,Yes,1158.1046220226228,25840.098359350817
Yes,No,5444.093073806154,27484.160204512882
Yes,No,2012.7788236725992,39048.5759356301
No,Yes,772.127213230668,28951.412608326344
No,No,470.7126440953167,50682.01631418677
No,No,413.57750141306656,20343.55232179517
No,Yes,1022.0539238196451,22469.978308879694
No,No,474.01320918559077,47272.09807148872
No,No,236.81457568756187,40965.52851653579
No,No,426.6714180032051,38360.175071658254
No,No,869.4317167057065,48284.876511486334
No,No,1087.0141106114986,31700.59344615856
Yes,Yes,2579.311508599496,6663.756326829
No,No,718.6016483006659,29834.921992251708
No,No,1584.72873328428,53617.56445879286
No,Yes,685.3139917139673,25539.331698348244
No,No,634.0663493005424,25075.694945688763
No,No,608.429453897019,46841.2946807721
No,Yes,940.5654838598498,29364.040326426326
No,No,1223.754776541295,34970.11750866157
No,Yes,549.6133207936142,27545.92427484634
No,Yes,365.79446303407656,16329.215698433925
No,Yes,1549.9992743419118,20915.31123995631
No,No,1229.0983328995421,32850.68771728694
No,No,1752.9696376514717,44491.72297350317
No,No,400.88305399130275,28012.532226398813
No,Yes,666.0181519829201,23269.75207375295
No,Yes,1590.0860180611348,33536.940454486205
No,Yes,544.3442953787259,41120.28877291769
No,No,1055.1192656086691,24793.612729813896
No,No,573.0508061156117,34899.57589704526
No,No,848.4012377634308,18420.470857218457
No,No,232.27953909329932,33354.990711881794
No,Yes,853.9725882931273,21419.268847793184
No,No,1503.4909286154636,46010.32968455755
No,No,1154.0913244969236,21770.943642582766
No,Yes,344.28252475445095,14280.1187469084
Yes,No,2037.328853287123,48709.34728585721
No,Yes,1730.2268797084546,19018.0745318872
No,No,243.02630013742083,35474.311415682365
No,Yes,514.9370034691334,25515.311970740546
No,No,256.369732249414,25626.843777684066
No,No,865.7700688066453,25637.49048814626
No,No,413.3827957350731,44769.09684703219
No,Yes,103.80192251402146,28189.50462191731
No,No,631.8485718316145,33343.12540241538
No,No,1256.7231370923887,32132.08175175756
No,Yes,867.3389328757407,25666.276193966052
No,No,988.5429890260775,37321.992119201226
No,Yes,930.3157225615284,32278.01865552182
No,No,1120.9732958959976,33291.43888438857
No,No,827.1539691868961,37929.80748200163
No,No,605.2865070010132,40681.787951786806
No,No,716.0557485042311,40857.75190038371
Yes,No,1796.3362881308435,47997.195853612284
No,No,1028.443815519428,33374.11221352093
No,No,286.0193825747614,27841.327680251845
No,No,707.483202792116,29920.36976770816
No,No,854.5527287206513,39908.26684094971
No,No,589.6623402719162,32418.98657936464
No,No,87.09155941315714,56367.97622493851
No,Yes,376.5102413247538,23538.122532716545
No,No,475.07900629066233,23950.46689184977
Yes,No,2193.7698903600253,36727.016673129794
No,No,950.4698134369269,48888.12212756033
No,Yes,173.2218261313895,17739.68133192754
No,No,619.4727570361076,25053.7853489896
No,No,1612.4125483899738,31631.846295349344
No,Yes,490.11368957908434,18928.62608817236
No,No,1359.4953979183394,19997.81903087913
No,No,149.6202755815788,18091.79161760357
No,Yes,15.527076185913492,25077.000226601842
No,No,1498.4055916888876,40650.43107014568
No,No,454.95345945605845,26488.357778363898
No,No,485.48885417289426,32794.81307001683
No,No,769.9152134497471,35349.61927085495
No,No,926.5888131571434,22447.659316204237
No,No,30.464743178750968,42088.60697014663
No,No,381.2478131883597,35619.003354175686
No,No,697.5922277779047,38744.76509650735
No,Yes,1110.096830148216,28209.78065358482
No,Yes,339.42540254902127,40430.34098638443
No,No,565.5636109500867,23254.019535042222
No,No,407.3369090658544,24572.31757138208
No,No,789.2839383504116,50329.24864559871
No,No,1462.206177810525,40022.28081609669
No,Yes,609.1977691960097,23933.190564435496
No,Yes,215.504068541782,20103.39428861825
No,No,363.3229299868814,31181.135945829883
Yes,No,2023.8450687223128,31375.193648130113
No,Yes,377.8664781349933,12985.152328661497
No,Yes,262.3576301438982,30262.390878312755
No,No,482.50222578958244,13393.426747191228
No,No,619.595368079413,25009.387038737586
No,No,428.9777488911687,29182.256720670168
No,Yes,180.66246936902326,38454.39071496828
No,No,846.9079866195311,32492.028313483646
No,Yes,947.8675043906552,25665.237491665
No,No,1092.183745233792,24725.10489265062
No,Yes,932.0425382542282,29531.103089937384
No,No,1914.2824251891082,63018.81228495774
No,No,1152.415599238263,38415.01079605549
No,No,994.976856031413,30144.954501892407
No,No,1498.6447606629988,13182.605125244852
No,No,741.8067097676002,40436.922352576
No,No,575.2278257168537,23640.53527036088
No,No,839.9045659354733,25942.239970379713
No,No,81.46136051790937,42817.107504104424
No,No,743.5981300012348,28763.7032548055
No,No,619.0683845146461,32558.57475792587
No,No,907.676492549567,40997.86344108492
No,No,1362.275716278572,26439.36136016809
No,No,1015.6911499594031,20610.424655040795
No,No,364.201676634474,38143.035854826245
No,No,1213.2569278553005,41043.5033302103
Yes,No,1932.7273370883156,27724.35153571164
No,No,1386.4372461582354,27228.69005471831
No,No,197.03849381783294,22499.04659031936
No,No,1008.0838732200291,40634.909550395125
No,No,228.6947951680848,52688.980845533384
No,Yes,637.0594913200249,29970.81560097276
No,No,888.3837275849995,32588.13057132689
No,No,805.1414376031472,40664.55379316037
No,No,1368.0902383059133,25181.922063838483
Yes,Yes,2326.7473333148305,26028.825375212295
No,No,953.8566325464204,22647.32941602973
No,Yes,598.0149254626227,22594.70249561841
No,Yes,104.26300919537805,30979.85399620901
No,Yes,1926.539347066467,29134.26650429179
No,Yes,745.9678698950875,27429.326482245502
No,No,647.452867560136,37662.76830952231
No,No,688.2356490231751,26138.777056096682
No,Yes,1107.1157323529017,24447.364711420614
No,Yes,1130.729531240759,28932.928871787764
No,No,537.7882982743121,31068.455512850596
No,No,616.7927142528035,31454.181887295756
No,Yes,481.571942947654,20158.42266840214
No,No,363.9486671420302,30650.509073034205
No,No,362.3821613112321,25766.76654558295
No,No,611.136673171283,33740.71719656143
No,No,302.56588949900924,30297.24338168728
No,No,10.344194050180871,18757.54346151534
No,Yes,589.4847674565771,41656.596290450245
No,No,210.08205056579038,23125.71844857242
No,Yes,869.7312190650642,22507.142929945407
No,Yes,479.9467906712143,23878.17531832246
No,Yes,1117.0741683689523,19705.926680332566
No,Yes,276.6934929851916,22821.975198454216
No,No,109.51882724730734,25314.552102081943
No,No,618.0048838821424,40771.79315803558
No,Yes,568.928152645848,23294.330123154337
No,No,191.59257101466474,40683.932583473455
No,No,1153.0646195969323,48198.956716929235
No,No,271.4972174666199,30687.71256027898
No,No,348.71007843351805,41234.48946636671
No,Yes,1569.352219547013,34204.416030535576
No,No,969.9587013611358,32265.32292075531
No,Yes,292.46201991864416,28287.694750480703
No,No,510.02201934563203,28847.182162491783
No,No,219.95050887271307,45472.12035103877
No,No,1242.8540391923827,28502.017253927042
No,Yes,1490.7267654215016,28371.443773475203
Yes,No,2128.0968662286978,43451.17897586636
Yes,Yes,3210.4066315066048,15197.160298526725
No,Yes,475.0538371719028,18783.030757808803
No,No,1106.591822834697,26428.194609400467
No,Yes,108.49333919058522,31009.530181006034
No,No,766.935765585173,21746.523638485593
No,No,911.3829210876146,36756.89230911465
No,No,285.90250992180023,40764.777152506445
No,No,374.61689252980455,35193.88983165416
No,No,1248.102944551324,46247.33007658071
No,No,927.8799290588971,14254.061213680314
Yes,Yes,2341.6995963549757,27705.408840010055
No,No,1803.1890823007916,31682.468264742107
No,No,124.93750951557274,18448.72122156943
No,No,430.86028274208513,22689.021520628106
No,No,258.12605491076,49151.014406085924
No,No,1139.3298273796906,39822.213684855
No,No,824.1925217110403,41519.07917128134
No,Yes,330.70459477545546,30162.751102962087
No,No,318.00622405678484,19931.758494467627
Yes,No,1542.5660203924035,35957.28391819696
No,No,473.30799159991017,44484.186438710225
No,No,72.32631065818053,29473.974529770345
No,Yes,302.9830749943854,32987.12496712611
Yes,Yes,2665.1926004121588,19161.754218139515
No,Yes,1600.7615607607645,24323.32833937139
No,No,205.92590153942947,37475.34028697057
No,No,766.6721249620198,41045.984239319936
No,No,1277.7636795142787,30622.63539266409
No,No,122.92314251161483,43621.121187164135
No,No,1376.4642631829522,37780.14475765899
No,No,921.5099010587098,17112.06382920168
No,No,355.21318141219933,51865.72634028904
No,No,1029.2225183338737,23921.346045713202
No,No,832.7923337234283,52690.005553026815
No,Yes,1050.1129263088035,22346.201911654516
No,No,746.1010463924478,30060.91507819015
No,No,307.3403700433361,37492.3817625149
No,No,362.36603068363723,26513.86746188635
No,No,551.111590187318,14640.847270095186
No,No,690.7056674128879,32406.91303419229
No,No,1072.7047724697616,37250.528103451004
No,No,2255.4953086164546,48877.69953887112
No,No,793.4693948058149,21586.396490836993
No,No,1059.3396005019156,39302.2324965239
No,Yes,1479.9183309992825,22722.699073408952
No,No,1112.7010322756437,33830.41739131453
No,No,296.6181421491554,43220.44887102539
No,No,1640.1545989362994,28385.771613463374
No,No,1471.9253701778582,35175.259751622485
No,No,738.4496144797698,44399.37788201805
No,No,313.34689160838536,43796.003861898775
No,Yes,818.7545023228852,14908.003711022679
No,No,141.72549382265817,27370.619972655146
No,No,1783.394155081259,32062.736381919574
No,No,392.20768886818024,41639.385745238236
No,No,528.7119810420397,30987.97187140641
Yes,Yes,2040.295713391399,24029.165455784147
No,No,1567.4026235131882,46003.09188897515
No,No,856.8991045327488,30113.408122106324
Yes,Yes,2353.3452249429492,33762.11130120124
No,Yes,345.4882931475285,12211.964335649152
No,No,857.2223255416415,29572.485620464777
No,No,290.1494913415494,19848.554976540472
Yes,Yes,1694.413079795862,24266.88994258062
No,Yes,1654.4135969341817,28706.94135244604
Yes,No,2052.4001278186033,31887.833944075643
No,No,666.5046999448382,28755.69591350242
Yes,No,2428.2793932521217,19903.80452728334
No,No,267.9542008943955,50313.3491115659
No,No,639.2159559250313,33275.88136206124
No,No,277.1863245570215,28978.56982409417
No,No,773.1641023702651,49125.3241354781
No,No,300.30680184357516,29979.54644628316
No,No,1414.615151173106,24396.376725668277
No,No,943.3779757643018,26397.19444723391
No,Yes,296.12263075972527,17449.320310915034
No,Yes,1436.7758931657813,15987.802832998424
No,Yes,2244.937864063759,18595.944200595935
No,No,1009.2278527303531,57649.50633712375
No,No,180.84961259547748,22001.770346925274
No,Yes,711.1922675834644,13004.936298806817
No,Yes,1322.1561333619636,25396.206273052543
No,Yes,658.8421686889975,22918.23534654752
No,No,264.70226567361937,40100.40956570828
No,No,1524.9108396932716,27959.15679776056
No,Yes,636.3965016066235,17370.406288869282
No,Yes,2245.8541090033295,35166.03837237853
No,Yes,519.375932426709,12168.172908111706
No,No,505.6636972009318,37105.988992629755
No,No,404.6359067694501,40403.02928091935
No,No,584.7406659025518,41717.02122514819
No,Yes,1118.8277059199604,21326.33112303922
No,Yes,333.5158224819592,14712.446771467074
No,No,230.84015379958052,48495.140293927776
No,No,119.81388385328924,29044.55746632955
No,No,103.13171805090991,48799.979810812656
No,No,183.10442499325808,37180.73946571078
No,No,430.30792487544744,28660.759882274215
No,Yes,915.2802644406227,26204.101330983787
No,Yes,1074.7153976353736,31505.613699405436
No,No,736.6646853822386,34320.882504905436
Yes,No,1731.6662265040402,26124.175574425488
Yes,No,2103.091388418619,15624.470058556752
No,No,532.3610054447902,29257.431271027213
No,Yes,338.7941571680869,29103.48406619843
Yes,Yes,3031.38382688313,16377.663048344928
No,No,1489.8155875390303,40311.62064596164
No,No,1416.340964758968,33781.99075720235
No,No,415.79213733532737,40954.953375768244
No,No,1217.9433588732488,10107.68099593127
No,No,741.0863793727996,19296.648672345265
No,No,629.1921970668141,28874.01667160406
No,Yes,754.0218197947097,36513.91153387717
No,No,963.3176418986557,25957.318387085365
No,Yes,2123.034072042375,22562.51685352931
Yes,No,2662.0567567645344,55007.306884960504
No,Yes,574.659340419351,26450.459719328814
No,Yes,927.3525616537604,29467.410660540554
No,No,616.9148582182465,27076.752825005722
No,No,918.0976119547903,45289.86740634634
No,Yes,669.9049276815732,32769.76454860541
No,No,375.34214079912795,38515.982477225654
No,No,479.43031502063195,32640.230583755772
No,Yes,505.23379344622674,27365.990781959077
No,No,593.5887900366799,17243.14145401351
No,No,197.15679287890217,44386.339009915544
No,No,427.8869572090156,25008.78296799423
No,No,911.6366102154943,30714.018064864315
No,No,906.7860119127315,46675.548705658744
No,No,805.7830165550093,44475.62250426671
Yes,Yes,2001.2196440383368,12102.10597507626
No,No,937.7769083935677,24026.714776862646
No,No,1631.4957345931368,39901.13350791812
Yes,No,2663.337174206054,16105.925342538856
No,Yes,1487.054452869856,33385.42362559259
No,No,198.14816109359538,34679.250768033184
No,Yes,995.4437009878794,33340.42301654297
No,No,742.152125779252,26051.131412519
No,No,1869.536604613226,26938.283524074628
No,No,610.725740662459,43841.52997721871
No,No,331.39433517779946,30536.27324302393
No,No,449.1804064002914,21090.785151828477
No,Yes,247.0508572253883,27380.303845102295
Yes,Yes,2865.6835299645018,12303.39054796876
No,No,676.4320795323252,47921.342627087935
No,No,226.20609090118302,35342.08442651143
Yes,Yes,2378.0228345257183,17222.404615177013
Yes,No,2204.7569386436912,44951.88056981565
No,No,761.3429017900869,45127.8539181887
No,No,187.21993689055668,33537.324092913725
No,No,458.40998703550673,56254.08723692889
No,No,560.0092062203802,56023.44795981425
No,No,694.0185994936606,36733.48656303348
No,No,255.26604988165894,44154.061017940905
No,Yes,1571.784162849625,32611.63657115115
No,No,63.3475061522335,22150.765478262627
No,No,1457.4310354731729,36367.16264556019
No,No,1669.4130236276899,26681.641224435443
No,Yes,596.3417614597074,17689.689100829703
No,No,634.0683548944595,34716.06814569464
No,No,1810.1718577733482,35467.41260452603
No,No,1072.3575980777177,17379.903964084
No,No,511.6530463195179,36937.15274253716
No,No,562.4016230382077,30990.52205658648
No,No,967.223858274251,47479.189145917655
Yes,No,2248.446168674747,45127.10593605966
No,Yes,691.788257993796,17457.940598376663
No,No,498.9228542229687,46627.28371138547
No,Yes,828.3519763278636,27201.687397104328
No,No,693.4561862274606,31317.190138518014
No,No,847.7449336042531,28378.21014493671
No,Yes,762.7895325285473,15416.475207941947
No,Yes,1820.0358968739065,14924.01511610554
No,No,308.66572759832553,15228.710604258671
No,No,917.3273819505602,33708.817295214656
No,Yes,1132.2589517790698,9029.615347854284
No,No,334.4527922709841,24834.840889911127
No,No,910.7146101827614,40068.49524329653
No,No,961.441472841137,48432.64821887517
No,No,30.13961314603573,22015.853253634716
No,No,282.000388715658,39596.077271513874
No,Yes,2293.772321803001,21282.205586066015
No,No,409.1053840754823,28337.93868643536
No,Yes,270.7769277689924,24532.669490521148
No,No,97.60971854927271,26951.536470452265
No,No,257.8054538425394,32658.246511934653
No,No,614.6687167816482,34209.360380777856
No,Yes,251.6321355440356,31574.0682383327
No,No,1082.327448099085,47274.95904468828
No,No,328.9905964743382,27514.5384810835
No,Yes,1023.0337826847608,21560.41840665278
No,Yes,2078.085993841604,29079.47722168751
Yes,No,1660.0480471603494,31690.364760890956
No,Yes,1010.1519691167789,28450.30931739947
No,Yes,289.96295770708497,29765.397940628514
No,No,648.3370193287568,43691.84853861647
No,No,862.2129045422304,34377.76751521199
No,No,2986.4872719569303,21865.21071172901
No,No,96.41031239157063,31820.83940332232
No,Yes,780.1626998055165,19899.01084733563
No,No,1055.1635471463576,41271.38947986939
No,Yes,878.7181652195643,34128.29295185271
No,Yes,953.0967266140663,34325.43610042445
No,No,347.26092704086,42355.252043009736
No,Yes,1552.9725106579278,16906.5280531896
No,Yes,832.4420521561887,33272.083943241276
No,No,792.094966142336,37765.22898322431
No,Yes,1667.4706387950544,17676.553815382034
No,Yes,629.4538045997866,29483.49287517715
No,No,1599.5943578157141,31289.513173318224
No,Yes,242.84920695427144,9803.259542038513
No,No,826.1003423066784,23697.12449262131
No,No,328.0327087536044,32846.764777205884
No,Yes,304.4833549821775,22716.68315730835
Yes,Yes,2677.5808271905125,15995.325027275916
No,Yes,256.2914662257137,28707.509036790198
No,No,704.1430425557481,38697.66561989228
No,No,196.95462599914924,19142.373801060243
No,No,1533.5183589412368,59833.899657283095
No,No,482.2737420793023,21354.120166115987
No,No,1384.560842490393,28922.53803011027
No,Yes,1235.790111019947,26077.828685832817
Yes,No,2704.1136787331943,28954.481485863194
No,No,157.359672838288,48042.764314354674
No,No,279.7616310262274,31747.107088723464
No,No,1333.7132643606678,24282.815639507797
No,No,855.7528353291625,39645.20045675246
No,No,555.9627477275478,4505.897993401119
Yes,No,2384.2514358179883,38838.190112628
No,No,667.0193350293246,46399.248509336336
No,No,339.59910765423496,10433.277862632305
No,No,1396.0290495746997,29459.97339406747
No,No,684.3931802719342,17038.21956282836
No,No,725.8489313141458,33631.286181777024
No,Yes,1310.7350341907527,39154.64261097563
No,No,1122.540628848648,35792.72954126752
No,Yes,331.4167633245988,21919.82417577724
No,Yes,636.5186344293644,3679.3869781925127
No,No,179.33144376842912,22438.77566406497
No,No,865.1401359884125,32169.810842256426
Yes,Yes,2646.3663223851804,24102.1078364308
No,No,287.20356860147547,36931.15279706094
No,No,145.19153183339503,41180.94696183121
No,No,390.39000614104503,24443.31664340983
No,No,552.0857544406152,33900.89862110222
No,Yes,1355.4404053050162,19975.84765951373
No,Yes,607.7171777741308,16881.594520472387
No,No,876.6063256393217,24781.407796519263
No,No,441.56940230717316,38908.68445211916
No,No,576.76281268677,7857.730768351757
No,Yes,395.3313029292097,10464.5094209386
No,No,240.98896354561222,65171.901440133326
No,Yes,1389.7990801256044,18798.457042613285
No,No,467.8973808053576,48188.64340596206
No,Yes,1108.4796784452365,22997.38669158572
No,No,324.73580044391304,27884.268439570464
No,Yes,804.4565832015393,28050.387979878054
No,No,65.43122663622866,34305.92885980632
No,Yes,596.9896575776185,22196.482053709216
No,No,356.9397889350717,33060.063256974674
No,No,1491.746450002279,37440.335049674715
No,No,205.23164326304843,26617.925401687404
No,No,595.9236361829422,28681.394850128545
No,No,857.3044215117635,23724.643065025193
No,No,1352.1003765635317,21425.443185631953
No,No,1226.2034237303274,52000.83344877236
No,No,633.8164570342645,24437.47658516694
No,No,705.0112147283788,43485.95109440341
Yes,No,1490.8387547344953,29941.709211069523
No,No,624.3626577067342,38904.761960191354
No,No,763.2672749570335,33480.83045870031
No,No,1524.2065030956196,15587.206930735458
Yes,No,2949.639413225096,33789.47520979279
No,Yes,975.5478281761297,27690.074725892056
No,No,981.762938035456,23950.181335561178
No,No,1200.9159968895192,56717.14752312437
No,No,1514.3515663111023,41621.90747668863
No,Yes,1650.390770256424,29196.786107368327
No,No,412.85931193805834,42771.716972012575
No,Yes,1024.3164747503495,7111.728278977225
No,No,1381.8664960727185,40548.64276814403
Yes,No,1733.3150448302445,56260.79017827666
No,No,596.7729096976308,41094.137742218154
No,No,838.4679352011362,30872.045230528976
No,No,910.5066806620091,22346.812692540494
No,No,687.2452151280195,21381.457512814988
No,Yes,987.0752282128873,14126.455578022404
Yes,No,4135.172617568496,29495.687983496024
No,No,577.2880509945753,22818.657679958058
No,Yes,735.8980209734934,22386.183163019978
No,Yes,153.7301437845683,24877.570825985887
No,No,104.25439739287332,16301.571961522994
No,Yes,1149.091878976347,18094.371481249273
Yes,No,1385.7313817685285,27709.50273518863
No,No,1215.1503587803886,27427.37764626564
No,No,323.92363232657317,33679.15077827128
No,No,1165.8708987538168,34747.822633926444
No,No,605.602160071225,29257.08720367542
No,No,493.02540918461875,26775.404688157883
No,No,184.7239031994253,33293.864740761
No,No,361.5206377262693,47922.96648169974
No,Yes,1168.4531710815413,13261.808442040532
No,No,846.9596734769704,44816.85830250724
No,No,757.2727278332594,17163.357052796717
No,Yes,67.16884458102555,25982.837371244404
No,Yes,915.7728590345185,30797.289564791234
No,Yes,489.07366461632574,14185.469531560242
No,No,851.4672349080888,37007.603581101386
No,No,1545.48013214311,23037.504701189828
No,No,460.9584669026322,45203.15725601516
No,No,721.5211801312064,17499.18528985355
Yes,No,2374.921067629877,24575.26914836168
No,No,820.3958371533715,34813.79834918365
No,Yes,786.2734857316809,28430.31651168086
No,No,328.7932715314747,34427.16902438869
No,No,1188.582018741715,38451.4064846765
No,No,279.18683706136227,28007.833592220435
No,Yes,1910.1151897620343,15812.254037322024
No,No,1072.1985094355712,48146.1268364642
No,No,419.96261750084807,38487.64853489878
No,Yes,406.669518691591,20035.855030989715
No,Yes,415.53512392325985,11873.733654420292
No,Yes,127.87876064734324,32012.21182403122
No,Yes,1129.2243079130774,32300.48055852193
No,No,66.63504332687413,31325.355469636346
No,Yes,747.8410606471217,18825.710460427927
No,No,592.0153682816078,30907.03631274004
No,No,511.79205690210995,31392.124754214292
No,No,936.3672652548008,41195.369144946984
No,No,420.86220462579627,22121.40364899375
No,No,764.6063447939086,27663.954368964824
No,No,1591.5505908882224,31663.31595844782
No,No,1017.4846078708919,36083.90611000467
No,No,475.57015293344796,42163.79123475356
No,No,670.7442618018771,36609.80567993401
No,No,512.2620245677197,51021.04446185378
No,No,585.3542104113204,23584.534141907312
No,No,782.2984998930859,48116.356882140775
No,No,175.97776857554163,23961.25127767752
No,No,134.7116656594326,29546.965844406805
No,No,303.7429879077188,37372.23067918211
No,Yes,1162.3490123847594,31695.09057989448
No,No,1065.3180599474917,29563.45521588338
No,No,1179.1304908468796,37425.149180800254
No,No,314.9745103828554,30343.7621699334
No,Yes,862.0632696533752,7381.044690938203
No,No,487.8767939104866,33115.64182653275
No,No,604.7927575285404,21084.70625631182
No,Yes,576.8980444782991,32350.423454188895
No,No,815.623274484404,46284.06293924017
No,No,377.0413944348054,25140.023115584372
Yes,No,1473.255977010185,23603.04760482348
No,Yes,1778.6242757902457,19047.137135566296
No,Yes,1136.5430393012853,27176.763056521715
No,No,1357.593630466221,38863.61202635355
No,No,168.76196893083502,67580.50705845995
No,No,1531.7820758572495,30413.20428099481
No,No,882.6361545176532,34413.69664396716
No,No,397.0901206518731,52817.33004669761
No,No,363.20304655708424,36363.41187713319
Yes,No,1890.3094421429898,22619.24327285633
No,Yes,1430.8130538563366,25843.76185946295
No,No,592.1965575773575,40548.153128918326
No,No,166.66767284535115,30083.047878080437
No,Yes,1901.8856092482451,29016.95760120996
No,No,242.79887289620768,40562.90056100221
No,Yes,594.20697582297,20240.88451825006
No,No,591.5485342248163,49017.0299299777
No,Yes,429.9997371294388,17964.944862468674
No,Yes,684.9266883574664,26511.182448273044
No,No,663.0352653715213,27478.860837713943
No,No,561.4096704062962,16570.922875552627
No,No,845.6556553933834,37083.71978080863
No,No,1937.0734799602649,52793.27986322298
No,No,175.62115034096502,32961.589269380514
No,No,751.4978714330933,18565.749401193672
No,Yes,294.4630381986706,25004.40640968748
No,Yes,189.42849365777542,17719.219873870454
No,Yes,1544.9152539768684,30826.545101358057
No,No,800.1919421051131,31213.65583537111
No,No,147.08787274894073,15774.376579466134
No,Yes,684.4293716899655,27009.667894504782
No,No,304.49874292922436,35588.776424503405
No,No,586.4018629838656,30501.21672383376
No,No,1092.2805073901666,23111.973536821406
No,No,1015.0260341283629,51391.3739676118
No,No,483.5969989324668,28980.914680927977
No,No,1329.207734839203,42470.98171396396
No,No,1676.1880818077614,28867.381068009854
No,No,1105.0267288389703,40308.24209172754
No,Yes,502.50030296833734,23824.16516032445
No,No,601.7339970870652,33780.14791956901
No,No,1896.5211448585549,25235.262820595002
No,No,513.815769121776,38781.44408227012
No,No,1017.3055439523939,47551.23588075272
No,No,353.98804226414114,23156.20617837068
Yes,No,1335.6314475924485,25177.165733563932
No,No,318.60860176686595,62945.79624053463
No,No,622.5269112732383,23483.981593132085
No,No,991.796751304481,27954.22982182138
No,Yes,2588.646909624295,33135.90271060604
No,No,789.2945375836103,47638.25991113789
No,No,540.0205970817038,9219.169229389594
No,Yes,609.1294543406767,28807.98139765499
No,No,1295.6864382905128,31549.95235099101
No,No,935.1461669255204,32006.450789695096
No,No,1077.0462125086187,45151.23583407545
No,No,1807.9979413259045,30018.2407222762
No,No,698.1788071469041,28380.49635867013
No,No,887.9668674449698,30284.672420557312
No,No,502.0083681932446,30008.97343760369
No,Yes,410.4047865820328,25881.499092798153
No,No,403.46617831435196,46733.29926344012
No,No,37.40358614196629,37775.51801109357
No,No,984.6203002657193,33371.35618033349
No,No,913.1277756175018,38963.887643092596
No,No,969.7374135473129,41301.961311995445
No,Yes,386.3823100162618,27496.072486086796
No,No,409.52830732101387,26826.950621230953
No,Yes,477.7981174698482,26422.23155912197
No,No,1425.6920866526928,12304.481643606185
No,No,767.6393679028837,48839.21444490684
No,No,692.4549301772136,48810.8122661722
No,No,1147.7243267846363,42394.010298444366
No,No,399.3230441415524,45959.344583103644
No,No,872.3085878766931,32758.379871139143
Yes,No,2342.7850597222464,25995.13424963438
No,No,1579.9256323700304,20960.97240875916
No,Yes,1035.282067417366,30506.963195866974
No,No,712.4468430995838,25993.850759918234
No,No,963.7478734054961,29762.378500322317
No,No,1728.1344801421703,35741.38101539035
No,No,1646.8643976300325,33125.30110584969
No,Yes,2308.1199339213276,25303.409480932736
No,No,800.1203764829304,15418.826795799261
No,Yes,79.09625758900772,21815.525541412637
No,Yes,2681.8512872584542,29219.143217946385
No,No,341.3272850614377,29181.826903364064
No,No,1134.6153604825433,24878.365840959603
No,Yes,81.37228825075934,30133.5635987051
No,Yes,817.7644088638473,20480.2379977154
No,No,514.5672692312818,35344.88883601979
No,Yes,2311.5923853207173,21976.89280892179
No,Yes,1044.9419851621833,23446.96460106973
No,No,676.0138875211439,48796.102941645906
No,Yes,1130.0728686756443,27453.55038720748
No,No,18.31303227387461,21282.14988535327
No,No,391.4284503350893,29779.177922631232
No,No,444.9754540534908,29373.871574631696
No,No,1050.1107295662998,35663.71486179165
No,Yes,331.69601440362,29811.483308460927
No,No,774.6177468990642,33818.3755908554
No,No,626.6643471506538,33524.61785463031
No,Yes,492.11681575082406,7829.1204572744355
No,No,433.4732881065406,46740.44814162138
No,No,622.2033749068098,31821.329380188872
No,No,94.7461213500611,36086.41169202327
No,No,1158.7002548100304,36062.796272914384
No,Yes,407.003966052565,18065.399810695402
No,No,541.3047038787155,31060.922575411
Yes,No,1879.7330298148768,25729.0684653083
No,No,1172.5945104468926,47333.29748548353
No,No,231.39536483266792,11261.469376287645
No,No,12.68274803049232,23966.765432634544
No,No,970.8331494253056,30279.30175146355
No,No,558.695396266533,48474.95715913452
No,No,778.0923733481526,40578.16320638151
No,No,1145.5290478034071,17119.59713057113
No,No,1273.4016952461955,32344.905688748393
No,No,474.4634445717412,40713.31008261751
No,Yes,737.0674792903966,39038.32197473461
No,No,891.0931247845534,30102.52137819191
No,No,933.71553400809,21655.619321969127
No,Yes,926.9154081185691,25706.577883206013
Yes,Yes,2091.2220664109664,23147.000765842728
No,No,926.2139428738484,38133.08671188614
No,No,1133.732831943489,40404.749348373334
No,No,821.5286342760508,36699.31692137832
No,Yes,329.39159578065943,27147.377065671186
No,No,390.34473849177596,49856.849863616735
No,Yes,266.18262187267413,21412.590987988202
No,No,1372.4969013895081,21255.69097791209
No,No,146.16886373011323,36639.7575048414
No,Yes,713.5235918828763,14480.668788699535
No,Yes,595.422115532843,15598.857730856522
No,Yes,582.673823615159,17695.29867806389
No,Yes,625.1661577980049,14694.815093874631
Yes,Yes,2356.2491777856553,31629.955294061776
No,No,86.58294745266184,33989.11098017471
Yes,No,1598.8390307828106,40567.88837193957
No,No,557.4085184491437,38602.64384925325
No,No,1216.3610394938178,31400.494682177592
No,No,708.7309112446762,43105.03855076791
No,No,245.053927292716,28674.319912889223
No,No,1702.1489484858382,31820.37258673539
No,No,1529.1742982100259,26421.58814244756
No,Yes,315.7764136702373,33252.14065161995
No,No,1023.8813429676819,32428.64791720263
No,No,406.08753379745906,39480.27740330628
No,No,153.29715849058326,27685.3835703444
No,No,339.9338299267235,41970.19577145456
No,No,1636.045520868558,41228.030900982754
No,No,1236.9915949368394,17245.203163716527
No,No,525.9719705137968,33541.25093716181
No,Yes,1969.4738827715325,24268.303733074168
No,Yes,1741.0377484615133,21351.950237722915
No,No,340.4170928643576,47347.1033428043
No,No,1911.9728290736107,21327.528775742885
No,No,492.14213120111816,29017.173135878256
No,Yes,658.8326566004918,17504.635063543774
No,No,89.47925718695781,43799.21477012167
No,No,399.53596651292236,23213.860792346324
No,No,598.2437867118159,15174.177343022013
No,No,838.5064347615779,37813.85118400522
No,No,245.87657112453317,32108.282039808997
No,No,354.5196269777442,43903.49620673238
Yes,Yes,2327.759011910479,29136.40377004304
No,No,1386.2307883846593,33075.168411311686
No,No,1562.7752682987416,19068.217308664287
No,Yes,765.8452928684012,15063.283768439029
No,Yes,1028.2306114233218,11037.663614741663
No,No,1040.0477660436682,32117.385060494675
Yes,No,1921.0744316194487,26912.97294195606
No,No,149.7032972866025,31692.805843941296
No,No,434.6020641452883,35235.64175505636
No,No,800.4984592129716,52483.007103623
No,Yes,854.5561592484069,27516.071515952313
No,No,350.56116703879735,34213.37115028386
No,No,977.2096571335608,17852.032191253275
No,No,449.27363056904943,33762.11546301595
No,No,673.3133171470444,42318.41491794665
No,No,946.4138745315255,37408.393081894064
No,No,467.22547112548386,23021.389943506132
No,No,1166.3527729083348,29735.504537592173
No,No,1316.7673095184646,34233.72931334669
No,No,362.45117387466473,29418.871543110577
No,No,446.59440688126557,27328.94069128828
No,No,281.8312070430884,12027.982069435413
No,No,661.8815685520963,25818.187686637168
No,No,838.0879707849898,36011.42353316701
No,Yes,605.7811817791276,29575.81169581141
No,Yes,985.1797895497331,23983.113071723747
No,Yes,524.1214948019656,30866.141875982114
No,No,448.7388282809683,32714.306525112068
No,No,870.0619493047024,24722.726646770978
No,No,473.83596910959113,28759.907420967684
No,Yes,761.5181582901755,26943.095844791864
No,Yes,1071.1864928599878,21573.432237801513
No,Yes,974.6819942880476,18952.518515985084
No,No,441.9830464012422,17924.610951837178
No,Yes,1690.8169417307167,17197.769533052066
No,Yes,1208.712361854389,20670.443918533612
No,No,800.5725622591626,27686.935980462877
No,No,247.28974299520652,23754.00694445963
No,No,725.3914313318246,49073.769987642445
No,No,392.722263317355,39504.00949291106
No,No,955.730684261339,55421.357102521884
No,Yes,14.542961427334754,12213.550174860557
No,Yes,651.4332223751464,25642.006078763818
No,Yes,510.75831904968834,20407.73763661971
No,No,1169.3734617789032,33696.530018485406
No,No,93.6961174953767,52007.736460120155
No,No,690.435374295991,16105.071335484154
No,No,998.5530062536078,27772.858364347998
Yes,No,2158.4985596900906,26018.71121393544
No,Yes,537.056509013533,19459.692053080933
No,No,848.6447881623487,12393.191524115857
No,No,101.65511517867543,46353.701610377255
No,No,663.7994636494756,46750.960561048196
No,Yes,1775.0604515163166,27523.16909703228
Yes,No,2172.2825049861585,20116.23465164232
No,No,907.7371613194789,36276.41327534423
No,Yes,168.00674666436757,29511.89733073537
No,No,1640.2770714608214,37383.821769051945
No,No,141.44221509669705,33006.39333290155
No,No,224.25092706929524,47605.803987732244
No,No,1733.9583125179547,26408.60123365705
No,No,627.0790386635147,31811.6780182048
No,Yes,487.3061264812584,27829.20230690582
No,No,1096.4708479134765,36678.40957524904
No,No,755.1580459168749,39099.642402758174
No,No,1390.423054405133,38835.36639300043
No,No,781.4801807049869,38748.66610528667
No,No,794.8633360774861,29851.815943209676
No,No,1357.0592152641589,26524.944623557145
No,No,620.4223616285286,34871.38786377587
No,No,305.27988491315216,48611.8870710144
No,No,1140.8213482583908,33251.39297722839
No,No,527.0679046432784,39493.98410926218
No,No,828.4505557368997,34624.37326112179
No,No,75.94130889679948,53837.25188216292
No,Yes,720.8797928044954,22484.587712583467
No,No,431.1370496122166,39528.36985944508
No,Yes,87.35793498085401,18417.77709651964
No,No,615.7213108704093,22295.60029875267
No,Yes,758.5236320432609,23401.687906805924
No,No,872.836887926584,45310.97927205078
No,Yes,1754.9685573348822,27885.122587892834
No,No,1306.0052101529525,12635.995663696085
No,Yes,548.6037650386727,28580.014977827865
No,Yes,920.6720120830051,12730.547180310377
No,No,965.3117084631289,41899.921663703855
No,Yes,561.8764208054096,27260.868116003294
No,No,156.45171037370983,32001.945541581616
No,No,564.7047122814172,40772.52606392068
No,No,1504.0359464165447,30858.670024891297
No,No,148.133539943604,34993.636961513286
No,No,276.51050589693324,19117.69586862853
No,Yes,402.5314124598418,21656.605037681617
No,Yes,335.4559486233617,29917.0379981139
No,Yes,1319.8611199028564,14131.884770551516
No,No,391.3776056217428,41686.236834904834
No,No,1120.5815158303035,13312.802767208017
No,No,689.8368132325188,21604.041621698903
No,No,110.4697371051005,30352.131467144056
No,No,476.8515615960445,35035.85000034629
No,No,1332.7224112999845,27772.873201686976
No,Yes,899.6059289800664,19249.950030817457
No,No,507.536557079068,44571.603794356626
No,No,1516.215698468243,45386.90175062548
No,No,250.91412259491736,29256.04768190489
No,No,403.99821425282295,29558.876249508656
No,No,1248.2084425625912,30629.45698882082
No,No,1084.0512716313558,55677.4535654848
No,No,230.7485280727128,33669.62149554999
No,Yes,1130.39114895072,34447.116595138774
No,No,385.7756286684744,40820.17264897042
No,Yes,81.59933150880498,22715.94338257282
No,No,515.8489888775875,27026.123429134164
Yes,No,2263.797692998995,41291.897214109056
No,Yes,1618.2068882585381,17947.085546721748
No,No,642.5025190185689,29634.869547860864
No,No,137.954896481684,40088.41984371482
No,No,71.11007033535631,31094.153815392732
No,Yes,829.7930017920918,20685.330763562
No,No,897.9442479447736,30420.55943674958
No,No,1108.8815738851463,26632.969950101564
No,No,1021.1007425426576,37994.6465197448
No,No,1083.2360242763316,33862.457273232605
No,Yes,983.9359185885462,13956.795571635226
No,Yes,1793.0078713217565,20037.732221787108
No,No,430.40386773846933,29829.586039175447
No,No,683.5419955583748,29759.55875605337
No,Yes,133.21640683196335,27643.642369804682
No,No,422.57846789194326,26478.065051093938
No,Yes,1588.0070828394348,42377.12634812458
No,No,1058.9997526718146,47355.55582216974
No,No,38.83247947410436,47307.36412639098
Yes,Yes,2849.8960489879005,16214.108310348902
No,No,751.1435838060354,13194.23388174125
No,Yes,914.2230137408463,21076.514237693096
No,No,399.59986133261805,36435.25872611655
No,No,478.8974587353252,31880.412086899774
No,Yes,893.8171915930428,19741.238891319357
No,No,1016.8916647175466,16090.1210439649
No,Yes,1018.2875745368917,18745.01108627151
No,Yes,513.2075981316581,21748.43881715908
No,Yes,361.6065321187787,19982.429755647107
No,Yes,338.91219138469313,19942.58783654833
No,No,1394.3994468434917,25517.128328142644
No,No,1281.6503678556976,50048.58434987831
No,Yes,1141.5601495192636,28409.13113464055
No,No,1387.5475449423209,43060.099376296086
No,No,604.0935144130135,36227.72141004539
No,No,1206.5927384355919,20149.02153782246
No,No,986.8176761626601,40884.312046880725
No,Yes,1475.032021018543,32887.557969398986
No,No,255.85586903216867,48440.589166473896
No,No,811.3611283944902,39736.38422034009
No,No,501.4059064288167,33509.87659159012
No,Yes,62.3821271746332,23436.759047829277
Yes,Yes,1857.3573083514304,27081.4925190491
No,No,1284.1119407822325,17089.91803802078
No,Yes,1037.350258586758,27920.05691416961
No,No,318.8035292316951,28643.145563128983
No,No,105.03834179086286,55594.66789802954
No,Yes,61.021290916005896,21346.518274512153
No,No,419.89849688794817,35445.3705809944
No,No,1094.4394762312236,34947.195746784586
No,No,505.7964944348097,26578.625523655166
No,No,959.7274952008156,38073.020996132516
No,No,994.1987191584678,36920.90246270984
No,No,1083.243052954257,43728.04834588241
No,No,83.29963912507728,40704.47443255888
No,No,345.7282730685551,35371.47419718033
No,No,947.0124945517181,25312.199339256495
Yes,No,1776.7257845777965,25602.8441789751
No,Yes,1744.8304719033083,35049.075137478016
No,No,831.8454098243143,34371.46593757936
No,Yes,1870.6966505435628,37985.91427606451
No,No,827.1565570707846,25317.413213238768
No,Yes,172.28320457590533,38806.676747593796
No,No,1070.3204758982317,24064.866313560447
No,Yes,1785.7121690893953,20381.299577198908
Yes,No,2150.2753530100545,37921.43679208967
No,No,409.76418177692057,43475.385929663236
No,No,230.05589619024875,40280.79939385098
No,No,1209.0464311921232,14368.890610193346
No,Yes,1087.7438779430204,19443.174481280697
No,Yes,1017.4473810781238,15431.337463473415
No,No,1573.666750789891,19686.871656053998
No,Yes,1446.9182870966058,23336.374057634304
No,No,968.9210403519493,12384.282317865654
No,Yes,546.9013455889395,30449.34947015541
No,Yes,1366.37176239816,28663.525185638282
No,No,220.50962218043878,49694.097838938564
No,No,825.4138856627922,22833.546549090286
No,No,649.300763391838,23817.559696984354
No,No,135.69475393762238,44021.636812814075
No,Yes,1090.0414788343076,31344.554200286526
No,No,410.5469684905401,46986.57637592978
No,Yes,1070.9020607384043,31529.1394629502
No,No,284.36276737556227,35691.45338657347
No,No,1214.1399022418248,28899.356105344435
Yes,No,1962.1644916366965,40849.989987664514
No,Yes,264.7104121905956,20357.042373493165
No,No,284.0089983533708,34552.835474416366
No,Yes,220.49568928188702,20777.538371504834
No,No,562.1200094523713,36166.32612462749
No,No,882.4106316675586,45920.66858964834
No,No,1090.569792542738,30005.507668626924
No,Yes,976.1432724786539,19940.31403424789
No,No,1067.2868282344728,32438.63941627586
No,No,631.4011225659846,21710.20056189539
No,No,406.3780128497448,40141.20483467898
No,No,290.8408323360869,34665.189035708
No,No,578.9462772678621,33146.11205889452
No,Yes,357.1939754922676,25750.568286854734
No,No,863.2135484042237,18760.480749814207
No,Yes,362.644533115455,33254.56714169585
No,No,445.1996955680788,28303.515948714554
No,No,1389.5714982499596,29752.430310335563
No,No,1480.6366712919403,42150.372719866
No,No,1449.358883110757,39612.33418305316
No,Yes,767.5401092695292,37442.03955345657
No,Yes,504.83863962770516,16693.78826636628
No,No,960.1808998840501,24123.512576672223
No,Yes,369.76874863872507,15078.914377638588
No,No,1128.2668262043085,34835.22508255361
No,Yes,466.3750968306507,21555.943997283393
No,No,559.9112999426245,26547.015426874885
No,No,1145.7992448275954,32843.2707560365
No,No,99.13766774334867,23178.579000431553
No,No,403.2100408911873,48959.54432072925
No,Yes,1052.039734070695,18555.376169835647
No,No,1016.2176216537006,27788.55326292559
No,No,901.9414264768518,9630.999587430422
No,No,554.3204028063303,17044.859673854447
No,No,1226.598026219926,27619.587538507494
No,No,281.8572690860225,30445.04685733357
No,No,270.53814187091007,40693.8103837306
No,No,870.486550850241,18543.958220592824
No,No,252.6645771163911,38021.7074729138
Yes,No,2006.6836991652451,39741.865858040874
No,No,413.2742609012147,40269.46124385601
No,Yes,1453.0587156169604,30699.61846438685
No,Yes,254.47127697540213,15316.559331230148
No,Yes,2079.393382730442,27238.618078075604
No,Yes,808.8000500916997,35806.12630867564
No,Yes,484.40901939865296,33251.888708591876
No,No,523.7971843898105,52419.557118026365
No,No,349.742811153485,35910.03164325794
No,Yes,670.421622415876,19307.03119171292
No,No,224.8753111641137,8195.949114046736
No,No,414.87035767397697,21072.621167905083
No,No,1194.9232233862692,28245.990252622512
No,Yes,936.9508644313029,21034.19401349311
No,Yes,331.8542188856476,17907.727899806014
No,No,574.0980058999683,36895.709268027174
No,Yes,1790.496263785855,24813.66928584337
No,Yes,547.6292341578408,23736.670367733528
No,No,250.0635454201479,41352.93607035048
No,Yes,1188.1117926249492,20162.551582117005
No,Yes,67.82370780202005,31121.926193717558
No,No,533.3688640958869,21462.146738043804
No,No,1580.503419049182,30464.200480636053
No,No,561.2480764170886,36685.427636639564
No,No,1277.4146800567735,14313.238344772584
No,Yes,296.12967154417845,19922.871918579207
No,No,544.0617791683892,40617.486399752095
No,No,503.83763462527725,29226.583878162146
No,Yes,1143.091861836678,10691.711077350783
No,Yes,842.7786189211785,17238.602446006335
Yes,No,1722.9159658104602,20048.806688899465
No,Yes,522.6453583119343,26923.427293215205
No,No,695.9327857550552,34672.87241235179
No,No,519.2079254262349,17885.397227862908
No,Yes,789.7510287744177,11984.222422667191
No,Yes,736.2018148008532,18376.00327014316
No,Yes,366.4978913374703,23669.04038527543
No,No,1149.9187728800837,26781.32738007125
No,No,378.07572516063016,37002.26543054799
No,Yes,426.3321036954605,25659.006792022923
No,No,144.79265246053384,38823.03776838385
No,No,425.1507299276001,19366.66033597267
No,Yes,448.59760380000495,21519.261176293065
No,No,73.32570079265795,44254.32717302377
No,No,556.7957925289982,26781.354923804007
Yes,No,1671.9615755759012,25364.486926906655
No,Yes,210.10595249887623,20031.706262398064
No,Yes,778.7801927465678,19856.123528804917
No,No,546.3469611656398,34714.7311217226
No,No,1045.424570902341,27684.777212812958
No,No,1099.89307475963,13301.911248299239
Yes,Yes,3016.1560970592177,31747.202736191164
No,No,801.9889946691067,38564.20944778028
No,Yes,398.7187633381326,24493.572892494405
No,No,415.17841589482254,32558.274604445487
No,No,451.6972873530027,30272.941001315634
No,Yes,464.6132635387675,17850.233472761127
No,No,1949.438681242389,14724.166347020906
No,Yes,1276.1220165463728,34842.07278459573
No,No,946.6966429673369,33708.93607149566
No,No,256.7658930256697,17388.922426399717
No,No,1092.2169557858783,23238.46483079699
No,No,1416.2834815777403,36544.80509023705
No,No,554.2147183635917,36345.31666341288
No,Yes,493.3300182627274,18217.450562750706
No,No,1751.3606927088904,22721.31907063689
No,Yes,440.11252836273565,19444.451892079935
No,No,334.26381206798726,14205.834739900067
No,No,286.5646209606913,28743.3990942152
No,No,624.8585544952208,28849.761148974198
No,Yes,960.2912251546489,34136.52875355089
No,No,1288.4630277912936,28993.15048866912
No,No,977.4503898909705,36028.48251230925
No,No,966.3359177251847,49482.87560484038
No,No,1563.3929487454334,22827.115865972934
No,No,274.1589324531064,27253.0936778923
No,No,164.20970130338506,28105.958855609526
No,No,1011.471008664424,16754.19968169545
No,No,602.4098749203811,30885.009783625956
No,Yes,1549.969110047111,31593.74093907441
No,Yes,776.231267163743,29368.88053019354
No,No,399.2774509554655,45322.72450659539
No,No,1021.8475714245686,27161.98603853969
No,No,709.5256492483135,22208.18064119445
No,Yes,776.747508534029,39242.35609473882
Yes,No,2816.9355193170627,35647.72718491848
No,No,1484.2687473667058,17376.252959690493
No,Yes,1336.716670074308,41372.76839289705
No,Yes,871.2984955578573,22820.14027062943
No,Yes,816.3486094199569,2818.4361209184754
No,Yes,626.24705886359,33631.7020828417
No,Yes,937.729628460014,7277.437381884111
No,Yes,533.8748357637496,25468.915299651566
No,No,221.8855701483193,41924.44700831051
No,Yes,769.4867747870741,28219.756460770783
No,Yes,994.1767000443549,34342.62640767771
No,No,1293.7048976745718,43671.267921051054
No,No,335.9794276407819,52066.36056635036
No,No,684.3830301471646,32570.127169757478
No,Yes,1166.5327540127248,20554.69146129302
No,No,956.8742634860394,30033.474260882947
No,No,1885.7181416144485,47236.47571700929
No,No,530.0158785180711,27106.212165176643
No,Yes,373.5649793873884,29381.829459447767
No,No,718.4636317733572,24900.950668225196
No,No,552.1100989579165,25081.781968097763
No,No,477.85309562786136,45342.84597032562
No,No,426.8932835813275,37866.65850162499
No,No,830.8848773559017,11903.582343215614
No,No,378.7011683065997,24961.849332881622
No,No,1113.2592464399406,7791.451049668776
No,No,1077.3401912908662,29744.717401979437
No,No,885.4000662646525,30765.741803873563
No,No,273.7129645314097,28759.588595622758
No,Yes,964.8172462904157,31895.448329298742
No,No,1352.063656156473,37630.54031786138
No,No,1168.5160594650154,58158.51178833857
No,No,1058.7055781770612,38841.18811938557
No,No,676.7252626386199,39025.23232866461
No,No,654.2310191311295,36219.9412454136
No,No,1500.346463332763,30809.86671151792
No,Yes,985.7033245191204,18902.457938142805
No,No,828.8485134034961,31150.165179559375
Yes,No,3341.6339900051403,31609.217921351286
No,Yes,625.1706249583781,22790.53991557354
No,No,65.01182471095167,39859.87141365458
No,Yes,699.0649188062288,25550.514532671063
No,No,609.2014401307717,28330.717391378315
No,No,812.6577019744391,26118.55931160924
No,No,950.5669579504658,35742.78281090709
No,No,81.68155711642352,24232.609621996427
No,Yes,1157.1149540096128,20461.83602630507
No,No,637.4648882669536,28186.545096150425
No,No,539.9814564609566,57760.46783981944
No,No,135.4915105036035,20758.209842169992
No,No,1708.7181482427804,25573.63256052701
No,Yes,567.2177488596351,19560.962631852562
No,No,1068.480221530665,28980.32151806725
No,Yes,398.06921565790526,30448.66288540373
No,Yes,1005.9687173683728,21669.284650279027
No,No,546.737524016732,20258.029392588483
No,No,1046.1166198304027,47809.140809977245
No,No,532.4956395997523,36136.39000841129
No,No,318.37770133655124,37705.235612836215
No,No,659.4124639299442,40008.36836885883
No,Yes,761.8028986653104,14825.711132674176
No,No,799.1632857633772,33431.19066999466
Yes,No,1266.3186860798285,41712.47794276727
No,No,257.99369285327066,27097.302946635155
No,No,1223.4589927869888,36566.60640118989
No,No,222.53772149712358,38935.18549364022
No,No,1018.6419744865008,18900.4391535229
No,No,1040.6400328828431,23175.53410223892
No,No,452.82144053704985,10652.233642534527
No,No,346.5923087283882,35767.338018512026
No,Yes,397.1249917408786,36644.78798690721
No,No,706.5243058511066,26578.168994836862
No,Yes,1304.487333599856,22101.187820498846
No,No,596.162279965859,43633.23454919718
No,Yes,67.03273810019597,25311.129518720973
No,No,428.92584834905296,23763.09820558158
No,Yes,499.9035493997748,34134.153108303464
No,Yes,1135.3318706131415,24831.269695637046
No,Yes,1176.2450867641007,21824.49057148681
No,Yes,895.8473091622969,22403.901955814166
No,No,1224.9877239180298,39408.68890477876
No,No,1286.4664629562708,27366.134957864753
No,No,449.91508935935406,49216.20790488206
No,No,324.5893047126224,46086.33340503174
No,No,628.2493363231406,33584.79777436482
No,No,745.4587968354226,34116.0938637731
No,No,431.75512809500344,25039.58280270596
Yes,No,3852.0948132250246,27126.605986228184
No,No,1644.5563771890072,22146.036591737793
No,No,399.40391010187176,31459.25467211142
No,No,268.0328916599437,34123.43519956018
No,No,373.07701353816446,17599.222598755918
No,Yes,1562.0935535164313,28272.382752578993
No,Yes,1587.3561422926555,17353.820953931037
No,No,1657.5996653260102,37618.117237279796
No,No,316.26419807262965,41572.50202140119
No,No,943.5067678983645,46570.53907803421
No,No,342.2677366378417,44470.53422475078
No,No,1891.074884762865,50066.42406436628
No,Yes,391.0570765631676,29158.425326097735
No,Yes,257.34042963755786,24624.06834746571
No,Yes,305.1395787629349,20141.282714420486
No,No,661.5957410915593,32305.62117362932
No,No,1076.6055085823377,49794.618486650754
No,No,1029.5971343432602,31521.58726231341
No,No,264.41382437808414,33448.55472261773
No,No,491.8921892773879,48262.23004494658
No,No,441.7264881421887,31166.778739635032
No,Yes,276.9592904047573,17886.36258159807
No,Yes,519.9075095061023,31382.29789850755
No,No,1611.928241244418,25224.91327475677
No,Yes,242.3295557317405,26276.72175693512
No,No,781.8982616098159,35788.29359178969
Yes,No,1636.084227364531,36657.39563570794
No,No,1581.8548013513923,9302.43583763731
No,No,1947.7294752719558,41304.667886468014
No,No,837.0430243938088,32905.05033519528
No,No,925.4157230042813,39662.829123272066
No,Yes,527.8601813789508,26955.553458589275
No,No,197.63026489848244,36659.310078293245
No,Yes,714.4689085179014,20669.740857958306
No,No,1408.3737575384528,29638.579762614667
No,No,54.58084761182176,32957.06282478095
No,No,456.31444083283617,35214.731904476284
No,No,988.4835288735771,29259.99509731793
No,No,668.2934673007397,42929.36407757259
No,No,1524.9016917592235,30221.56958950027
No,Yes,1576.5205902380771,16591.04132863393
No,No,173.53943000198967,39452.35545983084
No,No,710.3625753675282,52311.63507337117
No,No,356.90751008704865,21824.479047830166
No,Yes,423.56739089014786,22572.788759882493
No,No,187.68866163707574,44139.00273329526
No,No,798.5606566940796,39198.383756449635
No,No,1545.7426315716043,39712.40392132342
No,No,850.0993814757633,33804.84804674291
No,Yes,210.98055978067242,4843.9833010131715
No,No,640.4127195280773,36078.52382918244
No,Yes,1154.0031269307985,26064.378552079936
No,No,604.9790328697067,44758.3930172923
No,No,839.3315146638804,25990.32302196769
No,Yes,458.5915036837889,35229.73700697052
No,No,552.2035913439456,30395.541347590326
No,Yes,631.053540488144,20071.53840205919
No,No,1733.4505730920782,26292.3375345152
No,No,269.73299561996583,43963.28615696276
No,No,65.49495115384293,22540.075655821973
No,Yes,1994.3048283330193,27873.484886066115
No,Yes,873.9417223097503,17797.03929691007
No,No,219.66023858818428,33058.41905208732
No,No,1237.6846022735608,18253.45943508722
No,No,1002.9576064753146,41353.76709380235
No,No,1918.3966650923053,31999.597275901713
No,No,771.1510798386698,39074.30287471254
Yes,No,2821.9831407858996,31710.810042131063
No,Yes,730.9475418859341,27144.23536574046
No,Yes,1205.119557873166,23127.23331136523
No,Yes,1326.779900276225,28634.473342009584
No,Yes,565.0894112107329,27186.502986440282
No,No,458.8661875143095,35462.42378938496
No,Yes,1345.4632513470203,17148.97533164273
No,No,201.40301822459062,29126.091111482405
No,Yes,425.8172840791513,18044.51197263009
No,No,596.2192957338009,47786.94616473207
No,No,1879.5101054096808,41303.58849196099
No,Yes,1346.093223579918,23714.23781439162
No,Yes,848.418128061137,19514.95189630488
No,Yes,522.930332097045,17921.601219095068
No,Yes,2850.0525286877705,24307.326127338827
No,No,637.208112538436,51932.09587062699
No,Yes,425.457814889688,23491.51348668492
Yes,Yes,3203.267756489846,31863.44177099168
No,Yes,252.93576661186015,25379.644197141624
No,No,1577.5689210505614,39125.74170364853
No,No,674.1871848595606,28740.826933398203
No,No,1119.8845722271822,31529.324973895364
No,No,985.1595568871252,25191.940951512668
No,Yes,1330.5374042307278,25582.08571156109
Yes,No,2825.027695710438,31065.77247446051
Yes,No,2551.3878700551745,37098.85566566068
No,Yes,445.451068976218,16553.530849654668
No,No,959.03819273152,38057.276144960466
No,No,119.00551826961414,35189.02892429114
No,No,1192.2142016382852,34868.69617941786
No,No,1386.832669927112,37393.7579987486
No,No,66.75764412735407,31123.99117596374
No,Yes,786.4230324975157,50097.02156283715
No,No,1118.4716979414666,38184.45732878806
No,No,864.9469695851981,34551.119771203725
No,No,215.10649006982047,40919.74202831857
No,No,239.03320929395036,28287.403073502097
No,No,597.6668411644018,27956.29333817292
No,No,470.8544520810378,41503.686802923236
No,Yes,609.7201721571535,29674.001192971587
No,No,186.26063829813398,45417.511255579986
No,No,683.0112037609656,19248.309386215777
Yes,No,1889.065668256043,32236.109463835284
No,No,224.38487199373444,36796.3082819529
No,No,559.5421637783415,40703.14425174431
No,No,1033.5594847742177,38765.82979163015
No,Yes,171.42491735481903,17492.45667626926
No,No,688.2155119071128,38647.56897763825
No,No,1358.482578487429,36712.35475894423
No,Yes,328.7428438684634,25679.60702146474
No,No,739.3500278789602,22535.583560589876
No,No,1292.46432939569,24155.343301647532
Yes,No,2731.8345340923943,51622.30662212362
No,Yes,853.525437488025,30352.787790055245
No,Yes,434.27656494287737,23009.209648058644
No,No,364.5880047910862,33041.11849257347
No,No,175.25291706344802,55728.31914851334
Yes,No,1990.6446556491328,33953.33517661865
No,No,1239.3031541438609,32332.0990876702
No,No,238.9756272374687,25565.91348967182
No,No,343.8953093259147,31163.358021946275
No,Yes,842.9285995762737,11670.094133711664
No,No,1351.5307967592269,38707.929984500355
No,No,960.7430843694111,46092.589968430504
No,Yes,1074.5301656654035,32342.787054460143
No,Yes,931.5788768646253,18532.790273732797
No,No,251.71999363685083,10553.121183655203
No,Yes,851.3042553950055,25824.922980531523
No,No,646.276775100167,46687.0634971497
No,No,172.6632489494082,17458.61057792369
No,No,1957.9113884555936,29763.953620904314
No,No,406.2517020827604,37074.1462029241
No,No,177.67120626719347,25089.381459972603
No,No,465.8490455000766,16218.426803974453
No,No,542.2849222643763,26062.870022133968
No,No,631.3507404573319,27809.146695196563
No,No,535.0684875971483,14638.386572296207
No,No,659.3246071389659,44215.439701706324
No,No,746.9410788454057,49039.154154555064
No,No,718.4711668886176,33795.56860753027
No,No,890.6715271844355,40794.87155906694
No,Yes,1115.2801223720826,13095.675609933334
No,Yes,1135.4465943695154,22458.951993201852
No,No,1118.382420040575,27710.954615996758
No,No,369.24307472624844,37615.573988265125
No,No,380.9665080832478,6519.8480012792825
No,No,1355.7637641758713,30459.295054901922
No,No,477.61537494274233,39784.007960474715
No,No,604.5233301395543,35881.97518950988
No,No,563.357702020517,41329.0699490322
Yes,No,2667.748060468617,27516.24418229449
No,No,316.3151249099743,5266.820476323097
No,No,310.98535440777476,44488.84427992297
No,Yes,793.2847589530677,28764.023235717752
No,No,576.0238104013181,49187.57235252428
No,No,236.7862435359087,34242.56418686326
No,No,620.2989383840234,37662.39174014806
No,No,674.9763753761857,56792.477031701004
No,No,438.97003459944085,14989.894990816258
No,No,591.8753274080725,37947.03962227992
No,No,344.1422219560363,45677.39603644375
No,Yes,284.80168127506187,24938.071989234373
No,No,474.65833511601596,34163.070791294354
No,No,273.50037531422055,18664.277518007882
No,Yes,234.1314031317999,33720.562047991254
No,No,94.58086849308667,44189.40166165424
No,No,786.0767369875088,46325.58939664927
No,No,461.72774701152076,33284.46139249029
No,No,1361.2001633943892,30292.7043689996
No,No,493.71971615654246,33432.94160214633
No,No,783.2844425325661,50493.22690425531
No,No,389.4312051065447,30896.922228791944
No,No,645.5697516241388,48319.4287919213
No,No,95.4891448611277,32029.02015895515
No,Yes,562.6870431674139,17449.19412629461
No,Yes,381.7651198456146,8909.291691176773
No,No,1268.033085828306,39241.30050867025
No,Yes,896.2344630966569,28826.854834503367
No,No,1149.1420899675695,21994.650293006933
No,Yes,1755.448730655072,33788.04336854569
No,No,438.03401531890785,19686.23223767843
No,Yes,868.2653801205736,28409.06739589999
No,Yes,300.505022676622,28752.37620115156
No,No,870.6279604927084,44231.64817597962
No,No,962.4589525477978,13792.024847068096
No,Yes,994.189138827498,30918.10883139304
No,No,437.62728287893367,32051.577543044692
Yes,No,2078.284713640884,30096.38842416491
No,No,673.6365546543456,41750.094747659394
No,No,251.81729169357348,43106.86230691646
No,No,1027.1307396464715,13613.66770417793
Yes,No,1293.7791532260344,20602.123133390032
No,No,256.51362933108675,45492.125415975635
No,Yes,651.1066563370746,26774.923540262713
No,No,174.01676529600357,35317.523078221246
No,No,1500.4575477501185,23643.297785997704
No,No,615.3717017652058,37888.416508920294
No,Yes,383.2814204015818,31982.524921247015
No,No,1305.1608463934422,56679.32929643233
No,Yes,791.7837087006726,20970.691734931243
No,No,1185.6182734096353,42270.86178650508
No,No,910.3939301765871,52048.81580132879
No,No,281.9661029233593,19013.06133335049
No,No,425.4305995640455,51491.28508523856
No,Yes,392.7489960216732,24854.50510810411
No,No,235.8417674346203,34248.64298942115
No,No,130.01354282252245,28082.7121392325
Yes,Yes,2821.8328803200025,20902.73779573947
No,No,817.4715973127254,26049.87797990804
No,No,906.3165548258015,23969.759565275395
No,Yes,1685.5223206627131,26597.357530999034
No,No,421.8687744053415,44626.87437615507
No,Yes,224.89334740655843,16115.77600465436
No,Yes,1337.8597649656972,18583.826412784598
No,No,219.227240572831,36063.449776515816
No,No,1096.636973161208,22354.99396667484
No,No,159.13242330845233,35941.30040833931
No,No,204.079782183754,30803.10858694357
No,Yes,464.8658899212139,11984.378661120263
No,No,1068.1995513969969,38216.304120078516
Yes,No,1900.6804480021035,27889.804230544025
No,No,905.2786236429623,43750.48509500554
No,No,400.4507088162181,31545.04186078554
No,No,1255.9792159429437,26386.894911951546
No,Yes,184.9032151798097,23217.28681961596
No,No,296.0352419635628,45919.70764915101
No,Yes,850.3299660904033,36342.75769092597
No,No,1140.3113078972797,39430.71113228098
No,No,564.612182573205,27609.68349601307
No,No,517.8894785621927,33826.069827680905
No,Yes,650.9149776755181,22761.078874042825
No,No,1396.1368223217175,31997.598111824456
No,Yes,415.82846460568425,21669.2697855046
No,Yes,333.85497514867825,16692.00859991134
No,Yes,642.7884715923993,30279.331896398
No,No,1528.251510774133,42107.798304457065
No,No,381.80276944079515,33731.625856401355
No,No,541.0760151375093,46087.47657421684
No,No,151.4018254600924,39410.505791592215
No,Yes,670.9716872388726,15634.957227205461
No,Yes,946.4921078743395,20969.165116617034
No,Yes,263.4664640105782,33812.59524989971
No,No,1397.9007466610585,29893.521425082137
No,No,781.2704075608824,26566.699976862437
No,No,433.4481450498368,40724.091679624486
No,No,785.5829249855594,30697.82587685757
No,Yes,1132.3821857998416,27375.494083891994
No,Yes,132.34166543969837,23197.18747136757
No,No,807.8952947346595,25533.443902020103
No,No,1492.2552262121499,26568.880425416326
No,No,342.2780480420346,16642.50822503903
No,No,441.1654400938943,22448.174417403738
No,No,502.97188430170553,39783.78380391216
No,No,1149.1807019850519,45557.70384043141
No,No,257.11381464860335,27395.73751331562
No,Yes,1095.46915903799,13825.119286402582
No,No,510.58373327109194,44878.373302646374
No,Yes,2351.3949976831173,31621.996518285523
No,No,534.5900672479428,40729.58756258442
No,Yes,64.33676226077013,13293.477511438725
No,Yes,1243.7982260060517,27055.83670376398
No,No,879.954214556678,39015.78866731856
No,No,756.9974585799959,42505.75895565287
No,No,1464.9848750461028,35009.89025208498
No,No,129.14544278977783,25998.249660165693
No,No,300.0399825921636,29454.583630512847
No,No,643.0616873731165,45270.52936907225
No,Yes,872.8096290512249,26106.796109465162
No,No,573.1732506961581,20419.43036599065
No,No,153.8356790593183,50564.67357130138
No,No,444.73401640029454,45055.47262868216
Yes,Yes,2243.830150404851,35087.490639788804
No,No,245.69046582278443,44843.12383912294
No,No,632.2286512957966,24216.021884261783
No,Yes,1098.3886466505169,25760.03466169104
No,No,1126.226777516167,39534.94201064099
No,No,1033.0128003716836,20056.959937757216
No,No,418.36714391252093,21776.136342146427
No,No,298.8824207386854,40933.98233644877
No,No,1969.7548766195046,41726.882962396296
No,Yes,1443.6959727953479,40027.53320484792
No,No,678.7169021651282,30896.134008874782
No,No,1635.9918370105859,16670.54666994645
No,No,188.5563141856107,31988.67421901011
No,No,55.88470488180695,41934.598963086195
No,No,721.2057475347508,29859.01280115061
No,Yes,896.1581453076894,24162.22054205623
No,Yes,205.4841629608957,18955.315620584093
No,No,1173.3669064176504,45430.95155816585
No,No,89.10723112501982,40946.15582353064
No,No,840.8035514021915,25299.25461658094
No,Yes,1178.9223491513442,19796.52094802988
No,No,714.8222829987615,26705.08062167831
No,No,147.3076906822431,14903.784461988213
No,Yes,1745.4510331622637,18116.116885116804
No,No,430.0565036788999,15771.36975571396
No,No,431.19703155571347,42835.796218348114
No,No,363.3263220338181,43628.75131655528
No,No,1058.0082550042578,30512.107268274005
No,Yes,496.07616196991273,24882.871013957414
No,No,224.3387191001966,44209.9966079162
No,No,1268.2732157878504,41337.8204075842
No,No,620.7326003399183,53546.98609344382
No,Yes,1558.3026398325103,25265.887225164297
No,Yes,787.6097808255084,33618.44733433691
No,No,342.4570459889424,34451.19968985593
No,No,106.12499690188679,32305.015418460385
No,No,723.493151414801,40286.84064817532
No,No,503.8452715862748,39021.532131732325
No,No,1088.7499913239378,27420.782740814808
No,No,397.58014019083146,25259.688840745977
No,Yes,1031.0664574660798,23973.42905008435
No,No,636.1415309423281,14599.292595346731
No,No,316.82159931538644,30424.696212882096
No,Yes,509.3999287960408,16573.630353323908
No,No,184.345349829252,27736.537382662485
Yes,No,2060.038825842676,25712.673507402957
No,No,845.9222507188459,41179.08967371614
No,No,172.0965538302953,37966.79628050672
No,Yes,2389.403291123488,23820.667672970303
No,No,242.54728606820458,29666.236257059292
No,No,391.87407643328066,43846.98342478032
No,Yes,640.0589988483039,29754.540182594006
No,No,647.949633169507,32388.586748048485
No,No,1068.620793136614,47047.467456518396
No,No,79.4158031387748,31604.56852374992
No,Yes,786.9071742492283,24882.917669665425
No,No,511.80200002874585,27757.813797931092
No,No,733.185732116321,29567.897672174775
No,No,491.8499493640888,27229.83475283656
No,Yes,528.3470367426452,28263.142996544408
No,Yes,699.2948364538312,26083.536479855768
Yes,No,1919.3811319451677,22972.61285328753
No,Yes,536.7963859888082,27415.143352970463
No,Yes,1692.5352920228024,36000.657393507936
No,No,710.3304320306218,26899.239665566085
No,No,685.8422080439148,26327.414374199485
No,No,738.3777038551342,33580.66881859586
No,No,913.2270089030303,47282.34760003031
No,Yes,571.3715827824043,20381.81406492369
No,No,1345.6284325290453,51918.50932615303
No,No,914.8332701160554,22929.413616708756
No,No,201.06595600650405,35380.48566343421
No,Yes,65.13215308608899,11541.179513269983
No,No,1880.694608752751,24138.53049536985
No,No,755.7804610145162,31365.990721015223
No,Yes,212.84153447256193,25341.3588489552
No,Yes,536.1774977042401,32135.12384091573
Yes,Yes,1443.22156030532,18554.694827419513
No,No,556.1321622843554,37706.4391124469
No,No,596.1100514239877,20108.929175765825
No,Yes,1263.7259789043796,30518.974458553297
No,No,809.4219051814197,46603.823016194394
No,No,962.6528709550718,43875.248423954574
No,No,1045.3721049398841,43860.644303995155
No,Yes,421.06962784571783,22810.315098690702
No,No,380.0774134668478,36267.12124694458
No,No,315.0214127025901,32530.200001055295
No,No,398.07410056922737,33044.91326629739
No,No,578.3198660096159,26063.369016504035
No,Yes,733.7499478181385,25421.67998889941
No,No,1602.8586142304764,37678.00337439622
No,No,781.3813435336714,43352.97668697734
No,No,587.2103301895246,37421.17915554187
No,No,256.6205430975931,42310.79326252991
No,Yes,600.2346651624392,18240.077030881523
Yes,Yes,2369.662017580273,33414.06546410964
Yes,No,1954.2693610307606,31087.46881284591
No,No,495.2847062873905,13012.459715528887
No,No,122.49362485167666,29605.098962493626
No,No,443.5244376378247,39266.80347244266
Yes,No,1614.51651876764,34322.043363137054
No,No,581.4357718234356,14079.877534672756
No,Yes,1264.6266502723322,24956.094946240875
No,Yes,761.2480356180776,24337.1203994653
No,No,163.05123768638887,23785.660720775668
No,Yes,782.0314877837685,27401.601097458493
No,Yes,1382.8626849739228,22513.19453823655
No,No,393.377569773728,13989.184337063765
No,Yes,1357.9035547956487,28315.525756427316
No,Yes,819.6737124154753,24673.721449401884
No,No,1090.2837527723416,48635.59210992294
No,Yes,981.4608396045682,17395.37817867782
No,No,272.6350308554443,31169.573369780668
No,No,504.3094035265038,44159.93435965696
No,No,491.3586057195131,24343.79094880363
No,Yes,453.28596981018256,30665.245914467978
No,No,771.5964535140145,44068.29609198714
No,No,2208.1742675309183,36637.803731611144
No,No,1346.8111338907702,31848.711858324277
No,No,1469.572254654586,27027.131875668285
No,No,358.34185407713943,26289.17283287399
No,No,1485.9324474388748,36608.307240138965
No,No,1820.3709800041634,4725.379665798493
No,Yes,417.87834258990927,19550.604759761023
No,No,884.4342439729088,26550.359232785788
No,Yes,1081.4873535753834,16533.704164243285
No,No,533.7572470229163,35357.10790415895
No,No,726.9544492535686,18802.105073648512
No,Yes,1119.4678599393344,31870.10652858702
No,No,562.2087494792268,42635.80576214363
No,Yes,1564.505479924961,32966.837165440185
No,No,202.1666731407366,28227.738893953716
No,No,489.65596087252834,35577.997827576764
No,No,1068.5369619347678,41731.710105585495
Yes,No,2058.2235073548572,32191.93891234476
No,No,1359.68409284354,27833.95046055816
No,No,715.9398331438251,34696.79049865947
No,No,583.4387433869784,31449.76533228601
No,No,512.0881315634781,22793.18390806618
No,No,514.5293564361908,9696.197758531955
No,No,105.30361557507327,24264.406793185022
No,No,2003.3128006845643,9903.883983341904
No,No,617.5622906294504,24800.110191436048
No,Yes,395.3727204449151,33383.43758674737
No,No,874.5953454412523,15014.837801462741
No,No,352.72990358070143,37988.997861475305
No,No,1220.4055217268744,45726.89178762672
No,No,338.69556352835224,17773.31151991699
No,No,1102.4851647651542,51443.29204058358
No,No,506.15728576082677,32735.29378152537
No,No,793.5630921175328,47081.52691148335
No,No,1160.8040605318758,36208.42111495898
No,No,417.4534253782622,28893.46861972296
No,No,1141.553821751538,4425.631209793668
No,No,110.90026153370974,22351.975132528532
No,No,1728.612709850098,40297.50192442903
No,No,1278.3410312340018,48872.83297361951
No,No,601.3166596408785,19453.470827199504
No,No,1435.4912361549639,32903.335021830084
No,No,1336.2903899846299,29040.069420565684
No,No,644.019899557824,37678.15648505952
No,Yes,766.5329351314956,24068.576138279896
No,No,294.7744102305027,29783.19661328521
No,No,670.4759714621055,39891.08325498151
No,No,157.53671142154116,26584.69590911682
No,No,1093.0454875694256,33612.402338610285
No,No,1109.4011433459787,41201.06578353353
No,No,112.8933853973199,26236.311872795355
No,No,1619.9508177151524,29910.449606507907
No,No,387.3763774708622,27919.808245082284
Yes,No,3447.2582798084873,38021.69376558254
No,No,763.7916022229638,36995.576541841896
No,Yes,1956.5818628613106,19822.988354999343
No,Yes,343.4820893151414,25836.10923048253
No,Yes,606.3255233105118,3765.5500871478457
No,No,415.6983973495004,41852.724079086474
No,Yes,185.39866631784304,29719.909098958633
No,Yes,243.38820461647884,19905.331740490838
No,Yes,700.1978119332122,18512.781938202537
No,No,853.0127455694359,32924.764898469526
No,Yes,310.7343364668693,17079.497705417278
No,No,480.74798504322536,25953.450331110063
No,No,351.1520971116579,36578.52774423666
No,No,613.9173994330476,41590.61220964945
No,Yes,1242.9832952279774,25675.100974785135
No,No,697.2655161805008,62363.28881217522
No,No,400.92782651942775,45985.874792165036
No,Yes,1567.8123781751433,28597.628884681395
No,No,833.175320713001,40491.88378652912
No,Yes,855.1427127029644,24057.31220080472
No,Yes,314.38189001466446,26982.574083738782
No,No,1214.166811335154,35475.95382259999
No,No,894.0672666989132,44008.38545436709
No,No,927.4103429020837,30708.605618876816
No,Yes,648.5101287797279,21121.946251800862
No,Yes,560.1331229856137,31696.47768196886
Yes,No,2010.038442134069,28900.09247908358
No,No,461.0647834290287,24050.713026871977
No,No,215.53789804357598,26018.705298521512
No,Yes,887.1767832544479,28690.31922434611
No,No,639.919075801476,60218.85873493305
No,No,1346.6336448970176,24623.090071509527
No,Yes,687.6928553423841,27966.040489780196
No,No,1012.8238549581454,35037.76180220693
No,No,1693.9841713224318,44781.88994609811
No,Yes,1028.5235929049743,27904.655299796137
No,No,274.24118339430635,45401.89122413435
No,No,874.5534901465369,36421.35697196604
No,No,487.4334351173993,25152.26013574003
No,No,776.6744486894116,26699.85231781117
No,No,643.5694423316797,35619.805963193416
No,Yes,253.3416898694988,26719.579190564342
No,No,570.5883822284882,29657.888304046377
No,No,260.2907884766542,53650.59575832491
No,No,433.09584480392874,42912.2193171465
No,No,1211.4457616304967,12660.934707911973
No,No,681.9803393506271,32270.97704044114
No,No,970.6327549648613,23202.825345328536
No,No,723.5752332743199,52562.82616127143
No,No,515.1982060273239,11306.596750466775
No,No,778.2735410708224,37687.41914454738
No,Yes,156.77235460667183,24313.270783400112
No,No,1095.6782400505479,41639.07117439669
No,No,321.4102746495753,36727.610568764576
No,No,928.4223927566718,54193.24687806086
No,No,499.22047409035486,42679.30466853315
No,No,211.25269579288664,15119.069470807328
No,No,371.9869380171996,47542.16161675138
No,No,931.8115776904074,35531.53330605659
Yes,No,2443.192898728595,47559.13387529671
No,No,612.9385097979077,30329.206652409208
Yes,No,2256.692076529706,22876.703184251855
No,No,130.26740817755618,20986.229698749576
No,Yes,636.1559077124866,30879.77230288135
No,No,613.318156283039,41471.78348408336
No,No,966.3140204928309,27580.524374323286
No,No,384.41717383988106,6799.000209666385
No,No,831.0410501362826,44496.748093942166
No,Yes,661.2666438124987,9187.331348843176
No,Yes,1773.6611577717033,38667.3780617989
No,No,739.8049619893321,19045.85753023776
Yes,No,3263.318234221649,33640.76821331431
No,Yes,665.4079646044923,25060.117164284704
No,Yes,1696.863154410876,26003.95854650382
No,No,1722.9134335780295,36742.836248225474
No,No,34.09968779683303,34804.395586555016
No,No,1086.0525475304448,29159.26120964373
No,Yes,646.6375045424396,21885.869068424417
No,Yes,288.9428907443039,18887.268994185666
No,No,1495.4385301597556,34658.76742553284
No,No,403.4955529054133,15961.145932412113
No,Yes,146.3324814566551,25658.2307259069
No,Yes,903.6968966893365,22759.296466290427
Yes,No,1646.4582320437564,41914.324167727245
No,No,243.84654035303134,30463.357256300293
No,No,1186.5131285882535,39522.28434948877
No,No,87.508745369318,39020.25236490993
No,No,1725.31641205223,32109.348515157155
No,No,869.364463838192,37028.82314786119
No,Yes,264.0088803993916,14051.336157237249
No,Yes,1335.120559638885,32840.958373866306
No,No,422.9045617345318,28044.53827406426
No,Yes,354.0753794789852,22201.790233693842
No,No,415.2474853589463,22971.65129345535
No,No,1035.5018064888532,25817.88308857363
No,Yes,333.90773262498436,34954.76739586307
No,No,51.49405269033468,34878.90155578375
No,Yes,519.9928847550294,21372.508935811715
No,No,1536.9599772508059,30476.44748687356
No,No,1523.1451268573437,33519.78818007637
No,No,414.7534890717629,40724.57737529566
No,No,402.4151615971854,35438.3853715484
No,No,381.64409542045803,35651.94890170895
No,Yes,440.85198288576595,16987.78959315881
No,No,389.3838561813152,30562.009246900026
No,No,780.1341313890177,35065.204679684786
No,No,1562.0216890045272,33188.09163693962
No,Yes,333.39788514714064,20538.87907822164
No,No,327.37897671081015,28424.954380356216
No,No,846.7252305372708,37855.644754036715
No,Yes,1293.1059018651029,26671.380155105824
No,Yes,188.98953824065413,30375.888598879388
Yes,Yes,2348.098514344151,24820.48675625122
No,No,501.4363252846329,12737.853167336572
No,No,173.7484200992819,57082.909408661384
No,Yes,179.32913246113233,23388.38956366725
No,Yes,167.9474443417423,20579.84150834925
No,Yes,1674.7574619210636,23042.87512447841
No,No,686.2417160784366,29539.05962048925
No,Yes,1685.215340571668,17719.071276008788
No,No,591.2299854185378,39645.53372241716
No,No,1377.6496448104817,32014.537178595623
No,No,579.7854136498055,32605.605096394484
No,Yes,1156.0969609356398,5930.34766845661
No,No,622.8891917017784,31235.117799708212
No,No,552.5620991943013,22733.916462569705
No,Yes,364.2246926602929,19792.94483629644
No,No,1058.9183668363598,35862.800939530505
No,No,244.9415047886538,27364.88508087959
No,Yes,1269.2122809626487,20121.208902208942
No,Yes,851.8897457431422,24126.04027365588
No,No,1077.6564815648644,28434.866039035107
No,Yes,907.7804390258669,16062.808791844162
No,No,1481.3943008926437,16284.943530604527
No,Yes,1076.8241074234927,25806.030488110533
No,Yes,865.4853039463544,19834.46783934327
No,No,43.47698829632826,16844.789492797925
No,Yes,1826.7041297365815,32169.637797073276
No,No,138.23924293745353,36880.25497250495
No,No,190.75128084995572,21620.49471424279
No,Yes,1379.5510599857816,18517.54662828257
No,No,667.240003917866,43964.11967179687
No,No,144.8866179249662,31745.715514853022
No,No,401.9339697605863,29316.297239302963
No,No,1468.1790972717276,41006.7515450195
No,Yes,887.6668237143714,22275.281809586646
No,Yes,815.8340126537802,32057.692284728288
No,No,360.87103528523465,29372.99758300042
No,No,1178.2212543049804,27796.30685180861
No,No,605.0795369069178,33665.91919364428
No,No,1028.7623353316767,43146.774583640516
No,No,328.9443483828368,35995.13149378733
Yes,No,2451.888840912192,34535.451408269015
No,No,1652.0756015305778,25426.134772638477
No,No,733.818253488389,23956.837588510174
No,Yes,1028.2291653219245,30210.43015985437
No,Yes,486.26110536895237,30945.896470012525
No,Yes,1304.717482918867,30720.16580977102
No,No,58.31644648920019,41410.505554403644
No,Yes,2324.100028374286,26575.61736697923
No,Yes,1251.5623561315163,26468.4668978448
No,Yes,327.08399799401417,24385.152704956796
No,No,1905.3243881133337,39120.72167181224
Yes,No,2314.3675719727353,33083.09367674055
No,No,890.8465536947855,39092.710027474895
No,No,333.94557107524776,42675.598104530225
No,Yes,825.629056721123,14645.659290067897
No,No,984.7129165490358,44463.13912250664
No,No,837.7321772241654,32921.88397283405
No,No,272.60814064004336,48081.99858813266
No,No,972.0587265432126,46204.66194086469
No,Yes,1747.933914102786,16234.736227428106
No,No,214.90662332222095,33506.34852884015
No,No,240.97981615977199,14841.66400872677
No,No,391.0497271963985,29639.230189697944
No,No,562.081934760091,37057.396076228804
No,Yes,1438.9773119748045,29378.680158349172
No,Yes,1734.8403600868337,23934.652837402125
No,No,321.093360913758,37927.595803888085
No,Yes,930.1786655939369,18532.93819270229
No,No,1406.361795148622,33309.80690411127
Yes,No,2543.142909700342,27598.41594213072
No,Yes,926.5675857921999,25427.909083400875
No,No,803.9574771620465,47397.27882485203
No,No,894.8084949781083,32930.63288651939
No,No,515.6703869960943,19789.048137639125
No,Yes,874.4373672847865,24823.93380200852
No,Yes,95.5646308665906,28388.050227186006
No,No,407.119796894435,24319.735577404284
No,No,961.2799131969157,45918.411551582154
No,No,304.36675556103256,27536.606522508486
No,Yes,1462.3724720253233,18128.35348237761
No,No,118.56360761411864,15693.797128535825
No,Yes,1423.5235466386127,25331.59598112325
No,Yes,1420.8625288219039,36161.94063635566
Yes,No,2572.8242106650505,37167.500419522636
No,No,499.1702426173891,26158.16836543142
No,No,667.6880260529831,38632.17347571628
Yes,No,1812.864898905644,41503.53153570137
No,No,1660.69749929527,45106.65232068416
No,No,1344.320390511556,21150.228362978836
No,No,858.8494261952465,49030.59770042116
No,No,1780.266105519789,35634.46075989198
Yes,Yes,3807.9865869453724,35722.36190958386
No,Yes,1230.8103774071653,24539.11749705412
No,Yes,830.9585220774364,27487.341257639866
No,No,1113.654334122336,24013.72071216177
No,No,764.0453655866723,43348.40664997735
No,No,535.4235380662356,22730.87022603859
No,No,1222.2324587298679,36187.78641983491
No,No,441.40370114853715,29194.60224102359
No,No,1010.8491776910274,32618.95119774823
No,No,151.68749896959847,44352.24773567778
Yes,No,1994.1029059559444,29949.77489937168
No,No,342.58342073031685,44556.749878972754
No,No,187.25469342561777,29430.36552598864
No,No,1622.5390905408196,34809.05990155367
No,Yes,2194.5271455359575,38498.719145618095
No,No,846.0744107837965,34717.21990940264
No,No,618.7475128519382,32741.36907006633
No,No,509.0514318651559,34899.47391323849
No,No,812.6497420702318,30197.50477670599
No,Yes,775.2653783079411,16440.510956763963
No,No,586.1270754060437,54091.48192752508
No,Yes,372.4724495801866,20605.73040421692
No,No,233.39419610375077,18275.22347789556
No,No,712.8658206192595,31945.935906941562
No,Yes,953.2751634000194,25948.11319322524
No,Yes,432.43173530574796,21995.430770794657
No,No,406.8444160610759,33012.55901915467
No,Yes,951.5822199227392,22302.679629823804
No,No,302.9588174605493,37755.36792696028
No,No,1379.9212111796244,41689.778579346006
No,No,982.3302805586763,31575.35996527906
No,Yes,428.87352741437616,41577.52443834882
No,No,946.9095115225205,43908.91643911441
No,Yes,371.8043114343044,23411.803647307985
No,No,1187.876456039447,20315.653688353777
No,No,321.12819478627904,34642.726599286834
No,Yes,731.1400370682582,29147.199540990085
No,No,745.9154143541448,41715.50173180236
No,No,1810.311931987895,14973.396760276464
No,No,340.17852953320204,34653.61576133228
No,Yes,393.3383203617277,20085.89312862138
No,No,162.21923356560274,48471.96168765146
Yes,No,2172.038922443392,34736.79271195119
No,No,684.8032292142415,10657.906907137327
No,Yes,1683.28092361091,26028.28899058251
No,No,413.07022782684555,14001.187576574335
No,Yes,535.8732473623645,26600.810886406387
No,Yes,771.8751247941037,41560.38769987137
No,No,658.1473260585221,47103.46155050598
No,No,1085.4530266609804,36088.27893372021
No,No,700.0780201140452,26905.396214754095
No,No,492.52040144930646,46241.65280593297
Yes,No,2198.91965205149,39858.903997329355
No,Yes,367.8290315503126,21582.11620725554
No,No,341.85146694875425,28112.403745090392
No,No,310.53805749276444,24432.610366963636
No,No,1115.214366617239,37246.839514291554
No,No,926.1173022398664,29332.3672277834
No,No,588.103654335424,35178.47836077783
No,Yes,355.311943973129,29944.375237267228
No,No,743.5085092732701,29082.91629188877
No,No,1225.5903383165037,39950.997762008315
No,Yes,2232.1393348883685,32006.304438866806
No,No,398.0279999798276,37451.80619573356
No,Yes,703.7784714706668,28346.966303960806
No,No,919.6564255229873,37526.39497818012
No,Yes,586.1205830826024,23563.834242823796
No,No,190.83760197650423,41871.38337718119
No,No,588.8225367786955,49592.14144633999
No,No,216.66983801088273,42049.91407222731
No,No,1298.7860543637173,31563.805483058968
No,Yes,625.2578555007851,22277.76120548269
No,No,635.611152698337,32199.43863562856
No,No,349.93024147933045,42974.27572313845
No,No,654.8341138942511,28237.603256329632
No,No,1568.8729090694071,23256.28136312563
No,No,1396.887242959994,38189.233958878525
No,No,250.994334185634,33716.429613421744
No,No,17.929253477196575,48313.16515058742
No,No,592.4280360694571,10933.569536810108
No,Yes,628.7474781173477,24906.594049790154
No,No,498.25433030241817,29462.7266733804
No,No,420.2129647612863,41602.79120301311
No,No,245.44545751860616,30700.069311921816
Yes,Yes,3226.4881098865026,19417.646774675748
Yes,No,2170.7440169044307,42858.80072877572
No,No,480.92843935736954,46289.86415660654
No,No,735.6287867034498,32523.193035387827
No,No,1314.7164170294373,32715.00594503061
No,No,733.8100740344989,46205.80605255327
No,Yes,539.5377554293418,31561.89509899107
No,No,194.42707514749347,43814.25687644148
No,No,672.9988229025869,29472.69121086279
No,Yes,263.97702109093757,18840.719436451935
No,No,1497.553203713141,49866.43724807389
No,No,650.1374707334481,39597.10755636711
No,No,973.3628260191481,26085.218202539356
No,Yes,613.5738270942437,22705.49401799142
No,No,1193.1768645798757,34349.72061594387
No,No,390.7890004316725,32443.54119198321
No,No,828.6330349672539,30577.41974459875
No,No,495.9914603845168,45806.01779265417
No,No,558.5723241835884,38784.04134590315
No,Yes,1563.5880435924064,39223.1835580352
No,No,347.5328822706386,46353.83856524289
No,Yes,1044.7892989551794,24404.181110134774
No,No,1618.705783167183,47671.07090895097
No,Yes,1524.7428331414596,25919.786184558707
No,Yes,480.650914986528,40378.042743716804
No,No,958.1780249243908,30350.564895064334
No,No,118.68082810114264,38030.44917121019
No,Yes,1599.9376784735878,19245.071052895153
Yes,No,3167.290831822748,29689.372468389825
No,No,835.0194280053759,30086.0562575293
No,Yes,2007.200212750155,32103.65694276138
No,No,185.34736342329427,35580.31996881774
No,No,271.15069283241473,8910.443802743004
No,Yes,611.7346025169703,24105.612140504705
No,No,588.4362941933783,23761.15813882586
No,No,838.8767839953102,29093.308267271124
No,No,402.20706620417997,45006.24009712789
No,No,741.4151979478834,20065.415520591523
No,Yes,1561.4664182414765,14852.924068979522
No,Yes,1146.8086434345944,11826.70069137638
No,No,496.51134916213664,29625.773998804027
No,Yes,1353.3600201802203,11622.75225763208
No,No,479.34252722413106,17442.828218793824
No,No,711.2757852599593,31202.008259472084
No,No,1255.819541096103,36637.105799614124
No,No,576.3131999021573,24388.744768076223
No,No,216.9048090362628,37111.05358236432
No,No,696.3993248300148,34606.71609630759
No,No,1263.4401846981982,38901.52072350976
No,No,1343.4030142240324,23093.3856133578
No,Yes,313.0356305854115,37337.67651330349
No,Yes,1315.8745518092392,15474.564180820562
No,Yes,659.5233564574946,19072.13395687146
No,No,1747.1834446505138,38649.744922304264
No,No,221.4015427106169,34678.08067387908
No,No,1082.1712967059693,41969.188921878274
No,No,503.149475493934,30400.8598475308
No,No,407.6115864644122,21232.010140603175
No,No,1294.489723680911,18249.39529316134
No,No,1435.0146885354586,51296.11573735011
No,Yes,98.32840272931978,21329.053382890226
No,No,1310.340473421603,31826.047190718786
No,No,631.9420263435434,51513.914142752954
No,No,681.6369819018024,28579.070363678034
No,No,209.56562038504168,33742.41772515548
No,No,1032.393872409864,23174.50964695609
Yes,No,2731.8683977269948,20376.905280104293
No,Yes,514.951299241466,36678.438216093185
Yes,No,1527.965849798072,52536.34270566796
No,No,662.7039638871194,43710.45706792752
No,No,443.6798911438597,43375.130504844616
No,No,170.8887967355269,41043.68422040418
No,No,1674.836616792115,26107.025636394552
No,No,725.7160102459112,36407.28748963738
No,No,462.96462211554524,28462.195510552097
No,Yes,634.1697109355944,5321.734637396765
No,No,1090.8840355048512,44692.69673984797
No,No,462.3399013248537,39046.50058489349
No,No,293.7335611349703,20327.80725034858
No,No,609.6752702061307,29897.12411386641
No,No,595.1989226272934,44021.90387760036
No,No,585.0013502312618,34819.40240925153
No,Yes,560.9046495223704,11558.544845067245
Yes,No,1563.524729145014,21368.121632113605
Yes,No,3379.20109826177,52072.84188127775
No,No,261.4733080546423,34158.602564958
No,Yes,79.75778126835957,30859.616132441526
No,No,552.4028012945246,51883.385026292235
No,No,77.5995912300168,28911.44391811756
No,No,153.49894883685113,37020.515109518274
No,No,435.45438388142605,13833.610672866449
No,No,1085.3729062315383,27429.405151652547
No,No,547.3789492993701,39257.49218316699
No,No,44.53737836375887,31579.147641569525
No,Yes,650.0303038906229,26613.161690604178
No,No,574.2858963756521,42798.77095846839
No,No,581.8862913373193,39102.59861332985
No,No,1410.0218920467678,36808.227252986384
No,No,1252.9298253720851,35408.603076525345
No,No,704.6778400869583,27817.944257918418
Yes,Yes,2872.70964119861,16984.084211584865
No,No,434.45135529176974,47056.14377373964
No,Yes,724.1323439412732,28996.894746994603
No,No,654.1465060613273,25608.58180195076
No,Yes,202.6992293806565,23898.652419762504
No,No,664.7041493788232,19581.07269904636
No,No,136.52089863479574,28721.061659832027
No,No,378.9743897347857,38857.031545742524
No,No,728.8357138698689,36102.03789376414
No,No,198.77360733614444,34657.74246055541
No,No,852.0795323539419,24663.830923253263
No,Yes,394.16666414753803,15844.84878095777
No,Yes,594.1199980013995,30099.897921713084
No,Yes,1154.9372032830256,35305.24694925601
No,No,625.0867421462364,38999.6032508803
No,Yes,1005.3229057756289,22243.89498725774
No,No,920.3434588736093,45750.333617792414
No,No,617.1774197952104,25078.422906229804
No,No,873.2020921832271,44030.62239755688
No,No,373.5003595873153,27533.807012037963
No,No,954.0125946856743,28024.804125936203
No,No,555.2288579018143,30172.08413776172
No,No,1590.9163864522047,32488.064827323826
No,Yes,888.3740391297753,29854.56757413832
No,Yes,505.01862323176766,14319.67775761622
No,No,966.0262585679732,27455.87091252968
No,No,1637.6692227223077,35596.493834722525
No,Yes,544.3065721825631,27354.77680074923
No,No,391.8682996992124,16451.564196640964
No,Yes,27.21000969959575,17917.19662090263
No,Yes,886.7326431710742,11208.917684597149
No,No,511.99232763544177,26505.40277460948
No,No,963.1512638431404,29126.63392614786
No,Yes,1173.6935381211654,26969.25861465162
No,Yes,212.5025284874555,7413.129931379023
No,No,1249.146591571163,40032.686037086154
No,No,344.1673542176864,28406.430638766185
No,No,455.7121229447888,30091.010730116694
No,No,855.6450112212998,43212.955987921814
No,Yes,294.1318777032015,32864.216714272516
No,Yes,474.40564394335166,18864.19096481917
No,No,223.62152216578397,26881.449056363082
No,No,1324.5845233908103,29957.777022193648
No,Yes,586.4862876776723,18782.54141490082
No,No,202.5133446189939,19149.098721522154
No,No,217.25659858542178,33185.781000960575
No,No,1177.857719741181,26900.21268326987
No,No,317.1022995792805,34478.56153719148
No,Yes,536.4780656274679,35410.84076665761
No,Yes,823.51091846168,22710.45251674539
No,No,517.0074419124389,25942.969964403797
No,No,97.89696625489096,30777.766157690487
No,No,1038.0212845201863,34786.904023161616
No,No,548.4241853757475,31845.36323576019
No,Yes,996.8808672402398,19510.195954474
No,No,1092.5389073380136,16932.615458554967
No,Yes,86.52833213042464,27885.675588739905
No,No,1099.6768300416072,24567.672164733078
Yes,No,2968.1052286624713,48124.76216394175
No,No,896.7199524430191,29810.674090259694
No,No,1607.9496835822629,28334.810661243966
No,No,1293.8288755939807,28785.086995212816
No,No,1071.3784747567574,35001.90837155192
No,No,1325.6391660985535,24835.78430117647
No,Yes,1778.6231669980457,18723.623314804507
Yes,No,1522.467663170342,39723.55798208873
No,No,216.66994552307145,23322.8363950478
No,No,1382.0380192626808,38982.277197510135
No,No,542.0936880827812,41774.64085021335
No,No,1559.7616743152537,40176.3987551334
No,No,953.9911155809882,35836.253736541585
No,No,213.4976032962767,15458.27345405281
No,No,1706.1297942833298,21392.84200422546
No,No,345.65074895571325,19946.241156748547
No,No,520.798830586102,29716.224252727487
No,Yes,2373.700072324838,23668.68786084563
No,Yes,892.8100634138694,15112.427178206106
No,Yes,603.0677847750025,22241.258640794695
No,No,628.718464282754,40342.044071306664
No,Yes,592.6260281483954,16458.918498794246
No,Yes,1411.5587009549893,17720.796286801706
No,Yes,607.6197236715519,31716.716491979387
No,No,645.5472505808954,24226.997850748015
No,No,1012.5385437573325,36922.751414605766
No,Yes,1120.2807776353986,32124.787306244496
No,Yes,445.88757647988876,15179.540211001473
No,No,1186.319651860737,22433.17975174942
No,No,433.891371056919,31185.18930428905
No,No,265.57246927230074,34176.00296232449
No,No,109.65104194089166,27083.95048943385
No,Yes,694.9758417955027,37248.977776599866
No,No,138.45059040007527,38886.26583163229
No,No,327.22352577747785,25456.877355511147
No,Yes,789.9889532463827,13887.944586808173
No,No,1460.2541141353515,32869.974490433946
No,No,532.053614931806,37888.38301934468
No,Yes,207.54189219189723,36333.18164880529
No,No,612.3686259343749,34258.147676573244
No,No,1421.6388571890448,31071.11037173943
No,Yes,626.6045571136772,16613.99264829973
Yes,Yes,1957.6531352092932,26042.678466035228
No,Yes,786.5321599863879,30566.843039953434
No,No,1102.6288889862742,15626.334249335523
No,No,785.9209480111866,34246.91284232283
No,Yes,1893.9496258855752,16308.954333302843
Yes,No,2498.5799821035193,19924.43053544585
No,No,452.3155294851602,50439.846337775445
No,No,752.0543192057389,42372.964225375414
No,No,1459.5338526636644,27437.77451414364
No,No,806.4678590440448,31885.27182981665
No,No,103.25321177823893,30327.15084141116
No,No,528.7707384328394,22243.72887943168
No,Yes,961.6545462599893,19664.395158061026
No,No,1875.2428347257246,41339.7032623799
No,No,721.5756298767266,27841.925387645864
No,No,307.6660228454739,38140.28539180682
No,No,815.5560348588754,27919.406396827333
No,Yes,2100.1579106217173,15160.615423543813
No,Yes,473.0303779874733,31810.844263946467
No,Yes,526.4224892007342,8537.46060403778
No,Yes,479.36495730618776,35944.87929676574
No,Yes,237.45421739728965,30435.610544075076
No,No,697.3076524231025,35327.13154794017
No,No,636.3333612291709,29041.206637731724
No,No,117.4740233239604,29820.61873059701
No,No,329.85479268901275,35524.62818419254
No,No,768.424881439166,35347.73568286256
No,No,1084.3234164909932,23908.245704066656
Yes,No,1297.455004611213,34177.81957171527
No,No,1146.715567115499,36087.10160558127
No,No,665.7818732368245,30493.460686762777
No,No,165.52914719540453,55891.85565056697
No,Yes,668.3713614733216,22512.183227440994
No,No,38.30933992575755,15866.484481886615
No,Yes,925.4185889153557,16377.920127903715
No,Yes,459.08521576456053,28374.69492708552
No,No,69.57718988651328,26275.740022787846
No,No,878.7603689604051,23562.09388662454
No,No,1736.067756011592,47453.610717832955
No,Yes,168.60672738919808,24638.514403297857
No,No,931.7397830262358,27487.814221350593
No,No,483.45962567999356,5812.433510275885
No,No,345.37417547664506,39703.38576744101
No,No,346.0589134601157,33654.82514549813
No,Yes,580.0368731256788,32555.19403042021
No,No,481.9052788604573,22553.948570624227
No,No,645.4792351912963,29767.563424139036
No,No,315.91607030259917,36486.19467078258
No,Yes,452.737186543786,32241.62175806824
No,Yes,1193.8630925407738,25259.286942908453
No,No,290.5451672768622,26425.59919777452
No,No,808.5310406399076,46477.663592245925
No,No,504.132253696883,30377.168658701452
No,No,422.94231195722836,35300.29286637717
Yes,Yes,2536.47232098934,28704.705613033653
No,No,202.5539883613824,49131.98153257037
No,No,1816.170207346352,37188.85501550182
No,No,1196.0977907056154,59372.825704232106
No,No,391.2963964577005,32604.5188448965
No,No,1219.9604210895727,36435.66133894563
No,No,18.165235914316327,27313.523694060394
No,No,359.700637897494,36725.909342631094
No,Yes,353.13625681210533,25530.04941124455
No,No,886.366201595997,43957.02891964966
No,No,1099.3306802870184,37945.1409265664
No,No,875.9589988830985,28227.614276836153
No,No,732.9291457577444,36064.03273154368
No,No,1276.2827191911042,26776.311353105983
No,No,1153.7409552783922,38994.93903772631
No,No,383.1359436429008,27908.356518547058
No,No,421.1520629169529,19519.977047626795
No,No,1108.3753858635735,22198.944459433176
No,No,640.6159703159852,21750.02350706664
No,Yes,810.0338247399815,19753.551914124262
No,No,743.4417234827217,25027.04458936232
No,No,108.96074737764133,33278.947068926136
No,No,368.2692601977659,29580.335803226437
No,No,942.0623132972148,38661.82362303746
No,Yes,438.69273195588397,26129.09028908978
No,No,551.2496037605662,30261.020544730905
No,No,937.7029881765443,45923.188676047685
No,No,1325.4707865676085,24235.611005442173
No,No,1434.7252711515982,43564.43989903285
No,No,1490.294126326633,35061.56830897241
No,No,593.6709519244104,29556.068978324187
No,No,546.0061554310499,44794.21889428583
No,No,228.37639496649817,39071.52744540783
No,Yes,2091.291052033433,15920.742266757976
No,No,527.6441805522539,37139.80603849647
Yes,No,1715.5012917413203,37129.8439973811
No,No,824.7896258084111,43573.84127957787
No,Yes,1641.400852163608,27547.514680467164
No,No,625.6739297832868,40069.044226843325
No,Yes,1206.342788257842,20360.336440336232
No,No,1399.7478945649975,31402.942783811868
No,No,440.70400587967964,30978.610508887432
No,Yes,1794.7992344763752,12259.106120460427
No,Yes,311.5007172914703,32456.585983834928
Yes,No,2077.345461237923,22308.381656935526
No,No,745.6605947957273,36187.213943719304
No,No,373.3878679050153,30189.076888760825
No,No,1179.8155726074683,31115.612637683087
No,Yes,1023.8130716072222,28192.79684590814
No,No,116.02935955197806,25696.827392275343
No,No,483.58138876151963,38065.79821136287
No,No,271.7533161877317,38161.216192498636
No,No,294.8415747631169,25744.05237510522
No,No,285.2270997450762,42611.62877879646
No,No,971.6775910813069,47174.29574261129
No,No,1243.2726369612285,53747.24420816009
No,Yes,412.89024273488377,21615.772171095792
No,No,82.67972439258725,35411.22859751604
Yes,No,2401.6938865909015,36021.88658292434
No,No,751.6843860481498,40157.71060837476
No,No,1185.896067322874,50985.39745112644
No,No,570.7339251512846,38368.276281111015
No,Yes,73.67420715799194,27048.417766110437
No,Yes,1084.6555850842788,15787.30806762092
Yes,Yes,2320.6489872245247,37790.50673416864
No,No,391.6719694410071,28746.574574611193
No,Yes,62.46775015060751,4832.6313844004235
No,No,227.080574234592,10743.031690721451
No,No,1226.0776310898425,36750.76743185269
No,No,848.3887541874747,20768.86338021567
No,No,1499.885733597103,34037.85125883271
No,No,671.2153049463997,18552.52877380406
No,No,1086.2579450896326,36550.412477836995
No,No,471.95749380128154,39142.75210649033
No,No,244.97554555380958,35258.36516544474
No,No,1088.3875098849733,26536.66055304029
No,Yes,1488.0107874222538,29599.9346837132
No,Yes,479.6127359689352,20654.455560779206
No,No,1819.1791710225837,31616.43773524099
No,No,1852.920561145779,28403.03531104114
No,No,286.8914170559,30820.83818647262
No,No,299.4474650177697,52212.489183305865
No,Yes,375.16401572921666,23415.341085766588
No,No,603.4370083062729,20803.73238037745
No,Yes,589.0745657354777,16735.248620291073
No,Yes,233.25051201900334,21516.71349267188
No,No,320.9932349946501,25553.597256097255
No,Yes,75.85683430138448,30097.615510287073
No,No,79.76500069767712,19330.58524740599
No,No,157.02432328264157,32309.332160948827
Yes,Yes,2778.1877159585315,30524.457092006003
Yes,No,2132.8879941421433,27199.06126450577
No,No,1133.27844450125,37890.58660870373
No,No,403.2797813004873,33096.684564021736
No,Yes,185.04731427071457,23229.11500034536
No,No,660.3359203204982,38618.93244861761
No,Yes,1106.5884755705515,10437.967371961031
No,No,349.2821852755671,45533.61983558191
No,No,886.5036515518087,14530.126895009806
No,No,224.95468573114405,44859.15929265988
No,No,410.474951341601,37840.12216288745
No,No,542.1103244782173,38231.40905415928
No,Yes,2609.813714502916,34751.95332529849
No,No,316.7364353242609,45334.520272223104
No,Yes,1102.6005347745722,29149.225723460946
No,No,273.95137422546554,30554.706965844667
No,No,239.32320190106125,29892.86280470487
No,No,347.89576016376856,41914.76519466711
No,No,678.2692670595194,38028.47247089819
Yes,No,1979.3638147370252,36511.72942887487
No,No,395.68896617071766,32930.54185361607
No,Yes,1495.9481171549285,20595.35119216957
Yes,No,2246.3629929764343,19600.008504197416
No,No,808.2358979475524,39935.57427023155
No,Yes,1688.2651175425042,22178.2199729426
No,Yes,397.274659781751,21723.219940484792
No,Yes,1081.2043360760192,10762.086000272106
No,Yes,1288.2764960561292,24098.90957811091
No,No,184.8980477855268,19866.253279370707
No,Yes,362.2900394337393,20407.591519824065
No,Yes,627.6894882591226,28998.920647579638
No,Yes,427.96740757652884,23892.93913937092
No,No,573.7461318679694,32446.20255522843
No,Yes,189.5856379956222,18363.683100454324
Yes,No,2101.2900280885638,28024.58603554895
No,No,1336.7543975194844,49353.63372178713
Yes,No,4653.994623658305,41297.3587770529
No,Yes,250.07800957870262,20215.316317079094
No,No,926.9802120278978,32444.706412680756
No,Yes,431.54939705667226,25181.3352898345
No,No,237.95978560303692,37880.83281597212
No,No,1284.8618904111252,33256.839452259825
No,No,695.4753466393963,15796.214767194746
No,No,494.4536773401756,33185.20718290667
No,No,826.4626440828538,32575.099484869374
No,No,313.99964762811413,54072.992272863456
No,No,304.42188748783343,60417.53295870981
No,No,371.2709472166502,39921.646849882294
No,No,1465.9595785224728,26728.720891821264
No,Yes,1661.8896320577567,28203.11253230678
No,No,198.6794270857451,16515.074183117875
Yes,No,2041.2057049614552,28173.186930856296
No,No,650.5226726189572,17236.15125495477
No,Yes,1098.9407265359744,27303.870635407533
No,No,360.66239692608934,21393.289391158985
No,No,677.61834304406,30630.10082539919
No,No,236.55620397440066,33058.642238318425
No,Yes,406.53121978970245,23247.496717446673
No,No,1211.417895089569,28771.29337996653
No,No,1231.3647143798626,36867.160309680636
No,No,946.9237589996159,20957.62465322604
No,Yes,562.2066618621909,35624.95609940804
No,No,195.21849344660512,23159.350038588396
No,No,1588.5171672728638,33896.976451815855
No,No,1295.6867373061987,39749.630727935844
No,Yes,115.95876719026377,28229.012566503996
No,Yes,1495.5772120870195,28877.523515544097
No,No,494.20805850341367,17572.33506022502
No,No,1099.2393722261527,24326.080147367196
No,No,160.23078239457055,34858.57849552888
No,No,377.62804593227617,38311.6640829862
No,No,716.6815802313589,46071.28308260974
Yes,Yes,2522.23372944676,19851.867600662146
No,No,718.1067895731248,24450.06006505867
No,No,1425.561373210232,28031.702938891412
No,Yes,952.6148205518376,39266.02494569031
No,No,772.5631488809405,48504.28029734643
No,Yes,1181.422852436059,22263.55620434957
No,No,636.9464042765384,46348.03699871247
No,Yes,1429.1461331925411,19442.60635418387
No,Yes,304.54934763129063,30131.6302834852
No,Yes,768.4836318247558,13797.569030882234
No,No,2221.669348212042,37064.90291783515
No,No,1466.5570311556094,43694.69925029487
No,Yes,1015.8566931337764,21163.566186436878
No,No,1329.7021707823683,39634.157022483734
No,Yes,2208.663208566707,19519.09739658421
No,No,81.39766437310185,36535.43647002931
No,No,533.6603727383444,28684.557421389505
No,No,376.47464926204805,41691.37814070018
No,No,173.05596749131266,20856.323438449144
Yes,Yes,2921.345743630994,16343.477926209865
No,Yes,1222.5518802166246,32589.962322507272
No,No,1297.328053511562,8905.252687885266
No,Yes,469.29670556498394,18962.940195230545
No,No,524.3755850437888,32079.197477108784
No,Yes,796.8397064692211,25921.054688430537
No,Yes,1073.420046083302,20105.354680598506
No,No,1159.8916314572398,22242.392600799358
No,No,1108.064698600106,45762.80413417706
No,No,553.1091585346094,44032.57794663592
No,Yes,2267.2966946841248,20794.971304897055
Yes,No,1638.2833217625728,15593.289878894793
No,Yes,994.4858921507561,25593.176691351204
No,Yes,820.1105688572309,24722.25378531017
No,No,519.4630199407052,26829.412759943047
No,Yes,1077.994597130049,9764.55870094945
No,No,1579.756999247892,30784.45787229479
No,No,695.579623850856,41165.557959581434
No,Yes,502.2003835990947,29870.171350168555
No,No,683.6637276165775,33058.15402823313
No,No,840.1899849106526,27265.265829095242
No,No,237.54198540138748,40844.63465325086
No,No,181.22167734368034,22129.896293668215
No,Yes,513.5984491915848,13966.480378639488
Yes,Yes,2264.1222913239894,22830.776879033474
No,No,1519.4808268351671,48964.47015714927
No,No,139.90738873957366,49339.52166671473
No,Yes,350.1598274050829,14225.555134492703
No,No,1145.9070564082058,29127.4211678028
No,No,474.9597820465838,57838.95780053542
No,Yes,1120.8664211390292,18631.071746467518
No,Yes,178.86133527700056,34788.17357669019
No,No,672.9708310797708,43260.10564393756
No,Yes,743.8168524286395,31786.00676769891
No,No,1301.7191716631214,29041.442011668456
No,No,894.6601913344066,29337.3973645035
No,No,743.2664393527571,24393.838022954333
No,No,113.56681224805985,41488.31434273484
Yes,No,2269.3607634553596,17134.91325394817
No,Yes,1305.6611350640508,22306.196844764723
No,Yes,435.21803476455665,34891.30328815131
No,No,728.9968673334014,39445.400074189485
No,Yes,584.6623428675473,30468.469726073454
No,No,565.9544120525921,17059.5436384515
No,No,1503.3345491360776,23559.17005501429
No,No,290.4848452409384,45341.56479322327
No,No,1120.5395883261765,34757.82468039646
No,No,1546.996674154204,23103.582612998318
No,Yes,1198.5779141134628,27834.702231702042
No,No,589.0828193593286,28164.410522489095
No,No,339.75644796497227,58875.59110656036
No,Yes,460.21800332593,27643.218961785664
No,No,740.5423463108721,24273.881645331836
No,No,694.4434643195793,42310.20184055652
No,No,1220.7651386783723,49647.68316843746
No,No,161.12552248856557,33440.45622425155
No,Yes,1788.5330600368352,18074.467973820665
Yes,No,3274.8945257662263,33943.21518666787
No,No,634.2875651754096,27372.02963538838
No,No,559.3820155027909,30916.850634264163
No,No,603.0146426112701,19611.56631770532
No,No,721.0898141933626,42252.14975163386
No,No,524.4066725921043,22007.20939297176
No,No,83.53069554998882,39581.61929432238
No,No,592.4729988031781,30458.99886180851
No,No,754.6338331291173,35729.014537554045
No,Yes,1921.8367471690074,20127.068436966292
No,Yes,344.3418079988135,24823.519779353264
No,No,2043.677159592033,37826.48034628985
No,No,495.32213770065476,29991.36027234544
No,No,320.0148556815385,16204.562026332373
No,No,1088.2526930260703,36870.15378601373
No,No,449.10330971293223,37408.29218199372
No,No,643.8962330103268,19172.59992569133
No,Yes,814.3879652442164,16582.448523249594
No,No,1044.2331033719286,30022.026396456193
No,Yes,754.8085819779284,7385.961131286033
No,No,575.8338116574986,40579.06117660145
No,No,484.7001341179865,28611.946633929143
No,Yes,1164.3610126135118,25469.993326553944
No,No,429.4929708733993,22877.287306549864
No,Yes,1965.506139697228,37572.41963018101
No,No,684.5216249894582,19294.1055901023
No,Yes,145.05805301018194,19960.685101110954
No,Yes,1007.6887300466178,31843.58617793652
No,No,943.758301722671,22005.845263053023
Yes,Yes,1980.5736254198541,24087.129244301403
No,No,353.66084990274425,39768.43061182057
No,No,308.68943145449623,18435.298403677567
No,No,1069.193763802471,26813.446388566514
No,No,1469.7752747660354,35401.63194475509
No,No,341.1851961065114,38033.20499751532
No,No,817.3623509194563,25277.018877606453
No,Yes,765.0330217301283,36333.97162596676
No,No,352.08971299004577,38309.43638275536
No,Yes,730.2506017776684,28886.565702347085
No,No,1398.7672310661203,40679.89141308295
No,No,686.7753280412194,17866.925958225936
No,Yes,700.1067677717772,22646.60952998841
No,Yes,1235.3966932430833,23336.33888626103
No,Yes,1784.1048012226051,21669.48522079381
No,No,282.2551009533358,35574.58013598411
No,No,842.5853250018488,12427.017052629406
No,No,497.95073596526186,34780.858882099645
No,No,689.1355687173412,30466.845256748682
No,No,1087.9802796631263,12339.588836679046
No,No,530.8771472161029,37724.228221776364
No,No,625.2645133474838,21688.037254936215
No,Yes,1584.8221318139233,20786.35128088758
No,Yes,1112.6298079528274,21669.203013421844
No,No,614.2152442523067,15038.106255429277
No,No,741.4140808197074,16156.506660111805
No,No,700.8121572247289,38953.7558677868
No,No,110.7870475282928,27461.818417792158
No,Yes,901.167732843185,20699.653676056903
No,No,202.30414987569256,34228.416046356666
No,Yes,1750.06925185981,11142.487977568202
No,No,197.54285157996478,29422.94563769777
No,Yes,573.3794835075137,22675.666450158293
No,No,405.53118977546507,51145.351240781616
Yes,Yes,2202.501796903895,17007.95844535105
No,No,1417.032338238915,41388.79581124212
No,No,46.85948885113558,33482.05402316416
No,No,660.4667222369528,22144.099202783764
No,No,239.23199067350026,27170.588032511092
No,No,753.1146383937379,42162.64361627723
No,Yes,1284.5639790076168,28888.968406184274
No,No,801.4229369949286,28297.20339743124
No,No,1116.817718676967,36937.24713887745
No,Yes,651.0487053016053,16190.897122516479
No,No,820.5109167184153,31734.419467837346
No,No,1088.9450322507666,29204.06875241695
No,Yes,555.3907048057049,29972.44085867589
No,No,315.8132529721045,38128.42579069771
No,No,386.63284452177106,26739.32766630379
No,Yes,729.2843071214114,19414.546641500565
No,No,674.4571135947286,33209.50047485337
No,Yes,1027.0006957225776,22320.992164280593
No,No,353.90027236564504,30704.76503296051
No,No,1111.2726354417048,29980.452707442735
Yes,No,2117.0902065679493,47291.86979384791
No,Yes,489.75544255083344,20286.55801831045
Yes,Yes,3485.0374837947406,25549.868419338036
Yes,No,2305.219705752863,57726.688755390205
No,No,672.8205352104845,25035.11069975122
No,No,593.5342681996337,35427.17343489733
No,No,381.82601602439854,35944.64743351244
No,Yes,1473.002248153509,23372.320635256714
No,Yes,849.5981033483536,23737.745388560834
No,Yes,918.8398132341961,17297.108284909005
No,No,321.9885856436259,37088.44382593801
No,No,1251.686005513063,15127.647852102888
No,No,556.7269303007815,51478.37267821001
No,No,256.8761336146184,50630.39283083723
No,No,632.5482534213073,30207.681668430287
No,Yes,409.45480253956197,30812.261899715635
No,No,1652.089678870087,30566.30884703008
Yes,No,2285.5364546007377,33598.100282714564
No,No,646.6563904209711,26690.646110505884
No,Yes,1668.384398994151,29188.404243260768
No,Yes,1640.276985900919,19380.977304329117
No,No,8.899012013537671,41351.54857949732
No,Yes,464.5872432604726,23155.693624249827
No,No,731.8060922680052,33327.53711689004
No,No,472.87500486832766,18586.777154715997
No,No,361.23489809879135,34098.52030594329
No,No,1429.694856588437,22041.588603221848
No,No,457.5456318023574,34115.944415836886
No,No,857.4914177378944,52897.682632366894
No,No,1345.6385191910642,19604.4642088294
No,No,1717.498070871122,32030.94574961325
No,No,258.11349161392263,27145.022591998575
No,Yes,336.08942787860923,16167.771915782721
No,No,789.1166249295038,25587.585226026236
No,No,82.0446994000658,48208.22872697941
No,No,293.03740724210525,50864.86003841965
Yes,No,1536.9802370973287,23036.550652437843
No,No,1051.5111949466045,37509.0921462191
No,No,607.7309167030597,24310.06686443752
No,No,943.0302775884501,26716.7628060927
No,Yes,1323.4670754204278,9105.377963258306
No,No,178.7350400798413,54818.28467799029
No,Yes,540.9238158816141,31138.229968675852
No,Yes,2013.6947217956595,18888.205533226188
No,No,799.4907228156796,36348.3930118649
No,No,834.7396565810809,29500.183399917227
No,No,647.9546668428304,42959.52141035881
No,No,111.70549980105828,30087.439796787075
No,No,402.482071019778,31552.253588000844
No,No,902.8279099122926,26879.467778092723
No,No,459.7166251136585,39538.930123616105
No,No,267.0686930738009,55593.28354464065
No,No,301.4065823873086,30657.409454295317
No,No,1701.13759398101,30542.701291291967
No,No,439.244019507879,33248.59402454136
No,Yes,1775.432863400246,25271.46295771156
No,No,837.5788892663603,30510.228949240252
No,No,554.324941877218,29577.386429757003
No,No,346.2893136954451,34325.24141329125
No,No,1071.4498426113141,15989.314144377233
No,No,1359.1912186147254,28025.99057237718
No,No,1144.2959595921243,13490.068348345721
No,Yes,238.45282965776772,20001.297129529274
No,No,438.2199912157832,24017.398413919545
No,No,483.4364512862187,39769.816647968335
No,No,86.9068995039865,26147.85621597466
No,No,936.2904391904777,29844.87363719229
No,No,1033.2893703279735,12021.498436742666
No,No,1008.1212875581722,43723.955034751794
No,No,893.4384443096139,22636.00113398381
No,No,517.8856715822669,28673.29128058021
No,No,334.3120150377162,41280.96965148189
No,No,516.400863430371,41318.43313243572
No,Yes,1011.025674033047,15674.33963371119
No,Yes,1887.2776859004373,27138.623533240236
No,No,707.7663259433099,22012.713717906998
No,No,689.6803283193367,35823.100448623205
No,No,97.02467257905867,25657.428140293956
No,Yes,1060.3482256613104,16344.21224603087
No,No,1649.6626310252204,33852.487573984516
No,No,611.5272101557428,26264.853023182044
No,No,576.0514259129462,53685.8032461152
No,No,490.95173943195726,27322.23383886239
No,No,1097.0288828870007,21580.435133549254
No,No,91.52560888869873,24511.41827892378
Yes,No,1480.5139213451519,33326.192670783596
No,Yes,667.4484050722007,24233.89026231685
No,Yes,1074.3522572685195,25616.652246957772
No,Yes,1389.0412997808094,29830.562908196374
No,No,298.02186579358647,16790.95565815618
No,Yes,787.7203912355864,30150.137081556808
No,Yes,656.0156983478842,17052.675752027793
No,Yes,282.90450295705716,26261.57046603746
No,No,1351.871160875178,50711.040966032015
No,No,511.8614886903542,25517.377917608726
No,No,226.3893911086597,25103.227538238134
No,Yes,824.8629677810103,16280.021687328686
No,No,168.78222471385916,30120.120747141184
No,No,459.8411210112914,46153.786409860055
No,No,830.2737773359506,22356.964153684676
No,No,150.67461451935432,28562.466081384347
No,Yes,1258.0776333766446,30280.17261342808
No,No,714.8626082616221,39739.51317876599
No,No,1162.1483450969672,28502.843283342936
No,Yes,1383.8566558418381,21973.56412791765
No,No,446.68949903118505,42658.53058314083
No,Yes,548.4149191419348,34522.34592073035
No,No,943.4867937306537,50510.12410536724
No,No,256.52482669099936,47298.01553187913
No,No,258.1496338586255,26799.403141346604
No,No,396.1943364962439,51686.277720355676
No,No,184.7351687778265,26111.235036443875
No,Yes,268.64794470716026,11892.086684582382
No,No,231.26088774663515,34623.615357438546
No,No,513.3756308185548,48262.165180297336
No,Yes,593.3276236544116,28095.37302824861
No,No,1285.930147985429,32762.894858698746
No,No,520.8249030851653,36413.631159837714
No,No,618.6347835309751,38821.320078359946
Yes,No,2018.8529087278241,34975.67294554894
No,No,49.459844285939816,30546.426473118052
No,Yes,927.298876570846,18264.787667776684
No,No,556.8704263940191,34623.21868636111
No,No,831.2080085049755,32274.49569081037
No,No,417.7371389909519,33536.0735370763
No,No,518.1498318703588,43959.94456959015
No,Yes,1828.6625689980071,21716.535716229762
No,No,934.2369170141119,31418.68917455496
No,Yes,647.1117211597794,24779.376296074028
No,No,341.4631848850735,59758.58395317997
No,No,255.64564310303135,22581.036179578106
No,Yes,528.3173366882073,31093.13204373249
No,No,578.1467054107827,30510.06651827242
Yes,No,2013.8546547137,32890.1181357864
No,Yes,877.904534431545,14264.85109101223
No,No,378.0246746057817,52304.6285014818
No,No,49.79521186482011,35725.35841139489
No,No,332.8972894470618,40088.27244793202
No,Yes,528.9161443526194,12958.225602732466
No,No,785.2405327720088,27077.315086891373
No,Yes,545.1731743998369,26337.334374037084
Yes,No,2076.2252709087093,31890.222931352284
No,Yes,656.3087593152943,26576.752555289255
No,No,1315.973407120431,54528.500211406885
No,No,137.29312602967306,38546.13202319663
No,No,629.622358043907,29012.549031300718
No,No,336.01568756457465,26986.391683070415
No,No,1340.944478604519,25846.54032013205
No,No,479.30441755000777,29223.59796816414
No,Yes,1863.2806602172768,20751.633981188777
No,No,1038.5048602423487,34689.15066374561
No,Yes,514.927438032624,27148.264195647444
No,No,251.16791580971505,37854.539578027834
No,No,354.22732066115054,34821.11733108125
No,Yes,622.3742372095666,24858.159118180614
No,Yes,1240.5652527490176,41199.71548894928
No,No,646.2605489120041,26275.687000573213
No,No,1167.1812071280308,33131.46912502389
No,No,1634.2255945967668,15647.2423021736
No,No,672.8113100988015,29670.864144310373
No,Yes,333.147043513037,17158.393904937155
No,No,859.3938049465808,26201.440180616286
Yes,No,2227.727722030733,21642.356515105705
No,No,1212.9843419864844,19978.786794236446
No,No,812.6706298260918,34723.09190987926
No,No,311.3929077174384,40603.330866754775
No,Yes,674.8064519106432,18049.285091917383
No,No,147.09100064407286,13222.320768350135
No,No,237.19777230156757,34610.86417696949
No,Yes,1046.6877667160516,26736.211802055295
No,No,114.35143947782065,40237.30488275518
No,Yes,597.823954969084,16301.123526913434
No,No,213.0677183989472,27440.860283756185
No,No,248.48084204028288,22401.27021511181
No,No,682.172018599498,26107.29129376523
No,Yes,425.58225764981364,17921.61382749278
No,Yes,208.46022360609052,19881.515383302733
No,No,416.5530718085245,30985.63247526506
No,No,167.53958375080535,34646.81159256511
No,No,1488.648880049614,25044.766084146217
No,No,1074.0017328969718,32102.631178262287
No,Yes,1284.7960102217514,17102.222689286547
No,No,325.63105061933067,15947.80025599046
No,No,893.0118533275595,38906.112039619526
No,No,758.2220730001741,26871.960283607164
No,No,347.6840320887749,16169.083848441453
No,Yes,738.4507783265783,27373.54361099098
No,No,139.6214076069728,30991.822323932924
No,No,257.4664659154271,38028.11393305071
No,No,602.3046941554611,37683.64493177354
No,No,436.8144856528539,22556.484968656165
No,No,837.2969392860039,42804.82450923525
No,Yes,427.03076909586355,10621.056509303977
No,No,490.9907333464859,29528.338261437577
No,No,641.7676254692196,28866.172919522716
No,Yes,396.6303931650175,18013.71543551014
No,No,484.2154366104744,45760.62033644951
No,No,754.3176889950804,36512.478930185534
No,No,1775.058572719135,19418.716821494476
No,No,332.26829576092416,20865.51475252161
No,No,438.5542612872508,55042.27408105352
No,No,1204.732959305515,28731.331972765303
No,No,1412.7915666111705,25539.511499657656
No,No,954.3719830093371,45064.564877672674
No,No,1388.3893070322636,15728.919786124436
No,No,315.9462053562652,47370.10395010795
No,No,1299.7293586322244,25521.39431138271
No,Yes,1320.6471454047748,27054.258756461477
No,Yes,294.38581301472584,20097.726392252316
No,No,496.8166676985203,17756.36642676428
No,Yes,80.9284955056189,24699.272972199433
No,No,713.9039238020874,42977.96278832903
No,Yes,1540.3992149027952,7011.160598358561
No,No,420.09601451900016,21942.587263990084
No,No,272.91507765630803,45878.94201242359
No,Yes,306.83187871856035,26233.36865360659
No,Yes,761.3581615164779,26697.99390334896
No,No,948.3479475199798,42808.8487168515
No,Yes,2159.875613675801,26724.958185240106
No,No,60.160153768328016,34974.69035582915
No,No,1656.0429184741067,44661.41012930935
No,No,742.7412265514052,29598.92516190319
No,No,1242.4556674473483,33334.22774504055
No,Yes,1267.3337581859457,29230.989057340907
No,Yes,797.4788082951081,18095.9118550721
No,No,645.5864488219632,47748.93676638832
No,No,854.6445237601775,36413.44461114156
No,Yes,633.4236101477335,15407.748523578673
No,No,561.9034339711044,31564.149232965
No,No,981.3779546277501,19642.133435948093
No,No,331.21283641030084,34358.95945649484
No,No,1323.26105455469,29711.955259159477
No,Yes,1499.4870972961205,17397.065500080218
No,No,440.4166391844511,15698.632521041534
No,No,988.2427947913078,25582.22223481994
No,Yes,1081.674355680456,22185.8021366721
No,No,403.4590468897567,29779.990594849005
No,No,1039.6826248915224,19298.461979064272
No,No,1736.2300113832957,33714.14064494879
No,No,1353.9184132813702,23644.661584008078
No,Yes,206.0199029895018,29903.230383709422
No,No,923.8114249092758,44191.29436074299
No,Yes,1451.4456504408436,21650.45075106325
No,No,381.67960151338275,49261.25957410655
No,No,1323.4296585809632,32090.36464687499
No,No,345.59326021754333,20495.095960997813
No,Yes,628.2853049342286,31746.593858601347
No,No,357.3836218673807,49641.14516094279
No,No,308.4050886979045,43446.224192749956
No,No,853.6651510341425,25861.51337266041
No,No,188.01328458355883,21146.367246267087
No,No,546.9259677697878,29997.038879559983
No,No,853.9764792373179,58264.06231385264
No,Yes,434.0784744512319,15211.830756979109
No,Yes,1774.9620222808871,29195.28577604562
No,No,581.7128866837465,32574.653061381392
No,No,1919.8741240586312,42941.52191423082
No,No,167.03620282745163,20900.117157970235
No,No,878.2107580513797,31004.986001204226
No,No,756.3923042219831,24519.50324894746
No,No,478.98230503617407,25088.491208857147
No,Yes,801.1127575730847,28606.50127976175
No,No,972.7747036911555,22309.536217511577
No,No,1104.203776672238,36398.69293542564
No,Yes,716.0247993048449,23840.428605770605
No,Yes,1063.6101252193891,16773.363274089425
No,No,329.8014084012565,26122.7894230859
No,No,1119.0227921717556,36839.32487030487
No,No,1674.724139561366,33248.63553084593
No,No,1178.5479873369945,33882.94487252046
No,Yes,429.64312824301504,21821.78577793154
No,Yes,341.7659521365165,21368.73751771793
Yes,Yes,3267.0483829041145,23299.065174779094
No,No,1601.6710431643862,47892.02264319429
No,No,1106.993095621129,38790.82981729761
Yes,No,1748.2319004825258,32191.104936968863
No,No,651.1606865493368,22681.583716265464
No,No,1092.973845443163,29309.69765845308
No,No,1468.7139547835482,24297.55969098372
No,No,527.6496746018765,25534.1371241408
No,No,923.3296559258494,14795.524270236634
No,No,1360.8901803888273,33387.07777234011
No,No,266.79981315519115,54177.271393009956
No,No,486.49606671873687,35461.68998466214
No,No,1340.3551335613558,40774.07134994192
No,No,771.6117752120107,43097.984620734154
No,Yes,837.5627336612232,21443.11087431815
No,No,637.2437581520763,31302.48314142386
No,Yes,1722.1227254984522,13673.33285019082
No,Yes,352.7692944840721,24828.40361684931
No,No,460.1605283243496,34058.89279539999
No,No,186.3878034526582,24938.15545955054
No,No,514.7721827097745,44985.43015023203
No,No,743.9992452907628,25733.648400580067
No,No,97.31972772578656,61973.73852845006
No,Yes,401.18166824747976,26274.124030086088
No,No,770.7486302058455,33281.26862455319
No,Yes,1095.5824323421518,37022.59491444999
Yes,Yes,2413.235661486503,7468.750643933419
No,No,1011.2723742878325,30637.781521402736
No,No,578.8967294702536,29164.528279246068
No,No,729.2514436030117,31688.632370073177
No,No,747.9495000003644,35761.23038548271
No,No,460.7682822856435,31394.22038463049
No,Yes,954.1225698628895,33257.01439514409
No,No,442.6461938726223,37853.734672679784
No,No,824.2481661408268,38339.894646399734
No,Yes,764.0936182492795,26686.420711109415
No,No,558.9623745109986,20615.99866457473
No,No,571.6018152996172,35519.6614261734
No,No,1129.8277669102556,35864.666759310436
No,No,1056.1486631873522,22256.925936786465
No,Yes,643.9365699682952,29651.99982342385
No,Yes,1319.916694738018,9188.1044265244
No,No,627.2819315621027,58697.08077376307
No,No,634.7129769831706,33124.71034874357
No,No,461.0985838629661,24945.482882310993
Yes,Yes,2248.792854690828,27774.09769470697
No,No,1745.6407606438113,39761.537138231826
No,No,383.9552161447408,53961.14197668432
No,No,511.8131203606457,51321.76215668243
No,Yes,1044.6296508681744,14141.170186805144
No,No,987.0945557606266,30799.540554439624
No,No,271.9479124756387,24403.456519793515
No,Yes,378.49696166339066,28645.086219947207
No,No,989.2838469504725,47650.057528240446
No,No,170.15155122208714,20334.146140969744
No,No,386.7790117064841,32867.954655477624
No,Yes,1460.186411789458,19026.947766297293
No,No,1178.723763063142,41944.399482528876
No,No,1806.7743365990596,37594.85457883598
Yes,No,2210.802720871008,45258.142234156345
Yes,Yes,4136.50580399318,20502.56075293293
No,No,499.97359714768146,32333.507531109433
No,No,409.00123937581094,37441.149744146096
No,No,894.6928515049867,30789.498304641227
No,No,190.9309816077536,36490.01536216348
No,Yes,660.9834605151045,32341.03895376512
No,No,742.4922433164895,54835.97279540812
No,Yes,1132.1245379937477,20031.684544591662
No,Yes,1219.633420200719,38482.73192945989
No,Yes,645.0785471839667,19933.95130946046
No,No,220.5926894475377,42189.26562284506
No,No,268.54948997339875,28556.03931917235
No,No,83.47047510534,23204.071397435415
No,Yes,505.6701468706514,32009.082070596847
No,Yes,223.76175408183778,23105.95148723011
No,No,445.99974323884214,46339.983334151264
No,Yes,1065.9405491647321,28714.098322432204
No,Yes,270.77892559859094,26327.798989197847
No,Yes,854.2219662241648,27308.09182680757
No,No,533.0001411785931,44386.4354329881
No,Yes,1026.1053781819194,29935.137027774897
No,Yes,1203.5058015110183,20618.291655165332
No,No,506.9662124175455,37729.34431845203
No,Yes,801.3836826502414,33954.307709945126
No,No,534.6607411819372,33952.90447294867
No,No,457.3363604067678,28559.073337239686
No,Yes,444.4467272578292,19100.315872765852
No,No,938.519276890248,41991.54304080206
Yes,Yes,1917.9833920679052,21767.02405744752
No,No,1472.7164023536086,37122.350395549845
No,No,205.53852814976543,30619.361101298324
No,No,1578.6029087277634,45239.45657701393
No,No,299.6557506399204,35002.16414253498
No,Yes,891.2464745452493,33447.184863632996
No,No,842.1499194944639,47415.44083348085
No,No,156.3440439493396,32618.55081035582
No,No,580.4846448687039,46833.4392748678
No,Yes,1973.5267437223376,21085.616194362792
No,No,51.9641650910491,36161.46976452199
Yes,Yes,3429.8077363989246,17992.047902051003
No,No,78.82169522099296,39435.551388401174
No,No,826.7394617205744,36512.96349315738
No,Yes,197.36341225295402,27049.39228854928
No,No,923.7842380109796,19898.72381591713
No,No,1429.237880894075,13606.441329410514
No,Yes,1410.2274547978277,15521.583620830572
No,No,1309.866085154095,38491.18648127236
No,Yes,643.8809158490562,28164.171758211633
No,Yes,1964.3444590663996,31355.35754514169
Yes,No,2444.649044390662,29454.888326808865
No,No,714.941911355631,35586.4201779814
No,No,488.867688812099,26489.73766253014
No,Yes,407.40394815874873,33021.77769666905
No,Yes,1347.602924100793,18484.555279212113
No,No,1352.7559624964417,45285.28536008707
No,No,489.04368322404406,30986.87829759508
No,No,1878.5574950847454,49252.45606769096
No,No,1058.0745608170419,35329.57663392723
No,No,708.7921148025757,35110.873689271815
No,Yes,1015.8076435461294,18171.439196867534
No,Yes,330.7071500261625,38619.1195073921
No,Yes,1336.900828971723,30385.71044243493
No,No,292.82653900411754,38619.56209551114
No,Yes,526.501882193429,25126.882349774518
No,Yes,755.6957346362557,18824.867933256934
Yes,No,2195.5881968773133,40232.71044960149
No,No,797.3762484897894,32832.97374534276
No,Yes,383.9118798282986,23852.642960766454
No,Yes,1018.5918517662443,29686.79367154858
No,No,1013.6572994962607,36344.52657628331
No,No,1506.3666611033,33681.5076616078
No,No,654.2036543606232,47856.482854186674
No,Yes,436.8155397225847,17717.907763070194
Yes,Yes,3099.360302865586,11865.862478021667
No,No,850.1838586499528,25540.022833806455
No,No,321.71745338262946,35020.418107652746
No,Yes,779.7090034528356,28311.850728025507
No,Yes,526.7262206884843,18241.202244256987
No,Yes,1881.8598547563556,49262.2676104881
No,Yes,1208.1477629710205,24725.126681112335
No,No,517.8161574012641,35017.81568406694
No,Yes,1623.972340801745,14422.558445153058
No,No,609.7259313523045,19072.012988509385
No,Yes,765.886383647753,10968.331747529168
No,No,355.29130179940654,47214.190019041984
No,Yes,423.3804198194918,31937.156656604395
Yes,Yes,2965.5025084217964,23439.831808555
No,No,1309.8460700711419,21350.883552162522
No,No,100.46205096918041,30724.749888600905
No,No,286.3801886654355,47714.381748525055
No,Yes,280.5033227067408,19920.91581512471
No,Yes,837.699072657353,17135.70053090342
No,Yes,569.4470329835676,20782.998403523612
No,No,1781.9348439519383,30571.390503924948
No,No,511.8277471528011,40880.86795904378
Yes,No,2307.2829243544566,11427.68794823976
No,No,624.3304586086764,35193.29110663876
Yes,No,2639.4902110978715,26531.857595763322
No,Yes,681.0516554465465,19701.20611713032
No,No,576.4457952453563,41044.59723330304
No,Yes,1547.9543110905768,14337.345856887574
No,No,1162.799997166317,35299.303118113385
No,No,197.04291450956936,38312.74454649719
No,No,710.9229571979045,39296.07350137932
No,No,470.93608978101713,40568.66783741549
No,Yes,533.5530642361964,27453.335082587735
No,No,708.325584989846,40692.658541312514
No,No,528.660147546285,24691.976691371172
No,Yes,918.8523717434599,33009.71579133995
No,Yes,329.44977339426697,15158.054190306577
No,No,152.75026565391255,37203.44489449318
No,No,1324.3560787915235,26691.08426780116
No,No,1466.8641516545097,16321.862679153448
No,No,1268.036691392999,27798.901489995034
No,No,684.5539875939148,32315.499435345504
No,Yes,595.7365139002566,33158.36183841773
No,No,395.6143616114266,51696.725713055435
No,No,334.66913944069864,32203.592907543953
No,No,624.8671002522158,19609.711793968192
No,Yes,1730.8189404484644,14307.154687946724
No,No,367.49977370602824,41218.69312742343
No,No,1444.0419731727336,40581.57255807826
No,No,161.47491177407622,27426.323818766246
No,No,795.611012739561,21757.720702176375
No,No,920.8992673996682,43422.747294398716
No,No,432.204846849978,21220.108167194085
No,No,258.044619162822,29056.878091630846
No,No,1206.0071834699659,38234.924354200266
No,No,688.5365069742672,13490.945515451374
Yes,Yes,3798.6257922591785,30123.437786652426
No,No,1457.354931799662,57302.81370228669
No,Yes,1758.3108302086011,24247.2217530538
No,No,36.968008644913816,33153.47389636338
No,Yes,448.7030870455188,23760.27804055829
No,No,229.80193770846915,35748.493887052995
No,No,77.73854126735864,26200.266049232858
No,Yes,776.4858071301636,15579.671390083618
No,Yes,1422.1895944332855,20978.235932965905
No,Yes,339.1932050098098,24525.213439057265
No,Yes,100.68732140746279,16461.126919743452
No,No,304.9455465707384,20033.91373110594
No,No,587.5287256727962,29095.798724256558
No,No,553.770805634432,20165.886138631617
No,No,672.1272905229922,40217.969451862475
No,Yes,1088.522726803203,-641.0547302962782
No,No,659.4769246826376,21818.66075807646
No,Yes,1477.6844701718858,33344.708635670926
No,No,287.61671456870545,31282.815061882175
No,No,535.39077671397,35339.29326271597
No,No,1016.7013778435787,32210.802919938098
No,No,822.6712684499925,27226.81679546956
Yes,Yes,2557.669408696997,31116.351697098697
No,Yes,358.75588949064803,19446.968690847567
No,No,1029.8158221610643,25215.18440212988
No,Yes,469.6429377731657,28047.333848607585
No,No,354.871972358635,14193.477652654798
No,Yes,1677.787790335103,21452.035353313488
No,No,653.7436989987257,28310.429173565226
No,No,812.3556266067882,30458.453508787985
No,No,417.73571978356506,28616.162304445905
No,No,438.63670518218834,37250.875717338466
No,No,149.5160343488837,44496.86220039963
No,No,765.1923922370602,38093.36924785648
No,No,262.035236392436,30130.863821323157
No,No,596.1334564571737,39814.33425207194
No,Yes,1476.5763682958968,28690.13908775396
No,Yes,128.41565923289545,25976.50106093102
Yes,Yes,4456.823022724769,30790.54926131477
No,No,348.4524956819678,10026.043535866149
No,No,609.7115308395004,33767.64397752239
No,No,811.6178535331084,36578.53443626703
No,No,338.18118246373257,18687.642883590357
No,No,451.92065413656593,35707.71218421698
No,No,1429.4277379554812,42649.50658539249
No,No,1138.988035721874,31261.252488186332
No,No,544.535976507313,40065.39382136026
No,No,665.7227455046794,43727.53328670647
No,Yes,889.9167024695395,32847.24640513853
No,Yes,1197.5110580860826,31585.077165988685
No,No,1049.3345691129016,47156.06766250685
No,No,1029.7773102076785,28504.524644507917
No,Yes,571.8646374571678,20719.073535218227
No,Yes,868.6119776380891,6135.878744322714
No,Yes,1591.700122118659,15993.823539878133
Yes,No,2578.48864858084,45684.490601191384
No,No,708.6492069903971,27451.434926718597
No,No,424.7409770955705,37475.88372851199
No,Yes,399.0289571854827,25135.086266197464
No,Yes,1242.550303784226,32134.803156003396
No,No,142.10427777896174,13296.177297017526
No,No,1042.8688957791765,37026.30094842741
No,No,1055.8641315895609,36863.673927668584
No,Yes,525.3277294334691,17445.41769152698
No,Yes,958.040000179661,30171.72747725789
No,No,559.0555750857908,19509.647034094418
No,No,188.1175841508048,44145.358472303924
No,No,989.3121807658764,11943.142403846188
No,Yes,1112.072354803112,17115.558202270622
No,Yes,560.7372416423436,22470.78440125407
Yes,No,2552.1911657938103,35676.5979446459
No,No,669.9675131074974,14819.162516310818
No,No,95.25107150923259,43929.09395584891
No,No,1374.2655773364406,41035.600250617324
No,No,1162.2138058602131,52533.13081424247
No,No,1258.8633906681446,40521.115994891356
No,Yes,330.98911567246233,18295.129926793325
No,Yes,939.2622769683059,15950.907908131838
No,No,661.335043734929,29294.084655599596
No,No,580.8492375087202,55308.15049704185
No,No,1624.3475202849727,33976.071644461575
No,Yes,812.4548308175536,24081.777246412592
No,Yes,576.9340873649614,33106.226414111756
No,No,476.83830342723627,21854.711739214763
No,No,256.4915652620435,38889.60281037568
No,No,727.8013168067286,38663.43000544056
Yes,No,1708.7406705723872,43073.574551117774
No,No,513.3212731937791,42022.93450300673
No,No,815.3383532057992,32913.088470706854
No,No,573.6639587727551,19668.871488447687
No,No,623.0684997226974,27851.199532752464
No,Yes,1438.3630122366087,29344.671775289047
No,No,253.33288393965643,52043.756268968136
No,Yes,189.49199348773604,14889.470717478736
No,No,1375.6877815325915,20612.279848115384
No,No,427.8964375129871,17760.96575801729
No,No,485.46902283230395,25829.500863063957
Yes,No,2914.543579793338,42975.611856380834
No,No,1157.138974989152,46661.91170316427
No,No,312.5414918762905,12713.430836417498
Yes,No,1441.8561116256683,21448.25479516277
No,Yes,1411.223923717004,13704.403909338324
No,No,9.225693493721279,24823.237120881666
No,No,748.0888301254233,31276.523116304823
No,Yes,318.51833302247763,20668.081279730814
No,Yes,746.4771465250491,27046.734566434727
Yes,No,2583.862835068698,14233.54329425002
No,No,1234.0354975785533,28294.789200743726
No,No,1350.464316596925,47164.00969509437
No,No,574.5814549080678,47545.11808423396
No,No,1354.7498282933536,50147.45732722705
No,No,359.1603131069956,37432.5373066447
No,Yes,889.1677636299675,18864.410640071146
No,No,1194.8333745703355,35248.623424948826
No,No,1169.5591878820464,58777.1847904853
No,No,168.51562667355373,28194.354288633454
No,No,2221.2092204965265,51828.366920290835
No,No,300.73606468630624,9132.097082680837
Yes,No,3256.3280575183144,39219.85361871494
No,No,1219.7094781099074,39972.65154371693
No,Yes,1377.5327782515621,26065.1023496253
No,No,324.8514538492348,37890.643258527336
No,No,443.14620643938065,38732.15491932788
Yes,Yes,2524.288406215606,27439.92233592315
Yes,Yes,2309.142443371043,21134.82289459031
No,No,587.3740000463727,30789.690706317942
No,Yes,658.4453286031937,13924.289215640802
No,No,561.5999967893432,40824.89041406112
No,No,1448.583429178177,46522.75857744767
No,No,1353.6921355960988,50943.84618175991
No,No,887.8879711720094,25289.19990285718
No,No,746.485872726578,16259.203013750477
No,No,582.0831490370248,37263.108297333536
Yes,Yes,3706.4322666069274,15360.617142391528
No,No,188.66288636633362,39217.68262972008
No,No,490.5633538870778,11446.551633193394
No,No,843.5656030484722,44372.09461771397
No,Yes,182.3323751626667,24522.962430474247
No,Yes,502.228040520082,10000.630628588458
Yes,No,2561.9582401160465,36540.82646032703
No,Yes,1550.3878235179443,24114.730424071855
No,Yes,498.79571120621006,27110.252466003396
No,Yes,486.0557155480516,29064.095219109797
No,No,190.13057075507305,9336.878903264536
No,No,465.9523281385132,28787.924417718074
No,No,1005.5377695069012,32609.699749669966
No,Yes,1061.5217350903629,21382.392671235204
No,Yes,583.8404754994293,20992.800470730974
No,Yes,356.1292635180474,30831.151590067442
No,No,575.9567360756254,16187.349320326903
No,No,565.920676803005,30585.16287238279
No,No,1178.2688818542026,31377.435783263893
No,No,793.0436791241003,32405.75936202734
No,No,715.6524500363001,23726.860115237287
Yes,No,1536.4704675091486,54917.46387950535
Yes,Yes,2294.977668536547,30300.12029374265
No,No,876.779354154662,55615.35409943589
No,Yes,1071.273347982982,27931.898634255067
No,Yes,729.5656961759398,28785.966469988558
No,No,321.00114541855703,33456.180566467876
No,No,1244.4962594999447,49130.83124674692
No,Yes,1296.5772520047005,27408.695942701786
No,Yes,776.8726593815388,22115.458075800623
No,No,794.8732506719182,51965.716502943964
No,No,1467.3701395736953,20471.82385746811
Yes,No,1637.2574829962825,26178.829944415236
No,No,39.36284126539964,61606.17924246237
No,No,392.4401702515929,40207.03458838606
No,Yes,774.9112666005286,5017.998691845748
No,No,256.02062825684044,43689.320177835994
No,No,810.5961332556572,23268.963935848835
No,Yes,492.5257042938256,19429.80022261183
No,No,830.9862654623856,59009.400351939315
No,Yes,505.3206709819363,35038.613572666676
No,No,436.4366631183529,53481.11535835361
No,No,826.2890080119689,27427.011252247932
No,No,1282.3906279151468,30588.934224051245
No,No,1036.2832162182838,35686.6562259189
No,Yes,780.0266417613005,29528.780607812725
No,Yes,126.35709680212892,21056.112103478365
No,Yes,513.0792014857847,36598.61242428377
No,No,388.9134876563711,38411.85726784856
No,Yes,1352.6516075303387,33886.51781194435
No,No,751.4269061193945,25700.103429878392
No,No,772.4937392343071,29311.21427706171
No,No,334.42082006993894,35956.741768549735
Yes,No,1681.8885771035298,28908.839491911804
No,No,768.5798825489052,43977.24399020207
No,No,316.64325236417824,44176.477117166505
No,No,337.3907986155001,31109.36920412562
No,No,853.4538705765826,40079.71180799909
No,No,305.91099518493945,53918.54086863099
No,Yes,471.91178006731695,30762.182131649282
No,No,244.34814148652882,40020.01455852749
No,No,1120.7244060070564,46453.16761604936
No,Yes,374.9968977840736,35215.741171059206
Yes,No,1870.4569824645298,48679.14286223012
No,No,932.4990835696584,32780.213962826114
No,Yes,292.1121176768428,29765.99499910348
No,No,1029.5438153989326,30519.395392858
No,Yes,2020.6586776346876,23068.891363363826
No,No,628.3488019248007,38292.41619854591
Yes,No,1817.5752659298666,19015.538176785965
No,No,945.3142603654555,37186.43140449747
No,No,410.80570030012666,26585.58624608544
Yes,No,2588.5038386005804,21638.897222718624
No,No,184.7980712105591,41449.14061709245
No,No,513.9353497270773,30892.138126276062
No,Yes,780.0405691967561,24989.90877797056
No,Yes,2766.363522151567,21795.376232866773
No,Yes,1366.9138433081996,19133.49127349795
No,No,1007.2343522698633,34675.70438480949
No,No,358.5050974478188,19877.51752804267
No,No,609.9225563034495,32537.60962611256
No,No,419.0706244060908,53307.33198285142
No,Yes,1179.800348419996,15053.664089870772
No,No,1506.1706471610278,47761.58300716195
Yes,Yes,3573.5094878381065,38057.58463104673
No,Yes,551.4963755541564,17951.4426924587
No,Yes,215.31388055589153,25743.26270839331
No,No,520.965957528919,20502.706298845394
No,Yes,1641.2048275921295,13304.406970008638
No,Yes,384.89854674756225,24620.19009054481
No,Yes,801.8977836714727,26314.261146661753
No,No,1016.4288363403624,27830.84930477838
No,No,467.418093225436,22190.06160340734
No,No,793.6347064319689,25660.72609117133
No,Yes,351.9483922659379,29687.653025319632
No,Yes,1893.4765644447912,29735.469768663243
No,No,553.1625508016461,39925.09061222558
No,Yes,931.8162860911572,20750.770629458926
No,Yes,132.74081205369404,15921.068119171587
No,No,256.70671950366204,46627.606590060415
No,No,1336.3763661596981,49911.679094724386
No,No,461.9553921453028,28250.923025936445
No,Yes,368.47851823070005,22337.695673986866
No,No,164.7155717347175,18829.491102393942
No,Yes,1869.2546048721133,27187.56178641342
No,No,1104.5810052170527,54257.862212419954
No,No,1053.7617678700435,42936.308178168976
Yes,No,1983.715759140701,55619.98199534136
No,No,514.3560980209719,29596.159005897083
No,No,181.6690081579258,20423.85159811977
No,No,698.5513235779099,48543.08002702377
No,No,2238.16273031343,35218.04490716004
No,No,709.5249739706342,24569.426953170925
No,No,1479.507623773239,52223.208407197206
No,No,188.9342669124937,27439.308209036033
No,No,352.10940330247786,22302.10124664553
No,No,1281.7702172387421,39516.10482587559
No,Yes,917.6574430624253,14337.763146620135
No,No,619.3412875906918,43723.50688996434
No,No,1465.6320686330685,21976.876880781972
Yes,Yes,1523.870095042203,25210.430242639486
No,Yes,936.2775749365721,25666.757618529882
No,No,40.18061729197234,36149.18337225861
No,No,676.1366870142077,20623.061861345894
No,Yes,1109.3001716573156,22088.280100633492
No,Yes,136.99622623650586,33065.11676536196
No,No,901.8360608878147,31479.832813583005
No,No,1511.2056377268605,21991.1965672387
No,No,675.1580879937528,29049.289008645395
No,No,275.8539237436045,20917.034716561302
No,Yes,58.24221234741185,8177.874387892005
No,No,914.927187251914,31735.590826470245
No,No,131.3783866359615,34500.10499341805
No,Yes,1257.1258309951422,28342.194543492322
Yes,No,2166.8739134428843,38173.6527148514
No,No,366.7238328777579,39646.474157096985
No,No,564.2853216698115,33089.29470016325
Yes,No,2249.267333450253,54774.99277102569
No,Yes,887.1744446061509,17559.49389922482
No,No,465.8052963414344,30328.887192489492
No,No,1367.5979814335835,50086.36077616582
No,No,487.3048131166805,29600.88806920013
No,Yes,414.5627414013701,22678.479059210767
No,No,1036.1483608004778,37541.84641918113
No,No,1443.719062947745,45174.611897113704
No,Yes,411.91659656717445,24444.02173665545
No,Yes,943.3328626688469,17263.791940777675
No,Yes,701.0171083282561,20579.462129688625
No,No,660.4904362283169,38900.06104902134
No,No,278.4195324398284,30548.899889265456
Yes,No,1092.889597713459,28826.99023118065
No,Yes,2238.3552409273047,16926.00155728943
No,Yes,403.5147453122945,31804.376206840745
No,Yes,1310.7001157739974,22598.957375733746
No,Yes,1615.0904400153654,22643.340379795576
No,No,781.7907741895871,40298.896747060804
No,Yes,1271.5577259348586,13913.479762801615
No,Yes,446.40588373150666,23743.90987640759
No,Yes,2154.4275522276316,33987.252082136394
No,Yes,1741.5133910017098,23003.165578915934
No,No,1565.3203685488375,35695.15616162685
No,No,235.37570037345623,35471.70843984466
No,No,965.7658073056849,44113.44371752832
No,No,396.4514199478968,35512.24931020961
Yes,No,1898.8715814645282,58185.84893662669
No,Yes,411.2567653195162,25068.934350330797
No,Yes,966.6766771221994,20399.73054540753
No,Yes,94.85206122099163,34033.62781608641
No,No,802.46948651851,31393.13862296284
No,No,238.0785908981188,27503.985511133225
No,No,1001.6104166437792,21615.72791041188
No,No,598.0371798901144,38287.5910592481
No,No,499.2371530358502,28925.396807677906
No,Yes,2317.2533885878943,18008.519377513247
Yes,No,2707.145907545411,27841.86878382539
No,No,173.6928571908608,29866.795406943842
No,No,512.5883615441085,41827.14721930327
No,Yes,1459.675731089164,26834.751117549673
No,Yes,1063.0524620098033,22438.21845686125
No,Yes,1403.8997874832462,27375.874386617394
No,Yes,758.9285173787055,22705.61567360211
No,No,1492.5209951811487,35565.666125049465
No,Yes,935.5873706237038,18781.418360575557
No,No,924.3134508997198,26922.960140320687
No,No,238.35837853848486,35013.475675130714
No,No,721.0331776048662,35035.902563447555
No,Yes,1470.7377739844599,30528.26578751535
No,Yes,1020.348921604404,26945.272299592336
No,No,745.5375355906821,28580.533215801985
No,No,966.5858885069011,20699.270926531415
No,Yes,931.6376926124403,29628.135782554575
No,No,648.9765876551243,36816.71100858596
No,Yes,1502.735885310784,30234.55959434978
No,No,614.4822291393928,38087.627959741745
No,No,224.00104815255185,51549.62523081355
Yes,No,1873.0282031249235,31336.20161821766
No,No,406.88838322601686,33914.082674733094
No,Yes,197.54012578947814,28983.295122844465
No,Yes,1264.2145327761784,29491.11062266508
Yes,No,2034.011591093996,36770.95955392599
No,Yes,1285.6985932870573,12312.339899168262
Yes,Yes,2036.029544083836,11074.240759315875
No,No,309.4620801594627,29640.506401033883
No,No,227.15929584412274,33718.150505560036
No,No,511.06545268541026,14820.149782795084
No,No,1417.895310077606,33201.90787733572
No,No,1004.1512278554109,40011.87118902724
No,Yes,1269.3696910041717,23035.601948418014
No,No,745.2030914107454,36451.26552865291
No,No,519.2690502271552,39378.17564457709
No,No,770.8138729509395,17487.31873514435
No,No,597.7518087662405,40025.81820889264
No,No,490.14222168663434,26164.662553531307
No,No,903.583142406708,31118.937575093347
No,No,553.3442622784137,26889.081505041475
No,No,829.6041420252811,44238.8641614807
No,No,90.78165579612822,21775.804373280913
No,No,779.4559019858551,47313.452682112074
No,No,550.5828962115294,57418.27719642015
No,No,1758.3372098954687,17988.799261244036
No,No,156.77805511694513,27639.466355040033
No,No,736.6945669608502,39624.477252166005
No,No,1235.940315142147,23565.50157967292
No,No,616.6848337796679,30781.25168090546
No,No,535.6495240549044,35258.772619191346
No,Yes,1479.5958668784258,18460.25289609036
No,No,986.6037498885266,34319.831387371894
No,No,1040.1845228600987,42987.362744277314
No,No,490.94797440395774,32716.848897038322
No,Yes,529.7019650019622,16179.419105303448
No,Yes,996.4236877115184,31604.2063997733
No,No,1304.639980583087,47390.34675548198
No,No,196.55380895920405,37185.796987868984
No,No,633.9917033728159,23682.0764972713
No,No,458.1589726534858,24722.72736313201
No,No,694.1241049344333,9815.655642879687
No,No,1155.8949424072964,27578.72524758647
No,No,336.90713703506333,44155.79444485567
No,No,1066.6974746751964,26660.316825539463
No,No,504.6219130252613,23940.673790948895
No,Yes,1737.062573074104,30610.19091598291
No,No,354.6992821254795,45012.79688627503
Yes,Yes,1550.6111615846487,19697.081851955743
No,No,218.19841738235445,38594.489674107004
No,No,789.8852878177722,24822.47935312571
No,Yes,1299.0898431164258,21051.57499892867
No,No,363.08331871716695,15298.89692187342
No,No,470.8499347957425,37101.02146072772
No,No,699.8556152188755,32470.86470236748
No,No,534.127700149055,26780.72675408447
No,No,434.87151190627935,32579.69966410657
No,No,1245.9526760295953,31349.49042587356
No,No,1548.5166253479433,25227.539412079357
No,No,1487.3144228883416,37485.507704669515
No,No,957.4194726724631,30520.508171335376
No,No,1051.3508398997164,32157.197330890736
No,Yes,374.0785726255555,13225.370441080317
No,No,651.4526642270647,32243.824205739078
No,No,743.9678560610573,31706.700331173302
No,Yes,1022.9845050296705,17670.701437890162
No,No,841.6325518980096,38815.43744504293
No,No,701.19290031467,12421.914783675402
No,No,949.5249527877586,28678.016228608194
No,No,814.5490368341246,36599.54427346776
No,No,813.1855997776584,54485.09119579856
No,No,384.5482324750497,19843.270650014547
No,No,249.64185652419565,34386.27462768401
No,No,855.5712741127902,38979.02793000147
No,Yes,585.4520060645563,23893.43549351578
No,No,400.1097930228129,21176.564076692288
No,Yes,1322.525653046601,20064.29180102469
No,Yes,788.208827496846,6358.4598875660795
No,No,1701.8409024829452,33538.659348320994
No,No,1021.5617376741524,19341.0726293356
No,No,364.278798563985,38056.60940960781
No,No,1111.585440365082,26965.776212517652
No,Yes,1101.131324739269,18217.396235499356
No,No,352.3894514922213,35165.50257603408
No,No,440.5816588255463,36102.56563623652
No,No,1075.3080757699836,42212.84301885559
No,No,123.5052149245453,30886.380832068855
No,No,75.19042558893095,32442.18535121854
No,No,779.869225685587,19636.75919221592
No,No,737.510849185591,47983.99423251863
No,No,831.4602075367048,24155.595429797253
No,No,739.0757827304515,40748.34698669547
No,No,940.9220641777736,40821.87292463823
No,No,1562.7817596636717,37499.02654727976
No,No,689.9389735618605,31126.096260735136
No,No,180.7868800157638,29872.642318110717
No,No,107.0091022501369,32859.236826599845
No,No,523.1411712557107,14461.114681480147
No,No,534.1028610029248,33239.009636986746
No,No,213.21202678164957,48357.5093966304
No,No,58.040626986652185,31241.485111277638
No,No,492.74057458213196,33172.5983323045
Yes,No,2027.1472890529485,23258.82460229376
No,No,913.625725563899,35356.87308842274
No,No,857.3476842987228,25720.308363803368
No,Yes,723.043133593556,29398.99551216476
No,No,522.4407383917098,44913.282628968904
No,No,980.0981213441661,47095.966254836545
No,No,238.5995550484614,19064.57162502446
Yes,No,2379.2340330432785,40727.10498985391
No,No,256.10847607979065,39969.899448872995
No,No,1043.1460669346868,29349.293917122566
No,No,278.82444003254733,45426.775277414934
No,Yes,903.4814448014324,26351.118152325296
No,No,1122.152422644619,47231.15841866487
No,Yes,175.3749210695114,14576.658672082202
No,Yes,369.33554185868826,18451.612736849038
No,Yes,391.72945055968387,24106.064824287165
No,Yes,669.6017499897407,31658.1337316812
No,No,823.1729088752669,38047.994556738035
Yes,No,2054.35858840259,24016.62018492499
No,No,437.35114620775795,51263.423118757484
No,No,1968.4682961534531,30552.928218863486
No,No,890.7556234034292,24336.654937409658
No,Yes,297.5352849354862,18024.31824343232
No,No,604.713678536451,20177.59454555178
No,No,184.0129813718031,11026.968903757588
No,No,523.3808948735747,32334.065778942724
No,No,494.8186042229002,17953.965123044796
No,No,762.1755812205228,36636.67697598083
No,No,1045.6081929567508,43342.826502432086
No,Yes,770.1599280508253,26086.340327924536
No,No,275.3993160918258,33939.876916339475
Yes,No,1697.04156720174,18091.442110508295
No,No,2141.779327481798,41960.493484671824
No,Yes,713.2682043585886,37075.947443567624
No,No,862.6344106983582,47582.690747746725
No,Yes,682.876968154235,14136.252951441833
No,Yes,920.0858348748039,22904.22825623241
No,No,797.0686862650554,30672.699852060978
No,No,216.52787697167471,29519.633942644585
No,No,531.2815456660154,33770.78038249238
No,No,1369.8148012177412,55150.822174346045
No,Yes,1547.7938593339175,24201.501223110652
No,No,523.4913454863098,29056.56858679711
No,Yes,969.905946821789,25535.323564267546
No,No,555.5070536340199,20366.929213813277
No,No,1073.8742305231171,26339.24098007783
No,No,144.77043867623053,43362.320735263325
No,No,981.987546587365,35383.443263658744
No,No,1772.9982637867117,54517.30087658684
No,No,380.9720016008755,36176.80445839313
No,No,1615.0655830422552,21041.754368760914
No,Yes,1005.7475489653534,12354.583955461723
No,No,640.5570662936443,43516.454196603576
No,No,520.2592601269856,23084.733325200566
No,No,1653.0358449861585,22188.76513239502
No,Yes,668.3225268366232,19845.108329444727
No,No,1950.8237465703498,43462.580717807345
No,No,1804.4711073918008,29822.76059428735
No,Yes,554.740129710939,17558.718954784246
No,Yes,707.9427938634084,31938.24937304042
No,No,100.27146360782851,43919.498938411954
No,Yes,788.0884969056847,35119.4630385023
No,No,720.5374022193566,47013.305471076535
No,Yes,1763.180148426111,30862.41225126698
No,No,1869.3520208552375,25987.582792322948
No,No,1145.1763595829625,40090.2862649258
No,Yes,1666.5554112671878,31952.44691844557
No,No,589.5846016002673,52057.98242574654
No,No,230.23587812256832,35211.24625063127
No,No,836.9875586039857,28580.404045251573
No,No,1452.6526260481112,24658.683379291557
No,No,28.368299745627052,43294.303523498216
No,No,746.5015348537531,26832.692544731395
No,Yes,141.1712140800804,24200.703438772314
No,No,354.67482925090695,24697.343605229675
No,Yes,922.6759013121414,22337.548389641197
No,No,1889.5713045525845,37889.857699636166
No,No,691.3911363564866,36192.505733073
No,No,1093.5811406618966,40879.4890775178
No,Yes,997.2436497207062,13831.35252035889
No,No,373.75607844542213,32334.565940403194
No,No,952.5266434941667,28797.995525917424
No,No,224.17173912075455,23676.48021150578
No,Yes,820.6387771417423,18203.403597679306
No,No,1632.1667994610937,24559.181500841885
No,No,784.941747813807,36999.3083998436
No,Yes,997.5600624090946,26250.972297992466
No,No,522.7669795215165,42256.242197871616
No,Yes,187.65190943534395,25746.44009515186
No,Yes,686.0723878609448,24561.627519124853
No,No,1245.2801984050577,34288.911377631426
No,No,909.3997459474206,40256.57871086623
No,No,237.18640488125016,12431.442723011198
No,Yes,132.78338507921697,23036.08264748295
No,No,369.9660532008649,36672.02237155846
No,Yes,691.5690075555175,35977.41487647803
No,No,609.0506593006504,22384.245843882927
No,No,615.3186635442803,22031.403280396153
No,No,686.2476309364338,10790.347208723644
No,No,931.186625219736,19592.19396566733
No,No,494.5083836175532,31986.95430776306
No,No,302.58317761698066,26259.66899014213
No,No,1008.8032605131215,26046.1841583914
No,No,1265.8981254450086,33729.289721025656
No,No,432.33558259452127,39323.06048502865
Yes,No,2389.9353470321075,33625.05015343629
Yes,No,1822.8768487833743,33766.98409035857
No,No,253.88592808796412,37536.09212629078
No,Yes,144.4906141128676,10621.036404418224
No,No,596.1555475908237,34789.94587234694
No,Yes,1002.3470212281024,22925.47166263753
Yes,No,2367.046753615788,33428.99877784265
Yes,Yes,2778.2698137650464,19361.581886958564
No,No,1095.427322222015,31445.272323670848
No,No,502.8270547523184,37526.464184766315
No,No,1512.7928963017773,49590.477855025296
No,No,750.2401859513399,16586.291771797205
No,No,204.05750539706182,39217.838902489224
No,No,211.9769553883159,45678.63515002222
No,No,505.5842221809321,20794.40493061657
No,No,1345.90901213114,31705.874500070724
No,Yes,329.7598832019285,25380.42864419152
No,No,504.6835086299598,53589.465111901314
Yes,No,1812.3689856268904,55233.276715755565
No,No,908.2644980586206,20792.967203544213
No,No,986.2203816776398,30477.67628183317
No,No,1379.345726423529,35494.90998624091
No,No,513.1706321376257,39064.545027571425
Yes,No,1894.654923067433,35507.979139785595
No,No,1118.5980612298158,24018.860315498063
No,No,624.6326851081146,23576.898383640128
Yes,Yes,1993.012474401702,12661.240031738584
No,Yes,1301.0945264429022,9305.83827222099
No,No,673.978762162524,17859.480066194257
No,No,1007.1013991384787,45115.219575192044
No,No,328.34590867021336,40602.78539176077
No,No,1516.454792784319,39032.78160125437
Yes,No,2340.7316562251895,31272.849196436226
No,No,148.89173286860876,33084.93405929907
No,No,428.17795194486575,30813.025769671738
No,Yes,477.9669503543066,12341.453150984025
No,Yes,1401.8932745963775,27983.80702957562
No,Yes,964.3579874449135,29418.752694324743
No,No,484.38803700174384,21996.695665283187
No,Yes,655.9754770977378,15391.266886816953
No,No,448.259258070736,37017.67201691852
No,No,1067.9009069540414,36929.4876410889
No,Yes,952.6843467531069,28578.731337600395
No,Yes,630.7359450843801,33345.01124097447
No,Yes,546.0907011348995,16044.625704663817
No,No,1680.3830792023841,32680.05379361677
No,No,1490.3668416700168,23494.80599651643
No,No,1076.6812511998842,24215.08739317466
No,Yes,1661.0881604030817,20441.424934009774
No,No,206.13834914320628,47903.55945157369
No,No,272.42906300815247,44548.18232959953
No,No,245.0383072798378,32751.765535878367
No,No,689.9481907789909,11938.982418516542
No,Yes,1698.684343883908,26199.447349124224
No,No,490.09689853029965,37196.72154658742
No,No,1549.7991684848612,24164.06394053102
No,Yes,512.87259960119,29264.874761556992
No,No,618.7295909908319,23971.760338828688
No,Yes,582.6071242971441,29244.17292147261
No,Yes,698.5433316645432,25137.45780864558
No,No,633.1058370050067,18901.850792659377
No,No,116.25115543289921,29885.23468461289
No,No,890.0852760632811,34946.513915404495
No,No,621.65510015038,36501.57976447047
No,No,1891.8741786758183,43831.7714136898
No,No,1039.4798062349175,45077.73930181187
No,No,862.1007568025445,31113.752027817492
No,No,1817.4194765573106,39093.21874823678
No,No,1695.9884217782314,49579.35933597025
Yes,No,1948.2141573281847,23313.357033910914
No,No,449.8089700589019,27420.397937990463
No,No,239.1982686484504,16948.650346213304
No,No,116.96998674128594,27185.67769612562
No,Yes,1645.554149191129,24890.47006440697
No,No,96.00409800214662,12338.53760013873
No,Yes,963.2196191987493,26509.314965901678
No,No,162.99097924140625,28776.556335469213
No,No,1509.8804288078668,32873.262374910424
No,Yes,1177.7405620102993,15267.896136211823
No,No,1503.9716078430838,32477.39212930577
No,No,815.4802967266253,50291.996649370834
No,No,301.4942690618616,29501.958347803367
No,No,475.14362195152796,11370.630205356447
No,No,1278.5938313726224,45637.72278630826
No,No,147.64035492979895,38924.47846721295
No,No,443.6867896846154,34440.42790994359
No,Yes,470.9474471455548,27426.365094183853
No,Yes,767.7521296335691,24027.613209251827
No,No,1064.262067257559,49932.66239909656
No,Yes,1773.4669539673273,28713.996700076415
No,No,192.64349822767701,28935.752674884992
No,No,320.6900084989336,48419.54941655716
No,Yes,259.2732907142231,36189.89405135367
No,No,659.7179045704123,42603.63951677945
No,No,242.910507870313,37569.295889288456
No,No,884.9340341409516,24959.031168272406
No,No,1616.1351110922685,40356.59010701568
No,No,121.75896011541629,37380.26198009075
No,Yes,397.0694764563401,23262.380490440883
No,No,1961.9772260988789,40492.6813612939
No,No,786.3143657531742,34370.575542139246
No,No,450.0753054906386,38987.83041587463
Yes,Yes,4033.88550047609,30700.80148780261
No,No,545.0202737357026,20189.05501154916
No,No,1034.6284763718802,23253.24603947186
No,Yes,412.83286788823744,17064.447157827126
No,No,291.57728443031885,52900.094092409345
No,No,1078.4272925916757,39834.747327755846
Yes,No,2081.0022469789724,40766.1921405323
No,No,466.7299644940183,44794.380500187355
No,No,271.8399453176485,23033.45580674758
No,No,1355.1909182323523,13117.195949805457
No,No,470.56450218597803,32871.3783714729
No,Yes,1072.5712358735484,29733.00372132822
No,No,455.12348230185376,31524.070393670532
No,No,520.3458821156803,19800.61695473033
No,Yes,382.9530595538124,17113.40518340724
No,No,1098.8768912431578,21707.419997045516
No,No,913.233928057188,27376.355632721145
No,No,890.1671089022828,21906.195493840565
No,No,376.2373331527831,34967.79012728988
No,No,855.9692711955224,28024.18593386952
Yes,No,2269.305254555561,39834.3222691876
No,Yes,328.30912721365326,16614.65438173359
No,No,346.24623187483326,36053.468877451276
No,No,363.1250478585059,33124.00847138046
No,No,736.0759442919367,37460.28944241277
No,Yes,305.52553829856396,27206.99510409169
No,No,982.4234644754802,39936.446259952245
No,Yes,128.36361438677451,29265.300196309137
No,No,1193.8145830427925,38922.910241858706
No,No,878.3311890963105,36478.66005814057
Yes,No,2234.954372682852,26832.763160912422
No,No,285.68992246436335,42007.37048559099
No,No,1392.7694981719317,26531.157972001653
No,No,623.1281126182706,30580.866780612407
No,Yes,636.1811874190428,17418.427509670106
No,Yes,327.48556495569926,17272.630444669736
No,No,460.6824237087919,30329.985309383475
No,Yes,573.8083878262572,21818.797045303003
No,No,164.14622121284498,25364.443478523877
No,No,871.5666385912664,33719.632655499256
No,No,789.8928277581092,35067.60698435126
No,No,1031.6487990780327,28051.211158262675
No,No,411.83190686289805,56396.391388150994
No,No,1225.7284397682129,36826.98276703041
No,Yes,2009.1389090477417,24277.854295320616
No,No,562.96081075627,26740.440556902005
No,Yes,349.3664260319416,24414.893040169303
No,No,707.5395478848551,35908.02637065755
No,No,682.8367532466725,33465.25691996621
No,Yes,703.8851725997739,33380.55704507636
No,No,1033.3608232407794,16485.285612887954
No,Yes,611.4690409893311,20787.34486460241
No,No,270.08731959907135,40638.35393059119
No,Yes,908.8424602199161,17173.361465378162
No,No,1069.1110563619216,18033.273322501154
No,No,1132.0017195339672,28311.101301812872
No,No,482.7661324264655,43939.361704227165
No,Yes,1007.1973782994132,17339.280507493404
No,No,1695.6605340156777,29935.733017722043
No,Yes,1704.7457547251086,26400.374467033234
No,No,153.18473987409683,27706.97093775103
No,No,513.3611518274427,29100.488444286344
No,No,1621.5237575056253,26979.497615380777
No,No,152.21228544823703,27822.206217465835
No,No,641.2238439389006,21870.644768095637
No,No,406.0798749963363,30927.16361326173
No,Yes,1023.1707489632233,30899.63670068737
No,No,67.83474717657383,49328.09271336393
No,No,1517.5751694234457,45998.15287859801
No,No,665.5115760492105,34876.956278739795
No,Yes,304.09330940722043,35061.95032912154
No,No,358.6137642987321,56528.59433167354
No,No,874.466757637426,35312.77798943557
No,No,334.40043471731855,23594.356506876116
Yes,Yes,2443.656127806464,32633.55603691121
No,Yes,728.1174173596119,15025.602671655284
No,Yes,2153.068729962438,17244.438820904546
No,Yes,910.0196095442664,8872.261072934958
No,No,1098.7275354173403,40774.13352518066
No,No,1052.6163504545605,10345.556744405538
No,No,450.1814070530946,43428.510818422685
No,No,1108.4204594909254,51594.423214643255
No,No,483.4726193972936,50777.760374460835
No,No,137.0515164099386,20841.78993358086
No,No,565.2375050667082,14863.036436692517
No,No,219.6623243791289,27075.147906910912
No,No,469.7572256621971,42291.92186426535
No,No,648.7852516621566,45537.88656664959
No,Yes,359.18299341185656,28101.49639183992
No,No,998.7956220979536,38780.05288197053
No,Yes,574.539517297957,39977.03455900251
No,No,213.21563330901526,28719.558291160705
No,No,303.7473322529095,25720.247677628966
No,No,723.8763769908604,21608.69198441224
No,No,545.7692707059405,37829.6591751486
No,Yes,995.0518638684786,22193.14237634637
No,No,727.7483846165583,41749.79064450096
No,Yes,334.13258783325153,20296.154055883493
No,No,397.78520252284125,39787.82099630318
No,No,1218.8067134750524,29661.437905178966
No,No,323.32582577148554,31872.951591141762
Yes,No,1822.6147664676382,32820.097756951654
No,No,169.40292043156177,16496.984177993603
No,No,1191.2861031566192,32100.151805635993
No,Yes,737.2632118353997,27384.99976023524
No,No,280.11392712199876,23618.884231147564
No,No,708.6115383391406,52601.22693265292
No,Yes,399.5206941233101,23484.200186511353
No,No,420.0491000490854,27231.978224280487
No,No,488.3743614923102,26927.459764433213
No,No,1126.5565692590537,47205.11559284474
No,Yes,471.5028769751533,17676.352459907215
No,No,792.5872667910282,36480.97167991388
No,No,1157.0352195048838,42330.361717255495
No,Yes,832.8950610746673,27329.510166557266
No,Yes,1060.2673399960865,19511.25891702383
No,No,645.916779267298,41892.21741110919
No,Yes,1180.8835265381083,24540.435191072498
No,Yes,248.631297394159,11410.406569783116
No,No,1714.8457965657417,45732.65605847309
No,No,371.8748177201888,27364.141777096807
No,Yes,742.9939225039968,22220.773716840027
No,No,93.84210614554438,36594.6537655868
No,No,437.35997346889474,28181.080646625935
No,Yes,980.4422238119267,28748.354053952356
No,Yes,2246.117612434562,15723.117017880195
No,No,1015.8913453485957,27756.194908813137
No,No,466.2180635953126,45757.23201905533
No,No,154.87634829618207,33752.77013148469
Yes,No,1584.1174286875907,22931.858191846095
No,Yes,537.7939825115711,24001.09751925341
No,No,815.3610489663774,37516.53767340446
No,No,467.27207158152044,17639.807441716854
No,Yes,1068.6719645286914,35029.98978125663
No,No,1536.4383292466362,51394.03564306525
No,No,1117.0901185229159,34700.007431149614
No,No,537.7326196329674,31499.183403912397
No,No,1609.5359615394077,33729.440880134585
No,No,2148.7854574459293,42430.50985137357
No,No,1320.2939532760183,38026.0934964477
No,No,479.1702835277131,35892.282005724985
No,Yes,1431.652625190059,33126.31056213066
No,No,1310.990374949743,44809.38792561851
No,No,545.8769214855313,23900.863149604473
Yes,No,2148.5903088375794,42373.958319228885
No,No,1489.7988603814524,45016.20606814165
No,No,568.3104555633704,36282.59698629042
No,Yes,574.5110238286018,27643.233920986
No,No,1290.4302677596272,30425.619189098248
Yes,No,2534.630441161514,21455.79767473966
No,No,221.89110112597322,52372.78562205685
No,No,921.8005259813777,20105.380210822335
No,Yes,1413.5613437997297,35218.81131848222
No,Yes,1832.3985970435876,22993.256607991865
No,No,1186.202284332693,45974.3962870071
No,Yes,543.7484863178588,23610.411919066915
No,No,197.87403785234073,42874.107795401665
No,No,522.7434816338674,37988.54453908311
No,Yes,1390.0515604025766,18764.363742486134
No,No,413.93668133337053,34841.19588113646
No,No,1690.709814843441,32070.695916100787
No,No,603.8170250943228,39929.80457334991
No,No,392.27799618339134,34915.41220840229
No,No,996.8568908317595,36361.56883899546
No,Yes,667.6763387051564,16268.899348807341
No,No,468.1820510102801,20718.68120054406
Yes,No,2334.6752993323294,34206.27828698341
No,No,411.78877637050516,35315.52111043853
No,No,507.8698635894291,22984.32712851493
No,Yes,1208.7489192791952,27450.895997271327
No,Yes,2008.2066554897551,27755.31221383218
No,Yes,1128.0326983318737,24542.934739355376
No,No,721.4906245327647,33657.385797323186
Yes,Yes,3018.289587297619,14577.521588633457
No,No,488.7674510858285,20657.365900478264
No,No,490.7481402073955,37447.08947603096
No,Yes,500.2446678878093,17653.85090135537
No,No,898.4623815252414,25922.36899577124
No,No,318.41585635665564,36287.87138224366
No,Yes,299.37568962510187,37713.56748300611
No,Yes,607.9510309226863,20667.912337676702
No,No,147.10716717061243,54006.78673327298
No,Yes,978.7560364803519,22916.20592578849
No,Yes,1080.1629678405204,27396.972435426957
No,Yes,1216.7426468755662,30168.01324481795
No,No,1229.5324768185887,43825.17473200781
No,Yes,621.9298158210977,25823.452959164388
No,Yes,1854.0375417573632,21842.199972595026
No,No,1442.577351209978,41780.669845835466
No,No,279.9211314172992,37740.074284003145
No,No,647.4564812379134,29141.3421398596
No,No,53.97484663132162,47590.878335499096
No,Yes,1871.8567063653838,26651.790464853468
No,No,1214.4910395221789,26008.10138561106
Yes,No,1804.5928834521035,24838.416334739282
No,Yes,201.60459413181115,37162.41636857641
No,No,959.0478601817027,28573.849663941794
No,No,440.66142535537256,41029.45052530304
No,No,91.76869604260145,37268.53884915812
No,No,1340.4961634720212,40689.495770093556
No,Yes,271.39396832430464,36832.695129253436
No,Yes,1046.276851128732,30431.212568287065
No,No,436.5028527284635,41857.70723844143
No,Yes,918.2800419352496,22071.890783858624
No,No,1241.4309113244656,26854.26786183342
No,No,766.8150384180348,57694.65682240545
No,No,312.8830310855119,33081.63810285759
Yes,Yes,2847.0989839506383,22703.17663835624
No,No,524.249871712247,36387.928551866935
No,No,369.34254198635045,35414.55111124829
No,No,632.0636021965536,49427.762143713924
No,No,172.14344797785645,38896.06835030991
No,Yes,477.93005370086416,14280.529760237318
No,No,549.9235180124967,26903.61945480084
No,Yes,975.3401607432514,23524.965866075927
No,No,700.1064556763234,43756.41096646287
No,Yes,1153.0618407286468,12806.991034991164
No,Yes,782.2755390371127,26907.178869966447
No,No,1431.3512585351666,40813.12782395639
No,No,1080.9350101472992,42323.66424242494
No,Yes,1089.7131789743555,22889.382295942007
No,Yes,1911.7260497103548,30794.679103708935
No,No,1592.9869673801627,25349.87557154936
No,No,738.9360711371542,42954.92328711477
No,Yes,604.69850629884,23018.4785123847
No,No,790.9104276649979,33928.855992244
No,No,609.7135004384176,33817.72225936317
No,Yes,585.5695877090412,28000.851302410785
No,Yes,921.6376835520052,15716.356188071295
No,Yes,1065.6447180982825,29647.033607966892
No,No,1044.712153058176,42208.620889295475
Yes,Yes,2117.7275494983182,21339.617276687473
No,No,824.2877200892046,33524.676625720385
No,No,663.0260456794285,24905.542811646414
No,No,1317.8666999851098,21896.247493884614
No,Yes,409.19969312246985,24831.903892831007
No,No,148.81089345197046,35538.72527494613
No,Yes,1139.5423341914861,21090.560519881787
No,Yes,627.1769532023142,14701.546679797308
No,No,554.4497841554654,38070.57396707147
No,Yes,400.7842852041912,20920.8709660892
No,Yes,1801.6151630626116,18204.609846838768
No,No,155.4268838402772,46259.319858607254
No,No,1018.0951552550866,23748.452509638613
No,No,670.0541002275703,39119.1760947501
Yes,No,1838.165364615854,18504.61651026492
No,Yes,1586.2271265442193,13396.489374996745
No,No,259.0101136909089,38326.784080959354
No,Yes,1297.9568065601989,21097.042825254095
No,Yes,1116.1455976349132,15268.065455942404
No,No,633.0791249993645,42999.354180905146
No,No,1023.4438564156048,37213.14917153827
No,No,397.4965001222686,12221.118053230086
No,No,721.3252821993822,43094.01545674894
No,No,679.1267256549935,22861.154364986443
No,No,349.31668166602554,16421.064650613083
No,No,523.6355511760128,25294.390570971962
No,No,455.2050358038123,33081.9775224837
No,Yes,1065.086111275964,23991.63429333629
Yes,No,1560.6992786900155,17151.347634450532
No,No,208.24041705997865,19368.983582674322
No,No,906.981788861308,25890.942199801735
No,No,441.67966076237616,26529.82435763705
No,No,1265.9513878535706,41117.98833952577
No,No,899.1295436164077,29366.784145514055
No,No,161.16529100193262,40926.29993914123
No,No,768.5051776865907,44458.24835984174
No,No,607.5785843174267,39056.70502857512
No,No,229.9084113331035,2758.900063844045
No,No,446.4146972654872,30459.831047340103
No,Yes,892.2042558619593,22285.859519641734
No,No,457.14919890222257,32955.76224114174
No,No,1366.4277418850593,12678.209222716549
No,Yes,724.0481929697049,18101.401260154096
No,Yes,504.7773518827163,13914.29052632474
No,Yes,929.2244481333295,16964.061786129663
No,No,849.1306584492978,30913.110479450937
No,No,1273.9039769496926,26084.473960385192
No,No,700.0208523379961,24969.874366641743
No,Yes,989.057440012824,22064.213907251058
No,Yes,1277.575835263706,20004.545463223683
No,No,348.5524867349057,35496.89908653453
No,No,1220.5016559655685,29301.438088856325
No,No,236.28309779919445,17823.909879482555
No,No,737.0643466507217,23189.176811891517
No,Yes,896.2053168659468,21153.645290939425
No,No,733.3040817918741,29020.24532230416
No,No,216.91716464987016,19365.177302055203
No,Yes,37.83010081130227,28186.062940971184
No,No,537.4616037986002,36622.23454863657
No,No,868.3078702666247,27492.074687567998
No,No,1708.4314425592463,31863.0923689092
No,No,877.4370954518123,22781.264790266865
No,No,232.37797085730102,42030.67867099311
No,No,561.5762599887547,54189.303564211266
No,No,589.3033503862933,27054.13062833026
No,No,1549.3205391242861,45739.32348866126
No,No,894.7836905985431,24892.07796247972
No,Yes,322.3168745073026,19726.269798240333
No,No,426.7872487406944,47836.902318374545
No,No,1137.868996490602,32301.609631139563
No,No,780.6201129752953,40369.83686736405
No,No,668.478192297899,30805.390912004983
No,No,559.3066387827545,15472.643699818535
No,Yes,1343.2040746440066,39811.88262153921
No,No,492.7313049101964,31332.268537653486
No,No,412.3774289897456,35061.17544521175
No,No,1255.8478160527009,26174.722801878685
No,Yes,36.76906721145233,28910.921367394552
No,Yes,313.26620268279174,28396.10416129526
No,No,358.96541721346637,17927.453273886113
No,No,1314.0650764933869,35210.99587304875
No,No,750.3198556833923,42271.01002525958
No,Yes,293.0923027486483,31853.058066711223
No,No,227.10346328405024,39964.48977237815
No,No,1339.0773699465183,40843.3746826572
No,No,227.83983322476945,28099.06293746608
No,No,398.5212168047631,21209.612980580343
No,No,480.65472518216643,30391.26185123045
No,No,962.3695807998646,20982.346133860767
No,Yes,536.3881660010207,18276.782397964438
No,No,193.6635899165682,25960.227046128828
No,No,1021.2898422852991,24092.95477719222
No,No,1006.0333319519241,38822.86254413933
No,No,1836.3372502879783,23372.727365871076
No,No,802.3668739128084,51855.80437856084
No,Yes,262.2591645597214,30374.050280998013
Yes,No,1779.274293806289,45394.937345501596
No,Yes,575.1065265661257,18625.90620708054
No,No,1187.6423534668152,35502.9656479729
No,No,1738.9999819210339,23071.053063942847
No,No,709.5781939345183,35673.55794111971
No,Yes,776.429936861508,11075.953947762302
No,No,804.3632857589758,44122.96881911296
No,No,914.5032560349382,27051.04676161785
No,No,1322.9154925693656,36528.448392672304
No,No,578.6255541121071,38384.74151031814
No,No,684.1657757304977,27960.35954639298
No,No,435.22288992494265,25517.390711342632
No,Yes,520.0410747640285,22608.545856430013
No,No,317.86026152748354,41529.65683807511
No,No,459.84115483548004,32030.145713782767
No,Yes,341.4066607965034,27670.70450174372
No,No,1220.2884453255717,41440.915391664596
No,No,1045.9672446873499,31575.471182390804
No,Yes,737.3158622861612,22661.26449018974
No,No,789.0665267741649,34888.073787387395
No,No,318.2008750313698,44924.04625582609
No,No,644.8059158434763,30067.18405704031
No,No,1444.587092644573,44877.50525828799
No,No,1411.5457540284265,36051.27451927973
No,No,1860.5552777604898,26133.89066492482
No,No,1218.3094026748042,33080.06148771399
No,No,840.2770349741572,22293.65964796306
No,Yes,1409.7835821619235,14027.94909870657
No,No,235.43179819259348,39568.49248554059
No,Yes,1337.716748890245,29034.3824491334
No,No,1246.930315750431,33169.76253623082
No,No,636.6877497306708,33976.81367386169
No,No,691.2512660236562,27732.363326950886
No,No,538.5827675752867,35198.79425134425
No,No,621.9191697667653,53314.78770864455
No,Yes,906.00192752809,30517.877041774518
No,No,813.2769493233693,32739.426710731335
No,No,322.73477036073393,31868.1064523908
No,No,375.38431474832777,29736.08995228499
No,No,1046.6213848639486,19389.326441595702
No,No,868.635632279086,28670.871527716085
No,Yes,416.01799716553404,28169.62254752421
No,No,600.5130386390884,24179.817365249735
Yes,No,2036.7027370089368,30699.426788155346
No,No,68.40853035017373,22318.18857787143
No,Yes,37.338665319550145,28948.11241038622
No,No,70.26869061618316,20767.68371861801
Yes,No,2565.3044586155042,39426.77907261836
No,No,262.36570630348297,43786.40610073081
No,No,515.3567577531098,30266.241540955278
No,Yes,1183.957642834448,18641.536091784514
No,No,941.0112268829678,38251.17953338406
No,Yes,652.2122296680783,34666.976019384834
No,No,1660.4175298806267,46916.775610499884
No,No,1143.2565216407402,32762.395587276133
No,No,390.4936108521315,24668.1743051842
No,Yes,329.36553723237915,21825.35271684121
No,No,745.7226277627959,16600.91140190458
No,No,1181.3882424932085,27942.94875215982
Yes,Yes,2481.5838379299316,26603.82161985731
No,No,838.5417043855746,29822.929159634314
No,No,497.1654969540266,27495.50859973406
No,Yes,1875.743652111043,23061.579769429376
No,No,1422.0354201165585,30806.461833267065
No,Yes,1362.0018002449206,28738.45198301265
No,No,225.94479022921834,20232.437994555665
No,No,518.1871334892446,38764.67564614683
No,No,573.2496397207758,33038.6163420956
No,No,1135.3748261627798,37842.78160661207
No,No,102.11098095252812,19608.980200808575
No,No,486.27784957994874,42330.46322462991
No,Yes,811.1261238745649,27251.283809207893
No,Yes,668.9505556007051,35162.452574474715
Yes,No,1925.1686975813857,25172.630964150216
No,No,1331.422673238734,27650.238970418133
No,No,1329.0204823522342,15658.173528007497
No,No,457.2807195082544,25264.016548307292
No,Yes,912.5844093311874,33490.12906806458
No,No,316.77392838860345,36450.62863732355
No,No,325.24583688095726,26236.430853098584
No,No,1339.8331439514486,34830.91360754993
No,No,1189.6380835395466,32884.49580327679
No,No,296.6904857893317,14408.688963132441
No,No,724.0138966996742,16218.430833214723
No,No,159.13617049921038,44567.746252602665
No,No,975.5478876205586,40866.10764206885
No,No,290.16609165119667,18654.700735444225
No,Yes,870.7064677054195,22561.932539734793
Yes,No,2025.5954701198605,26342.95167278498
No,No,257.2975440933568,44388.377653984615
No,No,862.4191805700866,37975.69178089026
No,No,647.9432041735365,22453.950458446263
No,Yes,284.18531401364805,24291.685840267775
No,Yes,439.51808579485106,23162.22487485179
No,Yes,1099.114261240859,23181.396459939697
No,Yes,679.8496450687638,19879.16430471307
No,Yes,2033.974325262727,23623.777479126056
No,No,947.2911474574315,24992.301916588196
No,No,275.57441260255297,21621.920929155116
No,No,1222.3608441338915,21034.52515840089
No,Yes,1591.3670096593346,16106.267478863041
No,No,819.3909417582198,37722.83129503362
No,No,1003.8365251486832,37994.71837595102
No,Yes,973.487742070682,33673.67705432945
No,No,1528.6515836617766,31215.309426776552
No,No,1407.355521804738,40514.091946752975
No,Yes,190.35619590127376,23779.438292288996
No,Yes,169.4727496312871,25547.187629317275
No,Yes,689.5418114938751,29108.57201040546
No,Yes,1404.835017660102,27524.32956404191
No,No,1491.0581843240616,34584.39989727473
No,No,503.73022051844424,27364.24080609053
No,No,562.8285446503821,36257.98409081033
No,Yes,633.1467698118022,33000.108186456506
No,No,626.7511280606204,35253.32397268467
No,No,751.7913256293191,29546.590869169497
No,No,460.1517918815965,41714.003028561085
No,No,526.2895106778931,19648.76609315395
No,No,884.9947783654047,29900.464965980085
No,Yes,253.49740215395644,16584.575558938468
Yes,No,2155.9973114420372,32285.13869467016
No,No,1148.7975414830144,45964.80001277578
No,No,1645.1885510241023,39908.79637256476
No,No,307.57222264670054,14820.428856757597
No,No,407.2185051802143,27312.858053502754
No,No,48.16606531998123,18509.352692465214
No,Yes,830.2345650674595,30858.02424669203
No,Yes,849.2948797280203,19372.729846124457
No,Yes,985.0209300062595,23981.24974542397
No,No,130.20690567651485,34740.42423580569
No,Yes,780.8607044154583,24890.986188934414
No,Yes,1025.4797461243136,3200.8232308881147
No,Yes,1143.0243338314576,25977.892056476358
No,No,422.4700812130035,28015.369360905413
Yes,No,2368.658455816815,41958.01189020336
No,No,558.5705813882387,35527.61269076263
No,Yes,895.5039175926393,27871.88842728318
No,No,508.5979050880045,26218.35099861702
No,No,427.77537676665105,22210.81387353244
No,No,1067.5019605332177,42403.49347314228
No,Yes,164.20699580554907,27393.831534328405
No,Yes,1336.018793662702,25005.500856102502
No,Yes,879.8370000117312,24995.43830098685
No,Yes,699.0500312750002,26394.393242378334
No,No,224.74425083151198,20577.40908031919
No,No,688.745033248122,44255.67937999995
No,Yes,1271.1967606361031,22371.60982831872
No,Yes,907.3019040141139,22571.236240762133
No,No,635.0697804094315,29318.84325400479
No,No,551.1728262870017,8804.461718291954
No,No,467.61318921477715,39251.97065651539
No,No,241.34076164578283,23516.11655374735
No,No,1044.9687992424674,34580.5825079479
No,No,794.9899021169897,25297.88280038999
No,Yes,1310.3979680049536,21045.319568823354
No,No,460.8507635189775,29508.4694446895
No,No,584.1127901738158,25066.58170602667
No,No,228.24084674841018,31241.04166237777
No,Yes,174.52686464441015,20083.62996990412
No,No,716.0538456184318,23095.351611229184
No,No,68.36134592698176,45228.70743855597
No,No,859.2810028848425,25485.595958509446
No,No,410.1206944267095,39120.74006244983
Yes,No,2644.427860043713,40182.38608239461
No,No,679.7198012912952,42739.32244017901
No,No,1009.7529343021747,28045.1546414649
No,No,380.3650564680758,31512.604445642086
No,No,1456.8202368031973,31821.58363487115
No,Yes,1843.2745415232148,27140.5013881058
No,Yes,1559.260440684184,21753.38670313149
Yes,No,2324.3096865172984,38084.798604776835
No,No,256.96480918975686,30942.080227728256
No,No,1063.9450896622607,44671.96164341796
No,No,348.0575664944822,33382.56847978435
No,Yes,321.20531258871904,22525.335161306262
No,No,651.2452559123398,36895.07768372794
No,Yes,959.2159667700521,34898.50208056449
No,Yes,739.1967657722493,19213.70305728672
No,No,201.72908863839112,43894.24995258682
No,No,702.1511515642756,25324.137883370182
No,No,658.7094272277752,33938.291476853075
No,No,277.6585618585867,25552.243308314617
No,Yes,2082.4780159978104,20850.81589742925
Yes,No,2185.8661712272506,26714.539381917006
No,No,736.6558420963436,40482.17550803749
No,Yes,40.254426195664934,19969.29102315523
No,Yes,797.6090193279234,27161.449098735568
Yes,No,1405.0439602996348,28231.710273747936
No,Yes,811.8531105404619,23411.23152050651
No,No,611.8137247226338,48075.98478471245
No,Yes,1293.0924927249491,18231.561114763394
Yes,No,2665.685208275952,26234.71731606286
No,Yes,1026.193992859587,21726.54066215159
No,No,742.4276359027932,33324.18551361765
No,No,1618.2210570315294,39708.04180019578
No,No,933.5364787677012,33929.84893092355
Yes,No,2013.4142651346135,35951.97090181838
No,No,272.5103110311184,21956.725006377284
No,Yes,331.2202430345065,25560.97970010455
No,Yes,392.9346443643652,25748.106176660644
No,Yes,1488.3490128443611,28151.201506564033
No,Yes,1030.4214376881164,21151.53654665851
No,Yes,653.8276589513571,23402.8609796634
No,Yes,1035.7947769254915,28394.497336767014
No,No,1369.5510711652962,22913.580292145336
No,Yes,626.483945359441,10885.140687936742
No,No,1138.4380639141864,22410.51047295672
No,Yes,566.4319217500662,18974.76119145228
No,No,153.8158070441481,44224.06086496827
No,No,677.056160617155,53792.520611586806
No,No,133.73252147892597,24405.570533111204
No,No,515.6400811214713,32658.076089616192
No,No,748.0228133351341,28231.42192327411
No,Yes,395.83022029185463,26818.36569396272
No,No,1015.573503435254,36298.95668981869
No,No,555.5758568995307,24734.160115652892
No,No,1037.9434458733567,27288.56121010598
No,No,659.3252096252867,32069.794485056485
No,No,570.2595969924702,45802.529817992065
No,No,332.0757032634836,26962.093176293456
No,No,684.7829755165213,17986.407791034217
No,No,752.4656856373758,46530.226301042414
No,No,872.8373262265703,38472.93182133218
No,Yes,974.9813881394452,15309.79302914087
No,No,199.17423185220085,36563.428393704315
No,No,1329.3708469916353,41616.67362960001
No,No,895.6097263566834,34437.45520335241
No,No,698.5525546312673,47125.76860422063
Yes,No,866.2091535637567,39053.28147203905
No,No,986.465948777191,36554.95486072813
Yes,Yes,2699.7008549779416,24877.18850231758
No,No,422.5091639177064,34858.94364186871
No,No,432.42365207130734,42280.68008979122
No,No,257.74479459484706,32004.179053361488
No,No,94.75708905336415,42995.332678899795
No,No,912.1533981768664,36619.37625540629
Yes,No,2310.1507104710704,34555.62396738089
No,Yes,642.9253943248951,21293.734646512883
No,No,1527.9084925190148,30513.122015837485
No,No,542.683663616747,36690.19518065177
No,Yes,1774.837770925308,30541.723990606955
No,No,861.1246059611938,38543.99196575455
No,No,689.3156019390481,26355.279936140512
No,No,426.9811743878372,17510.726340578905
No,No,715.5894991652909,40897.58183977438
No,Yes,1467.6462457912273,42230.777928245516
No,No,381.82941339128314,30741.387975937796
No,No,634.6484546242975,28863.866621963967
No,Yes,941.3752710267536,29193.68345871106
No,No,1194.866746128748,24891.169029164197
No,No,731.2664177679726,48461.98354827498
No,No,546.7874244355099,37623.101940335335
No,Yes,987.3353629470595,23263.716686272066
No,Yes,1746.3163347771062,18031.193393370104
No,No,930.5647120390637,42320.68997323182
No,Yes,776.7435101565171,20340.61887800061
No,Yes,846.8573251414158,28414.50278720768
No,Yes,326.2727095364852,26243.62541452601
No,No,1126.8656704438035,46414.24119257751
No,Yes,245.85354811250966,24562.8437672759
No,No,478.95491110805233,64663.4803301802
No,Yes,707.5889526778528,27334.800703700956
No,No,478.1225973933961,34962.700103618365
No,No,283.974586219316,29609.549299430393
No,Yes,466.8207990753112,29586.693746868837
No,Yes,231.57775356856183,20883.74333672969
No,No,1849.113147029658,25757.96388891126
No,No,436.42785378914607,28813.152883457195
No,No,401.9768808589103,31578.460644931485
Yes,No,2302.760440299503,55997.84022781442
No,No,145.7796677493808,36424.7304222309
No,No,1006.0095643753389,26889.946041043935
No,No,694.2380706838097,44387.93633130539
No,No,288.09492368910975,35385.092844336454
No,No,732.7488675159132,46447.63431412261
No,Yes,2458.792476283507,36832.30460916928
No,No,1000.1385948360191,18582.392374521736
No,No,909.4507408015435,9749.04727549807
No,Yes,268.2957945353091,37390.28257917729
No,No,334.1517699102533,26626.77574742544
No,No,158.6190963979231,16514.90081004018
No,No,711.9712013528762,28251.370618709876
No,No,689.537234548474,23823.891398200692
No,No,336.0170630961998,25774.826798352406
No,No,1227.040964031366,42057.43443556822
No,Yes,250.35519437697604,20934.220748743435
No,No,360.26101354951544,17321.271542455062
No,Yes,875.6748147884227,23677.780709010724
No,No,236.3442549495361,24988.483065364035
No,No,525.8487072060058,31006.522995065294
No,No,383.5870397243652,31578.954434501044
No,No,811.1631409046314,41954.82284145223
No,Yes,228.49114217407734,19912.28458354081
No,No,75.14192993915218,40477.833900455735
No,No,226.96231915287908,17548.842776324746
No,No,1240.2623407576066,42487.64668739664
No,No,1178.4779660647043,46489.30325732137
No,Yes,361.7359218449729,21838.354125472444
No,Yes,760.2740556256088,17719.868367256884
No,Yes,811.3813047972179,15906.793787746974
No,No,180.11421209057252,33245.12962944389
No,No,391.9913015988696,45660.71919120379
No,No,568.5202762956575,29242.2183768552
No,No,57.5434140876649,44614.422463806586
No,No,727.2297632056241,21986.16264893116
No,Yes,1134.9296123461086,20989.199584861115
No,Yes,942.9003337062238,23144.827758844298
No,Yes,1324.8069998602527,24964.76411973564
No,No,912.13741055982,30172.398332909936
No,No,1220.973072732283,45966.43306286349
No,Yes,101.40220971232186,32286.406577181602
No,Yes,583.2739280297743,22226.25689621808
No,Yes,327.6608758651284,19806.523037955667
No,No,87.61712096588377,27495.849154830106
No,Yes,714.9507041697213,30690.741356096925
No,No,1266.5319409798074,26849.843868907115
No,No,406.23137244731777,18886.09936064246
No,Yes,1019.6117863881075,14264.892013375234
No,No,1536.087322539549,40169.75746905358
No,No,542.7014697175723,19846.407526436364
No,No,1373.2547251772153,29510.78810855646
No,No,1282.6515399402172,34521.5863094975
No,No,830.9693917991073,16678.949053271946
No,No,217.51991922091167,35322.72609224211
No,No,82.43911890936208,30254.31335404531
No,No,364.4178253805306,14426.945879508701
No,Yes,554.6240993619414,24816.579551147875
No,No,542.3889738277423,37458.010052175
No,Yes,1221.9902011540335,24742.737104635995
No,No,350.725006387544,38543.11491476446
No,No,1037.4330189482273,36081.1761597042
Yes,No,1926.2150760102074,40801.521140622164
No,No,579.2101651304362,24041.377939679667
No,Yes,925.9744370824307,13672.212337679552
Yes,No,1848.1067928317802,21886.783900125265
No,Yes,1359.2279110224515,17764.89143184569
No,No,360.9055367178039,53719.56153595149
No,Yes,2433.8864775216875,17826.81335174239
No,No,758.6764441557666,28282.29074409178
No,No,397.57786533086346,31156.896691030066
No,No,133.79201662553794,29932.520087621226
No,No,354.49465198653814,51652.10056037539
No,No,734.4467400819316,16243.951176205352
No,No,273.6756756384979,55353.71733284947
No,No,313.93339318475205,34946.942131930846
No,Yes,1905.7796611742785,30180.39955496418
No,Yes,921.4513564507636,23592.583384624035
No,No,159.30561081060287,41652.69101501572
No,No,1070.091726431335,24056.40409454602
No,No,83.08836380952796,19950.272292865564
No,Yes,881.2874316692872,41601.847123873114
No,No,667.4642864137276,52634.71558706324
Yes,No,2672.983956559793,22962.216453700174
No,No,1332.09527554692,40665.47152734463
No,No,639.7599645628243,45078.76914475647
No,No,1192.5522388178874,40101.882398579444
No,No,92.55235937379422,31416.72434206088
No,No,661.6546426878083,53744.993192824186
No,No,383.22385085023967,40376.62623795016
No,No,721.4142367129257,24220.96334240932
No,No,79.0947165422466,29631.136988617927
No,No,1049.1430702330306,22800.23045376108
No,No,915.8366959694557,32426.031485511798
No,No,1362.333472393112,32102.54585532504
No,No,460.6616660655918,41053.62615868472
No,No,1077.6590650770402,40906.48158802434
Yes,No,2143.466761228992,37383.392862190114
No,Yes,623.6323328150468,25979.792798861472
No,No,185.01016295648535,43932.66755414496
No,No,1031.227229933591,31241.622562862947
No,No,483.1503367190485,9569.382366195001
No,No,261.0915894099905,54609.679524487714
No,Yes,373.55760558832384,17074.820898873986
No,Yes,190.053394161644,28318.266487970308
No,No,262.107078343147,30093.78749354424
No,No,867.219471443582,47480.3096503486
No,Yes,1069.0840502283102,16718.158694819052
No,Yes,407.13895577361257,18474.50150978974
Yes,No,2584.7725026397247,28522.331756669504
No,No,710.3851391836366,39042.958974564695
No,Yes,993.2502369680279,25011.259358071708
No,Yes,1151.069991749407,27406.45763152469
No,No,357.4647066126952,34767.570437390634
No,No,1238.323600550311,42820.28894046888
No,No,137.81991289013158,42987.99405364417
No,No,234.70305497894265,48644.80297758265
No,No,360.31387221614335,36937.965798799516
No,No,772.0250096368287,36890.20991326325
No,Yes,237.69939691761653,35819.06038644354
No,No,216.64522153321838,45474.02611398549
No,No,1709.6166396709484,38687.344358764836
No,Yes,1876.039238343657,13688.686506086777
No,No,189.9478340958625,16663.18601561002
No,Yes,396.97212792582707,27738.944307335114
No,Yes,752.9398479846883,28027.473741406255
No,No,1000.655574631329,26272.13480339393
No,No,453.3624959178229,37038.97226669781
No,Yes,490.4262620768425,17057.98098848778
No,No,1434.815033006222,39221.79383724647
No,No,358.66593642851836,39482.20813088561
No,Yes,619.686054840901,27592.198580667566
No,No,932.2578992816577,36855.35654096938
No,No,961.2724177038223,30558.7772987464
No,No,891.407584684923,31383.064104291032
No,No,853.7239782989562,45090.98581861674
No,No,775.1978682995245,37649.14855716203
Yes,No,542.8229731402636,38380.88999667545
No,No,1236.6291746531087,34364.89817405937
No,No,996.6721894188254,40014.498360132246
No,Yes,479.0848112248643,30162.51481998618
No,No,525.7654148424464,27220.329418747035
No,No,214.5633851889741,39427.47284507833
No,No,446.0935140957618,31239.16136722926
No,Yes,290.6264808957732,25646.973320034762
No,No,1260.5935146227062,41852.36547027846
Yes,No,2950.7951663007375,18982.987063492554
No,Yes,268.5334524712832,15863.26114232122
No,Yes,683.8878154148094,18834.248649872658
No,No,499.4259336392441,26196.55520278881
No,Yes,82.79847030480349,22313.5576936805
No,Yes,446.163145216843,35296.66614923395
No,Yes,2504.9858017648617,31699.128197627248
No,No,733.6222267699799,27694.10199152775
No,No,577.2365158692073,42188.83360088586
No,No,245.57578038992594,33067.77326311267
No,No,1143.4439540891142,36937.49284972754
No,No,431.4039054258348,23691.40671729447
No,No,352.2508033267869,20293.164489555886
No,No,1064.1459214211072,40823.485338059596
No,No,573.4848075299119,33828.45811280085
No,No,280.65388746194037,38725.97153063364
No,No,1126.4064586495851,49437.4759404403
No,No,714.546592768794,31111.99964529957
Yes,No,1135.74867392661,31203.646039975032
No,Yes,715.6582023863986,35830.62867705435
Yes,Yes,3720.4357233590513,23568.92496268824
No,No,132.25412716647176,25466.927512408944
Yes,No,2872.0375479121153,40856.82159292585
No,No,400.76945672811365,31123.23855725793
No,No,140.37086790794444,25273.617822588174
No,No,765.5906931631544,34396.86599954408
No,No,1429.3849793297686,41766.86021107913
No,No,885.5034214299449,21908.178939692818
No,No,109.03913968759437,21675.642202307085
No,No,123.94218618202262,32699.409401194906
No,Yes,184.70953422649555,15749.771254158277
No,Yes,444.163798311606,14517.491226206002
No,No,180.3253310579497,33561.160670084435
No,Yes,627.7853906086117,31192.493315174444
No,Yes,105.76675122343597,28966.121502924467
No,Yes,661.8616023082747,22701.412803710453
No,Yes,1021.4100944161839,32428.00392460703
No,Yes,1712.5430705044298,35594.71703738189
No,No,755.4284145687612,38412.21491363593
Yes,No,1640.360797340987,29838.083613513652
No,Yes,907.7364594671577,34388.31077269545
No,No,209.25039035502883,48685.48556444603
No,Yes,576.6794826274526,25223.77307442457
No,Yes,424.51600090888655,32009.918430440826
No,No,679.6443598721609,25687.153460791706
No,No,62.14487262359195,12827.597193409973
No,No,1539.2213364712059,23788.10893394552
No,No,1032.8358542305432,35565.696801445694
No,No,636.5477191820622,32758.20360156614
Yes,No,2996.5427646531652,43118.6283065109
Yes,No,2073.7146725119833,18643.44500507902
No,No,963.2638615301605,18838.88420125947
No,No,656.6399575785739,41123.04465580305
No,Yes,624.9420341446603,13398.513400463073
No,Yes,587.0927607548665,21554.725559110113
No,No,343.6051015975554,33745.62933096071
No,No,345.63162798657083,26995.10805417564
No,Yes,729.422046896899,27495.028498674023
No,No,1354.945333187647,12881.326060443302
No,No,602.3544633578323,51819.280899333724
No,No,171.40217915079185,30198.63964712646
No,No,499.69735161180955,31797.28137147331
No,No,265.0075088457757,60435.77202426576
Yes,No,1814.8137745093302,19900.995447706184
No,No,68.32985687230575,23049.02046167774
No,No,649.9714935004295,47544.97278094602
No,No,241.08326720521234,17935.365081656375
No,No,520.2829480121437,38451.80440848619
No,No,642.1956110304493,27437.18751150672
No,No,1183.4938974161864,17338.594381573464
No,Yes,539.0898276263358,27137.94548995112
No,No,627.2954916269057,39062.57391209508
No,No,1547.2013618076467,33513.85854843001
No,No,1544.2921025314943,54190.88945024369
Yes,Yes,3023.3875923643236,18049.518728334366
No,Yes,339.4011909936365,29516.015366763237
Yes,No,2546.935723165324,36773.4151362705
No,No,494.92417432096573,43215.217651023006
Yes,No,1775.2412972593074,28459.131708698256
No,No,1148.4523272192482,19653.30606964226
No,Yes,515.1069066480095,18675.919826059642
No,No,2210.486862067911,32862.21436371902
No,No,1647.3225590141944,40308.955389608134
No,No,201.26970991565366,33672.867637662144
No,No,459.2020642931308,35650.77021316029
No,No,1041.3162793529018,50755.62186110097
No,No,167.99082949835028,33257.77951793916
No,No,590.0882949822015,28176.26383329608
No,No,1355.5542962668649,37903.246655707306
No,No,589.7624547947476,16341.843509718263
No,No,756.6013621653101,16320.428107709864
No,No,1284.9956392729262,32159.476536883983
No,No,887.8972338964041,24170.9940780369
No,Yes,703.4344351261594,19192.33096733617
Yes,No,1756.4342311470405,42847.73443910648
No,No,699.5475414729159,38762.449476308335
No,Yes,771.2009014006992,22911.174659652897
No,Yes,2081.962767597829,24030.76248042285
No,Yes,1096.238529743016,20478.396788421225
No,No,249.74953616841785,41993.409040590486
No,No,279.6315449056567,41425.41786260331
No,No,352.3904043508341,43409.32849104946
No,No,1327.571690012953,42949.26996052759
No,No,1229.4817121636588,34040.481398198346
No,Yes,895.0198208043705,18562.526666304253
No,No,283.02628662859473,31826.955781660203
No,No,484.6724692645594,34666.24540011261
No,No,1617.2575352054714,26759.734527300672
No,No,574.5435551270436,49798.69154751075
No,Yes,666.9374309071696,34894.02816631496
No,No,377.16851115407025,32299.321397333377
No,No,1357.0202602992904,43808.799976787726
No,No,330.198886607793,39100.21515339696
No,Yes,1334.9868618921994,19973.653940319364
No,Yes,520.1155356319189,26334.07337803569
No,No,966.8293464040712,25757.438949372325
No,No,801.0339789219264,24699.97105991601
No,No,617.6331422045502,38269.03425584885
No,Yes,598.0468216509909,26871.656520823446
No,No,863.5768254471149,60440.87535337941
No,No,794.6121982330285,31945.30094996371
No,No,393.62245436875855,28210.360128516084
No,Yes,1757.9100567166822,29909.279528483767
No,Yes,1498.568622112671,23274.605200613594
No,No,288.6443934233259,27023.796659880674
No,No,320.85444395508995,27641.86694757496
No,No,99.78057574350854,31704.68251779429
No,No,1163.524458659795,44044.51074678927
No,No,516.5424091083156,37816.25986058467
No,Yes,785.8527744977239,17616.2533544052
No,Yes,372.4528018821665,36293.02757147331
No,Yes,787.1555627527242,17098.341010885677
No,No,828.5429826720505,26126.71948980215
No,No,191.00646247864873,45170.26690633779
No,Yes,978.0186759054375,33932.925652829304
No,No,783.5568442923527,37035.56781657136
Yes,No,1679.585784366346,20593.877622370084
No,No,852.3315762097405,34468.981185278324
No,Yes,336.2914447197205,13880.554834997898
No,Yes,363.60084796036176,40843.21531987152
No,No,775.974027901203,36371.679441406945
No,No,503.6756804341478,41514.94187629535
No,Yes,1322.7551907273073,20858.070993322952
No,Yes,219.67247612929143,36089.67022225109
No,No,1199.3789790572898,28475.214093062594
No,No,756.5545557766267,24911.773031934816
No,No,1708.2643815939691,36548.849073843725
No,No,603.375014116597,42300.64385808563
No,Yes,349.5990361931907,38350.863551368435
No,No,265.2282426542205,49642.97858189814
No,No,852.4319822969892,45450.84889633983
No,No,216.89258461152968,26647.997697114264
Yes,No,2531.446792518028,26436.59622234002
No,No,584.7170460472855,24721.536219802445
No,Yes,2199.6191075272754,22395.422709859173
No,No,132.40119004765114,14367.254824034098
No,No,38.20311735902113,47154.57894498998
No,No,354.8454895479386,23254.133068545147
No,Yes,1071.1611256598594,15413.310261485518
No,Yes,867.81152830503,20609.17755875486
No,No,403.8127464235873,20076.169685383833
No,No,883.1890354745011,39942.90593102461
No,No,542.4669379780316,23839.777029071804
No,No,223.55561244970312,38514.69274203259
Yes,No,2020.867020049859,42748.808928622515
No,Yes,41.04748290537851,19604.497978267656
No,No,803.2600506507869,26325.46927558122
No,Yes,826.7512943225887,17834.83201526698
No,No,702.7378032278552,22677.80260322678
No,No,1379.365732743095,29296.42521575965
No,No,258.07766833627414,34173.806024210695
No,No,245.40603574584537,19669.839946083157
No,No,1381.8084897143779,27080.07344048855
No,Yes,1236.5992679754286,24554.436223426277
No,No,1763.7072973416014,33846.7592480477
No,No,564.1088661451356,6828.104120948177
No,Yes,659.5292020423935,27885.422796869007
No,Yes,1538.198315968868,32119.14725307307
Yes,No,1597.5864500209805,27773.585642633137
No,Yes,271.5196523455732,11305.647663440439
Yes,No,2440.0872674581374,25856.123021445157
No,No,456.87979256386456,25561.18454801679
No,No,797.5501525005071,45498.553355219185
No,Yes,1222.4298714823635,15794.463766476421
No,No,1405.62620358312,29919.65457243235
No,No,1138.2617820940613,50282.36560383282
No,No,715.0668520649756,35109.80560377322
No,No,1130.3165838417622,35455.974287010984
No,No,499.8098264312339,32488.03028378387
No,No,422.76490410545523,43276.86653623311
No,No,697.1024670838143,37540.511411453066
No,No,1540.8442494436247,52035.43011991853
No,No,1001.936296115997,53126.640979091404
No,No,466.38953496474926,36637.168540253304
No,No,632.0864776312328,33127.74099485886
No,No,1327.6191880736899,35136.20797774985
No,Yes,991.6949399589599,19484.98896189149
No,No,752.6644478717843,34837.449336546735
No,No,765.4854072312,19079.066923292794
No,Yes,285.94214691536956,18465.483637633373
No,No,109.53011793449147,41364.86953128704
No,No,1436.0018882860318,38880.54376434851
No,Yes,831.9188210200372,22558.968531812367
No,No,781.0845839794482,37688.932091507566
No,No,479.2563251653148,48561.566141529685
No,Yes,2140.8466195672036,20750.700061869782
No,No,444.82498640166153,19147.98123848594
No,No,538.5878248676162,39772.05897164816
No,No,1415.9833551427637,38862.551470660816
No,No,457.41859493345237,41096.96124439617
No,No,789.9740240887612,21527.802692724188
No,No,194.18147883981484,18497.58608317341
No,Yes,376.6169916562486,25304.575764315694
No,Yes,197.67799045922706,24814.623577528408
No,No,719.4108749063306,29928.22465951864
No,Yes,906.3668464559906,33577.19215912497
No,No,789.5877984775625,33401.09770791766
No,No,553.9303035332356,45810.220506905585
No,Yes,693.6991770071198,29597.53024644628
No,No,389.94254947859497,22600.971711031336
No,No,497.5214814081107,24630.67991435049
No,No,204.68955081266665,20677.880969710328
No,No,881.72923962853,37812.61371140035
No,No,1176.5583193821224,34481.07774941236
No,No,593.6215999323671,47000.93923345236
No,Yes,696.0600139500908,27615.578848363373
No,No,721.2803161457613,20520.383435345982
No,No,1751.6362770787237,28879.40529221693
No,No,633.0813105720963,12395.635136189063
No,No,676.2865569856527,36433.728445692315
Yes,Yes,3675.97851472339,42985.238400291106
No,Yes,676.8473425723204,24365.727912785736
No,Yes,1038.415568994273,24858.29758578208
No,No,839.1334104333753,33326.82517721489
No,Yes,607.7967491255707,25940.961264056627
No,No,907.1086009165881,31937.6560614696
No,No,176.33140345831683,39678.55413756554
No,No,578.7314737007733,25775.827476668896
No,Yes,368.6335777840536,18333.171895737734
No,No,923.751800183909,20575.202024090115
No,No,148.3019934537363,33174.738500899315
No,No,1067.8441026023881,22441.766340013597
No,No,29.734361663214916,48025.363893238165
No,Yes,1057.26818508191,20433.415745443337
No,No,263.0053962346182,13809.84437178689
No,No,405.372482262044,22145.744594246753
No,No,556.0307710378457,34850.43352963709
Yes,Yes,2205.1706484584406,28016.484503480115
No,No,260.1733402978148,37039.273557268054
No,No,652.3028412752666,25276.603658525568
No,No,1504.3869194755594,27787.70460064743
No,No,675.1030727842718,26616.597107513946
No,Yes,1174.7145634350643,27416.445959105633
No,Yes,1637.6678945959616,24264.0659457999
No,No,397.3550619046048,29025.96844186964
No,No,438.6768312018584,26905.40221147112
No,No,255.96643668075973,28270.59973505704
No,No,1516.6352185909843,33584.86340711588
No,No,2028.0289933516897,46908.21615268124
No,No,192.31027531711652,35365.96741726942
No,Yes,975.3823750092365,21093.761009768274
No,Yes,481.80802887955696,20548.26241508912
No,Yes,505.87217886185834,35363.261061907026
No,No,1017.8158023617846,41747.26379906422
No,Yes,833.2696130197197,30300.977778218043
No,No,951.4420459765436,40973.903585930886
No,No,1990.6536962075056,33000.59385718246
No,Yes,1011.4957415195654,31834.501565630693
No,Yes,1252.4000148070686,13175.306952507546
No,Yes,1595.9060488350347,34306.5890954287
No,Yes,441.4855738543583,28644.97246366442
No,Yes,1337.6636908995645,26851.300043309304
No,No,412.6074093633215,25930.136758119097
No,Yes,255.06497661578385,29966.71397170418
No,No,896.9539744942729,44950.471949323706
No,No,236.2426775733974,26455.910851056527
No,Yes,837.6656565776976,18732.156349619516
No,Yes,697.7669794482623,16214.73800139587
No,No,1658.680446781424,38979.894893255805
No,Yes,281.8294988272466,22762.89989530272
No,No,846.8265655255642,54724.83410687088
No,Yes,403.14702361207316,12711.368810343456
No,No,148.93317482089964,24793.808624483798
No,No,81.37560683455068,33620.25584791943
No,Yes,292.14603201528575,28105.079537028527
No,Yes,280.12794808883655,27788.216325529742
No,Yes,102.68820699088245,24041.47615979659
No,Yes,1464.2234973799996,25916.74653454885
No,No,1446.3264225085059,34684.33646062299
No,No,354.1226187627901,43993.65597017646
No,Yes,560.76744033111,19556.215250997437
No,Yes,658.8162577785029,20349.06370391627
No,No,1327.903897564892,40394.32981764857
No,No,1346.5668772269544,49223.3987637452
No,No,835.6327425029598,27157.51535597311
No,No,815.2752209907871,35911.82555152756
No,Yes,521.452741226668,20801.011037941735
No,No,82.81029909042847,39047.65789092328
No,No,532.3690846022879,17087.251268043125
No,Yes,1810.7617582655655,21029.934285569787
No,No,383.37347902295943,27757.91029578216
No,Yes,593.0661782264273,21053.52218302719
No,No,1145.7508046329442,8111.181033518369
No,No,477.2756323249688,53744.4762756604
No,No,548.6073548711131,8558.044819239567
No,No,1164.0491334195085,38262.066700018826
No,No,81.29219837870407,20560.812226006965
No,Yes,273.22488291516845,14737.008045362489
Yes,No,2158.7203376790835,34880.228450890936
No,No,1158.1159683426445,40412.47008866206
No,Yes,1520.0600103436104,15921.67001765649
No,No,819.786601357608,22419.45442704098
No,Yes,1076.1273045708049,14385.700766429489
No,No,394.48192696108816,35647.07044753761
No,No,529.9741374895639,23028.05008116309
No,No,1293.4463357287298,46387.121948033935
No,No,450.2571912982698,21962.165249808848
No,No,383.38002890524155,38918.00827317001
No,No,649.2084353190994,48946.74680116238
No,No,824.1129243419747,34188.208645975305
No,Yes,1888.3624728705686,10917.456851909032
Yes,Yes,4191.225769213586,26250.480769381662
No,No,288.18143196417304,31036.81920396732
No,No,1065.9593661049025,33083.57581798819
No,No,706.5930111187511,49360.44856789393
No,No,106.86719667731919,34015.745909526646
Yes,Yes,2176.1955091139293,27044.026880495305
No,No,482.7765380077979,26879.490444017018
No,No,459.47922011559103,30693.84238765665
No,No,1813.0615600037318,44731.90007441052
No,No,633.4343893673183,34863.27432045684
No,Yes,1758.6293274718903,25448.216448769657
No,No,548.4155619326375,43511.119697361806
No,Yes,1153.3068239567722,34861.37760123236
No,No,601.0438435160117,21941.73609558667
No,No,331.77135599164006,28584.399438494238
No,No,983.5353045173033,48080.75395041061
No,Yes,1376.9141116437772,37397.467860829835
No,No,667.4247011478495,30880.443687413783
No,No,83.16581226757665,36213.338021452946
No,No,235.5236869187174,37011.85357560778
No,No,430.89524637633474,35842.85146102156
No,Yes,2061.9315849584586,25183.119379393895
No,No,639.6813231413229,47148.57387585674
Yes,No,1697.5635011296674,15492.569438905222
No,No,1345.0978677878884,26947.487103895102
No,No,458.4201699683347,39887.3927947713
No,Yes,930.4460882526222,19976.3860765838
No,No,1168.1242120537422,36364.70086433519
No,No,347.2540932137284,44365.719049305226
No,Yes,1327.582909846132,34650.90369608326
No,No,1014.0519316363824,36274.46582610794
No,Yes,396.4553171051052,33876.52354532061
No,Yes,1136.1069503430824,24443.043087449907
No,No,615.697654583579,30464.659932822517
No,No,187.78846604126625,18068.8314518885
No,No,430.91047509232396,23467.105089043056
No,No,417.8792017815673,33547.159609172915
No,No,1925.5815667794739,33756.49549189098
No,Yes,287.3377289289576,25056.09332044397
No,Yes,459.41868373360313,36305.45603957826
No,No,885.1639233667951,41011.27831419541
No,Yes,833.3203586944153,29081.262634803923
No,No,569.7905571479085,51779.7824915557
No,No,561.4151168896224,29935.534791758484
No,No,1275.978771833196,28410.90195285002
No,No,336.85224734004925,45724.56095604093
No,Yes,307.1920010332255,26850.832028481324
No,No,80.0167346929505,33056.537878469135
No,No,450.6077102648023,32894.40649374533
No,No,198.88956428268833,31780.303284906116
No,No,517.604821257428,32490.03358580569
No,Yes,137.4993035373337,23430.448491365874
No,Yes,613.7021019611349,21367.815490947625
No,No,834.3711562580539,39054.115258492784
No,No,643.8313835426359,40965.41652987275
No,No,1040.0467378963492,27853.148828552967
Yes,No,1432.692229006875,42526.20678732627
No,No,818.2635942912511,20786.281489334688
No,No,655.9842832274185,38537.57313416204
No,Yes,1085.2218421387436,27326.26210096148
No,No,839.3532954180703,32662.694503247923
No,No,1175.3798352753001,34073.89514687253
No,No,689.6609906442013,31165.290815066965
No,No,217.34953696706546,28423.48328257665
No,No,1385.012025749182,33505.059017199615
No,No,122.80753665819091,28037.006874433177
No,No,1106.2115283358742,44895.3376237316
No,No,889.7673280137395,12474.577951469866
No,No,907.0165133600492,32154.23932109951
No,No,704.6167585629237,14492.381746221206
No,Yes,444.0584273069081,16003.052583050425
No,Yes,733.2621638653994,19412.336900607734
No,Yes,1826.3014662484154,32827.111681809394
No,No,928.0493464187066,45036.81099359996
No,No,935.3427424316351,34226.924216758765
No,No,1548.0225942150003,34138.626688765085
No,No,1672.3607904987362,43874.88216047232
No,Yes,1370.6119129854712,31369.481958669618
Yes,No,2317.1292268355132,27752.027037530694
No,Yes,1108.2823213385166,28159.33288630467
No,Yes,1367.2259006403667,16754.859875353774
No,Yes,1579.9811694415391,20723.738522216085
No,Yes,1939.6553941948528,27609.426120402306
No,No,305.3885309490975,26923.002828219032
No,No,200.45917687285285,29950.095995398202
No,No,231.59615244130353,16912.63748158385
No,No,452.950575342327,38008.2098762308
No,No,1348.1181420683506,24674.397892625813
No,No,551.7255835542626,25288.68039511895
No,Yes,737.5524876899209,32936.65323740276
No,No,200.66322137590342,26626.635560787265
No,Yes,267.6765970963065,28717.405876683366
No,No,440.87940189517514,44492.28345390348
No,Yes,425.8474632208434,29871.089476265184
No,No,1157.6132149491445,31008.420684339173
No,No,199.5760787606757,29228.042672549986
No,No,247.89968364712226,24366.83605528519
No,Yes,1004.6541856819177,11119.44821553073
No,No,557.6064021339117,41222.28101415589
No,Yes,625.2873439293317,28190.35798973232
No,No,1336.4277349824135,38269.75018664681
No,No,533.3357349065627,5118.705171703936
No,No,685.0475358840038,31727.862959195423
No,Yes,533.3730972348995,27856.755333331377
No,No,615.93481455659,46365.53120919829
No,Yes,1421.861724668773,25542.402259699866
No,No,489.17853516358673,35438.92516101947
No,No,766.6995246471104,26711.57455634452
No,No,494.65166228011,37285.55591818963
No,No,76.2566974866915,31131.6691111585
No,No,363.83365142022734,26206.346493640536
No,Yes,521.2166227181243,15348.022925131669
No,Yes,816.5988467303908,16829.98852339412
No,No,1021.0358540424605,36749.20626370257
No,No,573.6284306792292,19621.225371126282
No,No,481.54083219168706,30558.922290760507
No,Yes,970.8283259955863,32604.66530550638
No,Yes,787.7391604728799,13411.171217129855
No,No,197.90292480379455,37992.57756078873
No,No,1704.8395264701644,38971.79480953635
No,Yes,612.3126530967816,21410.957493547146
No,No,656.3780529898868,39721.351865315606
No,Yes,191.16488432632175,22133.737396122782
No,No,1392.2365632238989,41452.76810039004
No,No,456.3987916133459,22819.165603926132
No,No,1828.2010435532497,52390.49692779681
No,No,632.1531335283358,47872.50586468888
No,Yes,1173.2539953961752,7841.983696160903
No,No,491.61989175107783,45224.24919967521
No,No,212.98310998668924,27729.799470206006
No,Yes,1059.5160545330607,33477.5687387578
No,No,876.1343735052782,43588.695027671405
No,No,56.40441930584396,22628.32734283681
No,No,192.65334559267242,39250.85310439634
No,No,1371.2143778964394,26491.570144637364
No,No,458.88296974559984,38880.383639249165
No,No,1064.9671111377452,33960.35810112666
Yes,No,2412.381969201793,26205.098892385933
No,No,916.3082422520368,20130.18719524161
No,No,640.1674832340408,35800.726831454536
No,No,360.2369631230371,38140.724064288916
No,No,811.0972228452551,31921.534437886825
No,No,879.9037394704806,25758.750310484786
No,No,693.3785790883279,28667.859094171516
No,No,1094.9443957660685,22537.709007465026
No,No,233.13413532238494,40861.02873297666
No,Yes,843.8683615176791,8334.682405309044
No,No,642.3325101662446,43017.24845002063
No,No,408.79874845768046,32740.623628292167
No,Yes,1037.7189703457523,27101.489882111917
No,Yes,253.93503371006997,27788.292868464512
No,Yes,408.9341575295012,24271.043075749756
No,No,500.29650029881304,29599.708133421515
No,No,563.0970955919424,44561.329954666246
No,No,897.3519839685878,16346.807311509718
No,No,966.4436925228898,46517.9276664542
No,No,331.62038739073733,22266.746125833834
Yes,Yes,2181.149919870204,21170.744796782456
No,No,858.8607549350526,47813.1261290137
Yes,No,2183.0365883798836,55794.64642912334
No,No,1593.5760572209315,35319.71091878857
No,Yes,501.26329553150015,13967.761960892232
No,No,210.69075299393782,42039.24422028681
No,Yes,195.50116926483432,23176.795066253457
No,Yes,79.51158723216533,16015.743336071595
No,Yes,930.7540912484666,24984.191495833027
No,Yes,467.94269102200036,14281.823486077377
No,No,1008.0679746300383,35450.470805522185
No,Yes,488.8892826254639,17008.295424230975
No,No,327.96794792232765,13820.125612426098
No,No,964.4376478933686,16882.760523661753
Yes,No,2548.8869801873966,27424.024856956457
No,No,1568.4078596079487,38518.67936835892
No,No,976.0978670556458,46040.69335623554
No,No,1462.9807652052145,47775.66359154932
No,No,903.794484586249,18380.02686891649
No,Yes,68.0539772296984,21878.278535623598
No,No,1107.4614586017444,27397.64692888368
No,No,952.8233708002299,32436.790761871816
No,No,1266.851775910261,47604.61826357984
No,No,387.54045648197217,35111.51990187311
No,No,1403.253709658916,42177.66960532883
No,Yes,275.62018911857945,38930.28967082598
No,No,733.7679181504044,17851.418090284307
No,No,649.9589313268675,28750.587437871727
No,Yes,38.669790671644854,27448.58309744771
No,No,426.5364255471469,36165.514439911596
No,No,943.0433963330323,43986.590282133504
No,Yes,523.3532509163949,20763.377460969703
Yes,No,1708.568132457621,35559.94303666628
No,No,778.1736491761615,25937.783125889655
No,No,534.0643657351754,44138.63464077885
No,No,1408.429927297163,33920.92734124782
No,No,469.16836403644976,47537.70260315929
No,Yes,299.05043126428,33327.49743641866
No,No,996.39426701792,20683.817578943235
No,No,207.40047285228104,49149.576350286756
No,No,443.0655904401443,42810.86520326843
No,Yes,815.0318436249919,22354.10095275313
No,Yes,634.7453162733178,29338.59254712359
Yes,Yes,4643.403695528118,19894.79047947817
No,No,910.6234754620336,47110.45597659923
No,Yes,724.2893499086555,24144.292857016913
No,Yes,476.8117376989328,29665.67971644209
No,No,853.7263317060905,27191.457114999655
No,Yes,1739.0906902396794,25421.95602799648
No,Yes,166.3898590586011,29651.610265202457
No,Yes,1004.9399236702243,25604.253893443627
No,Yes,691.737278508073,27379.791224742235
No,Yes,1377.069601430519,18131.77610258981
No,Yes,822.7104115533707,25581.7617896117
No,No,933.2218399925453,25954.06430966599
Yes,Yes,2732.920430247948,23321.467280330464
No,No,1174.1827711845058,28570.668427189335
No,Yes,631.5392242178791,22017.614637562907
No,Yes,339.41060719719525,11188.613312595307
No,Yes,693.1548993060536,23635.262627309727
No,Yes,344.2388080596972,22697.291345343398
No,No,731.9918777319327,18346.119735207038
No,No,733.6021890440973,36912.659454726396
No,No,171.1285601788882,41760.229229617406
No,No,717.0965224420238,36652.74070949333
No,No,1835.9390418953901,41356.8424957273
No,No,697.6770501009032,28230.187316761596
No,No,481.68259018140213,31372.174872779084
No,No,1110.8573218183794,34241.75501247197
No,No,587.4768128311679,34959.90361161283
No,Yes,749.5986588264517,7002.296995334703
No,No,1408.4789894484197,24291.143695816703
No,No,304.9913339958468,43523.442202797756
No,Yes,1499.9322114342378,17973.666201053176
No,No,162.04613927304473,31030.811638259376
Yes,No,2449.999493045309,32978.710767941426
No,No,313.00169464842656,20096.486486960745
No,Yes,850.4436475331677,34511.1493138852
No,No,1644.1817027642471,33186.90240563334
No,Yes,199.73971587565458,17454.77362588975
No,No,437.2292845174788,39984.564959587704
No,No,1182.2111399347484,30532.759870064834
No,No,108.3580357220872,34087.75950921454
No,No,949.2220189858859,47588.55308167872
No,Yes,1020.8613884660143,19661.645622145646
No,No,92.53103064776042,44927.84992985988
No,Yes,92.20803679718705,21054.620060451187
No,No,66.12474659990342,34182.53568305061
No,No,821.3566720933787,36531.29453069181
No,No,355.8828725929487,30053.860524803396
No,Yes,179.59944012480057,16332.846123088797
No,No,1312.4589691915237,38031.72848346344
No,No,1730.975291581141,44714.87032581122
Yes,No,1659.1889743325364,39768.06400418837
Yes,No,711.3193306324898,39479.27080024252
No,No,80.9343731279561,28924.110947404988
No,No,143.0382890439882,40383.60609197598
No,Yes,276.5530033764857,25956.998744629054
No,No,375.0370128717535,42128.960522352914
No,Yes,1953.8404945039717,24140.75948354561
No,No,868.8907900094983,39467.67579979066
No,No,680.0081598403577,28667.69550046612
No,Yes,885.714370251666,28317.565397635663
No,No,1260.5708237244637,20903.60220695949
No,No,1205.0952013745357,30153.36429087167
No,No,673.2421663830377,26526.552665057425
No,Yes,1731.9198989345332,47991.099824814395
No,No,444.13734471320606,40021.33510848475
No,Yes,1386.6016197757392,15863.333420710596
No,No,1415.9245257817472,19822.698907137656
No,No,1252.8357938763493,16042.993970798707
No,No,273.5981717856562,22102.749308391525
No,Yes,668.0907126471159,17508.65287940644
No,Yes,121.56913422626374,16622.52698212793
No,No,191.2475075777749,28828.6211613451
No,No,528.3541404540986,41845.01561585318
No,No,700.6755765716395,31508.69022481477
No,No,866.2691218410748,40629.01363085146
No,No,187.2087671983938,22849.131158212505
No,Yes,708.1252040167827,20772.1722940409
No,No,1295.5890272404301,24120.095281414477
No,Yes,954.1925593849874,26549.04974544666
No,No,982.443091129768,31688.45708934863
No,No,701.0578941020151,51230.78005928677
No,Yes,417.149393841512,18757.013881410516
No,No,252.83544245650802,23103.969332731354
No,No,556.3281487163539,36467.397631334796
No,Yes,1283.691824435303,22216.513136298316
No,No,300.03887384126506,38525.11684437542
No,No,432.8345958365561,32883.278996531306
No,No,670.4346616940003,32093.093311155902
No,No,1952.7417678741938,26820.306082335526
No,No,837.349683346557,30804.103610582737
No,No,818.8875556077056,18203.309737806143
No,No,491.76312413645024,45476.68749877447
Yes,No,2003.0896355164239,46196.78241010128
No,Yes,859.2215792017934,30012.54225651988
No,No,1332.4227787889936,28921.57745058133
No,No,253.52066977344128,27217.365269172304
No,No,606.3225347039591,38490.954079243435
Yes,Yes,4268.449366357448,16788.55975779603
No,No,730.353571970655,44866.57876134261
No,No,475.7938144208481,9689.000843428003
No,No,1367.8356988581952,28980.63306735074
No,Yes,619.6725048435924,15997.851306902056
No,No,545.0079133016362,45969.11928243176
No,No,112.3714061497891,44234.7463521893
No,No,60.78458349829033,39143.73343630205
No,No,899.0485315094686,52656.26305174645
No,Yes,528.206518712646,23520.083886729553
No,Yes,1230.9356285194197,27868.805439350523
No,No,852.9837067279374,17524.120306337078
No,Yes,844.3505276017823,21209.076265221385
No,No,548.1536878100003,34600.44058907324
No,Yes,383.5317851994622,17033.01252973207
No,No,295.5258700883113,36055.224367955
No,No,159.57533167828004,13812.60929495524
No,Yes,778.3266428522486,26950.921555756442
No,Yes,2346.3009805815864,20407.607345897803
Yes,Yes,3091.7161597939007,17938.55639253646
No,Yes,371.0230320232932,28653.556613541525
No,No,1228.9357058785065,48138.38168728734
Yes,No,1617.851384155343,42418.1243169469
No,No,387.0590468592418,25385.62917234629
No,No,1107.7302109166408,40181.54629972315
No,No,1450.3764630462567,30940.48207413333
No,No,156.90182761543957,44794.32317813106
No,No,928.0173390533766,35711.16456013394
No,No,256.36323496466593,18754.22944564515
No,No,956.2044752790396,31079.431612891265
No,No,665.5246808438446,25247.197503848914
No,No,122.63984774443428,25727.789504532495
No,Yes,433.8267791960784,21175.470859536388
No,No,323.8532126296762,36242.12818217656
No,No,1411.2120791406805,42580.48460506185
No,No,619.2079509862599,28245.759607208885
No,Yes,358.4391321524672,31938.730690447486
No,No,1035.0935012969958,16475.96460190047
No,Yes,631.3188166798302,17584.72548817508
No,No,775.7678481108287,53982.62711728085
No,No,580.4686489620691,22073.87184801331
Yes,No,2517.27187357666,46012.77024961427
No,Yes,924.6025415257607,23268.14277632586
No,No,1122.919038533918,32791.4083656956
No,No,1406.7621263368364,42852.61564975431
No,No,624.4394805860339,41451.65777536558
No,No,1642.1744678599541,46837.5131543706
No,Yes,1484.6871253776483,21720.61269423399
No,No,72.27045407596752,34929.90957184108
No,No,345.03929321350034,30998.06615326037
No,No,632.0633818216544,22381.13403526124
No,No,690.295153754406,35206.28745410547
No,No,395.38663804400426,31851.128823322437
No,No,907.5090975063896,14786.153002833347
No,No,514.1010443183158,44593.935435878404
No,Yes,774.8688030997829,24486.72253598836
No,No,496.5862907966905,26497.711634560386
No,Yes,662.6759246518836,25776.977036877957
No,Yes,324.94311448054174,19781.22933061119
No,No,851.5543382200608,35514.9451784469
No,No,996.0724987893337,47372.052684128066
No,Yes,226.2849268238996,26241.25272942498
No,Yes,484.414120785326,20040.54002188634
No,No,682.2861693822291,23190.521221413775
No,No,1897.8930741093127,26356.615185281276
No,No,266.9981794907369,41620.39023797824
No,No,511.15870362753935,32934.29861326828
No,Yes,533.1587596069785,27368.270129214117
No,No,815.337668600927,30703.478927924927
No,Yes,317.0697723128651,16916.283190576414
No,No,382.81528004233894,39489.984011251625
Yes,No,2471.0633270160815,25411.02728789159
No,No,84.19905467744643,29420.681874554662
No,No,623.357274326115,21260.847951612872
No,Yes,779.7940228695194,16903.597438533267
No,No,457.79613157048067,42457.227321736216
No,Yes,1670.348442444626,30785.04661642484
No,Yes,915.442468471578,31090.330241682448
No,No,2020.4060797614122,44449.258219656214
No,No,119.75460469194019,29959.68231763345
No,Yes,1085.1558798593248,28107.750790390786
No,No,804.7799459539239,44028.87506078674
No,Yes,1159.2132420119892,17341.876895535268
No,No,1309.6310733732669,35437.72296282353
No,No,1672.6939670323404,32224.104946002906
Yes,Yes,2721.2926090403084,10350.549795213145
No,Yes,255.4432612282277,25729.531266529637
No,Yes,1100.881999259603,18447.999788103134
Yes,No,1449.6812169156697,44012.24380248962
No,Yes,738.8246753747436,18113.533398295884
No,No,288.57543140516594,36791.1144967323
No,No,293.8635452977904,34621.79779775554
No,Yes,440.6423705779126,11389.112072458585
No,No,859.9139561253023,30296.58361843041
No,No,385.25456675500453,37072.78411740298
No,No,677.1126952055079,43735.074418053715
No,No,157.17510487579756,33685.37390051978
No,Yes,187.88135650857404,29792.624695249542
No,No,1037.23339414062,38873.66528866505
No,Yes,32.72087239343701,27445.689004762953
No,Yes,2092.71041928885,27758.700633932436
No,No,866.6590888379884,30754.27202808546
No,No,192.4776668053428,23608.552681930123
No,No,829.8953320168013,49197.54682727804
No,Yes,547.1871231029259,28828.296845975467
No,No,280.6199272304485,32815.23123487509
No,Yes,1798.3298997078307,27770.117712052943
No,No,973.9734098247615,37473.88759781462
No,No,396.6542620106229,24958.657032175885
No,No,335.3043316782631,30121.761196447103
No,No,2098.475393561597,46764.40565216899
No,Yes,1060.3472884526007,23412.908894058175
No,Yes,825.8113454026436,26076.618843176602
No,No,331.9735944626898,46096.179891688924
No,No,326.25366779729654,33416.8383697961
Yes,No,2485.121102569642,24186.530131653257
No,No,1075.2051724357154,34633.10578303227
No,No,639.5901324196553,27916.53991709453
No,No,175.6784906402965,19584.23768202735
No,No,432.218846256494,41530.470836745684
No,No,879.7890388421473,30936.785995006092
No,Yes,1737.7099453185224,2553.1598243006138
No,No,726.9658319642464,36035.214803526134
No,No,1433.3542822416791,36158.3052463183
No,No,732.2500666070313,53007.85703546033
No,Yes,1619.9086936154235,23420.842089220638
No,No,540.1713504017755,44176.10720102078
No,No,1352.0508458754177,39965.61099628024
No,Yes,541.9129521432292,19324.0444405557
No,No,1113.551463122418,36982.93172679538
No,No,779.43111146201,31855.811857694818
No,No,54.644250777724736,26622.549363916427
No,Yes,421.83854830943704,19834.026921178844
Yes,No,3091.8763121924803,26977.052046748973
No,No,969.0648139481184,33403.11741806621
No,No,433.01820620129865,33452.73425017838
No,No,171.5516471708638,28002.045897827713
No,No,708.3376648854204,31418.141596928654
No,No,958.1397490173575,14740.345039341526
No,No,428.97258708579517,23415.48276570756
No,No,815.4595269988755,30575.560719830006
No,No,1507.7427594558674,50216.766066393844
No,No,301.64110761285735,39832.36588791951
No,No,412.5055569447546,23726.90218349996
No,No,133.0061294495065,49648.272099523834
No,No,1556.5158181105269,33483.93165380798
No,No,486.88340585364676,22153.683317132432
Yes,Yes,2356.695008966068,22897.598202698315
No,Yes,49.2146194809941,30345.6153565796
No,Yes,1019.2662967526447,15513.96585043251
No,No,1018.8525898745107,23138.63080624007
No,No,970.2418031132057,51563.18593837564
No,Yes,1468.834525035791,25524.991491940724
No,No,780.7213867985246,28783.4086513687
No,No,746.7939588033948,32437.86816421875
No,Yes,171.85388305859496,25448.6621082375
No,No,606.0987522730143,31565.465676572156
No,No,761.2682391536044,46998.300199126104
No,No,360.8331639585189,34489.3023127711
No,Yes,380.04812852801484,28095.959454739936
No,Yes,1152.1513078919481,24033.20908877802
No,Yes,1368.862046643487,23188.565967063976
No,No,337.0697188344036,42429.5593717394
No,No,549.4904795124595,42639.21134304296
No,No,862.7083327655415,17164.287423711845
No,No,367.03728360587314,33307.214407713305
No,Yes,788.4632942784605,37797.964761225805
No,No,798.1774014483963,29038.38237252114
Yes,No,2202.505536821378,38040.68206073728
No,No,556.3241887190732,45972.60852694475
No,No,112.94982773532334,22418.570775267144
No,No,152.5600531835883,29767.22674762828
No,No,365.36539932485465,17781.145733608686
No,No,498.19326612250484,34544.59185474407
Yes,No,1445.472229223078,37348.33002868354
No,No,580.3840293914624,39934.53311900063
No,Yes,1169.1726089519425,34466.42907636637
Yes,No,1699.312417470289,34135.09375966915
No,No,1110.497556297618,21973.78837985618
No,No,507.96580564364746,24690.619847253285
No,No,609.5227548756122,25877.226336362168
No,Yes,793.0801753594012,24903.83786730926
Yes,Yes,2131.420771442483,39899.82140330707
No,No,1358.9455395597358,32779.579976435874
No,No,1304.62182795705,47240.55354326009
No,No,922.8552641146254,32359.476188519846
No,No,784.2062835342517,21884.41181701665
No,Yes,701.540456743109,17735.31512872592
No,No,220.36501665836417,26209.16052611282
No,No,1091.8336659559554,32277.522884516435
No,No,422.72435325033825,37555.4937982028
No,No,1210.7446990341125,26914.57151066892
No,No,85.9852183968171,41406.14877509264
No,Yes,316.5876233057614,30780.500661484155
No,No,1327.853722371002,30866.47732803595
No,Yes,2137.9418898742747,29876.986230014885
No,No,1203.8527323634876,14077.65166991268
No,Yes,362.08270586934634,6942.3326111878605
No,No,1401.8691013653654,41827.88872122865
No,No,321.8902941791264,29280.842596944512
No,No,1412.7930897503206,55536.56792889412
No,No,243.26653347086307,32571.456828908948
No,No,467.9649463131966,23497.191174613836
No,No,30.134421262859956,50366.90733042391
No,No,261.1539209483081,40057.85661153367
No,No,1084.3518224933441,48987.75299304847
Yes,Yes,2801.8904562764023,19344.29390313301
No,No,1476.3302664736805,37144.522964551594
No,No,1172.3618923427637,24744.105174349803
No,No,154.2597054680775,16041.205887084001
No,Yes,569.2934319002694,28647.058225109333
Yes,Yes,2391.701534667338,20252.113579374574
No,No,693.4593716855459,23542.00478600415
No,Yes,254.71241626504485,13733.05602535947
No,Yes,566.8787102591228,24729.115588876615
No,No,66.30848946086427,34141.40605070528
No,No,1261.4161811256895,28665.34236082325
No,No,173.09047285868706,26758.057809952348
No,No,668.7284723347983,41160.807327253795
No,No,205.28408381721906,8677.513219775523
No,No,765.455513949717,39809.70950029144
No,No,1212.6661229271642,38152.14081344973
No,No,425.97213808999345,21196.167878877764
No,Yes,1981.0500276506548,9909.770244461675
No,No,1124.400841835248,39385.59059079159
No,No,990.9060754693958,21761.81960690206
No,Yes,1937.3109667150175,34463.73440997483
No,No,775.8510404639413,54680.67362558941
No,No,499.4588853874661,37767.569903650954
No,No,897.1408510847564,32485.861263585437
No,Yes,261.77892578267,21916.822425061644
No,No,1296.8572504336557,16440.597502814006
No,Yes,1557.67202089468,21449.934478873092
No,Yes,669.2548663137961,20239.252217065652
No,No,401.1597577353962,27138.2600676545
No,No,792.2364539616351,37417.92410973734
No,No,185.22872796760723,34813.094153944585
No,No,490.0693765313911,41361.884412820255
No,No,1557.2292196827443,29064.35219383422
No,Yes,318.60961740743755,27668.348630166616
Yes,No,1703.3475350692445,33579.52053374053
No,No,930.982488956407,39464.00142527024
No,No,1020.5677898204044,32722.844529881982
No,No,406.65841129655666,51280.377726452854
No,No,305.24623904671677,9083.39638811327
No,No,535.6706247001226,39756.17431735805
Yes,Yes,2455.4609796898226,29445.224814820038
No,No,387.515066810533,20832.410033013963
No,Yes,61.55050975182357,36224.7576073984
No,Yes,876.3312504136508,23606.418595495055
No,No,1488.6211000785954,32253.086087679814
No,No,798.7014178779796,37212.980045681434
Yes,No,2138.5102562741945,42375.039953976644
No,No,1075.9172618507546,34822.16692640649
No,No,806.5557416558395,34506.79740760986
No,No,529.9714662237891,41878.38283484493
No,No,980.8762653220131,43188.456641668745
No,No,146.31824096252893,36865.7579549306
No,No,2048.816160255978,18023.89403120356
No,No,1215.7044191765242,23314.54705578067
No,No,1210.8359598420486,44346.67749509014
No,No,646.3088384091945,30719.397958670408
Yes,Yes,2004.7603479464533,19259.679895919
No,No,577.0225558662254,37899.64691738555
No,Yes,516.0225013182722,25661.713334911994
No,No,698.0565045348994,31318.6466974059
No,No,1244.9883813617837,40935.51593075614
No,No,368.1401690638212,20819.853698683175
No,Yes,378.402333768803,11322.976809956077
No,No,304.41221473163984,48525.827508508344
No,Yes,548.0315679919886,15590.357958824434
No,No,1332.668713686728,18744.532234543116
No,No,768.29684852985,30238.345919174215
No,No,227.61487008195465,33203.98518890572
Yes,Yes,3404.3657513990015,20101.374147751023
No,Yes,233.66142361511427,21850.92348788011
No,No,459.58635791501774,19286.251893648136
No,Yes,351.97196131476267,28446.396418963355
No,Yes,452.3753528006,12742.630726646423
No,No,704.2347530804595,33725.07349351006
No,No,562.4914555960436,35839.1699233084
No,No,338.55282270732994,39988.98798965435
No,No,849.3407313520173,35773.458035253454
No,Yes,1135.2037301715961,15831.888574745444
No,No,1072.8701162555012,29387.691901401926
No,Yes,855.5878640825789,18522.15405242854
No,Yes,1100.67966727147,12438.829007664752
No,Yes,1265.1446038542008,26499.017880127994
No,No,383.16418661262816,25933.39708564944
Yes,No,2405.880595216956,34987.27706964407
No,No,1998.8557078841286,32388.913337225084
No,Yes,1478.2583994513911,15498.942113595684
No,No,502.41714504562196,21473.08616976565
No,No,87.41395229482873,30149.317280723102
No,No,115.38046353513035,20364.966067302434
No,No,534.9994252210012,43387.75928521509
No,No,2008.9760091873738,46949.4687644905
No,No,581.7445526991952,41330.29292538723
No,No,289.6279191577972,36990.704507698705
No,Yes,368.10255343169075,23878.946301620515
Yes,No,1980.351145405297,23021.327927457503
No,Yes,653.1643087702747,29242.92724016911
No,No,1900.5562782286734,47208.39583519286
No,Yes,329.2568239845444,21073.997779330624
No,Yes,385.65290891313236,23195.683422591344
No,Yes,536.8775870258323,17795.09828607165
No,No,964.3585522733582,30187.628557421427
No,Yes,1366.3427437658495,14647.159783020155
No,No,357.80395547847445,30607.42906106371
No,No,398.0228686631311,37826.90996162477
No,No,163.3350261467833,36751.594256938064
No,No,157.38659179718593,36006.8857787255
No,No,295.67014525947883,9087.11416837127
No,No,1778.0899766964164,33980.08488483005
No,Yes,350.1149099038738,27742.067525365906
No,No,715.5902003873018,33412.32716360448
No,No,495.84624366630015,44854.11085457756
No,No,271.89684038973627,32503.109043716395
No,No,1035.7609083728403,37471.60440646701
No,No,408.6098237716274,23472.90145749601
No,No,1276.8378113439883,39362.226748557616
No,Yes,1565.0576141054237,28957.404845834895
No,Yes,508.00125980081185,18454.907855214544
No,No,1158.8400344836896,19205.40299674931
No,No,1154.959304457109,28991.765889228678
No,No,522.8130035928795,23518.396992601407
No,No,468.4710974265717,39488.933435717096
No,No,851.4196789341778,28611.157653072147
Yes,No,2287.095414047107,40684.08476426985
No,No,1479.1134826013244,17861.9814496306
No,No,702.4727359027358,25217.171321768008
No,No,87.19579195203438,25861.73431863064
No,Yes,776.9380041986775,25379.43077518613
No,Yes,102.7920746236668,8915.430787780862
No,Yes,163.53324760713767,21527.16434807869
No,Yes,398.8926941493127,20898.912978261316
No,No,716.627288516436,37115.62868556187
No,Yes,443.1768370076672,23802.853054484556
No,No,1579.4999208164347,23954.941514822003
No,Yes,781.5437098203039,7638.753795214477
No,Yes,460.2132835629529,18055.362813008644
No,No,1094.417587474872,20832.126202261228
No,No,346.37435546357625,21415.49106335431
No,No,730.0674813723491,26151.833805535796
No,No,39.84845828385405,41676.45726078391
No,Yes,409.51251994082304,14565.606210835424
No,Yes,1811.6807533680433,10465.05939631909
No,No,928.6327630753347,27705.097062458633
No,No,792.7889420090943,30715.930117122272
No,No,1039.0206179206014,30047.61174267844
No,Yes,1822.184216392137,18832.964561212128
No,Yes,768.9314170057287,21737.23592971953
No,No,423.5164158282024,35655.073496476456
No,No,1150.6261035462949,24779.811299939232
No,Yes,672.0359534909824,30465.126669543988
No,No,415.79892578424653,31669.42272100848
No,Yes,605.5152615445348,30305.910223775296
No,No,924.9316545907618,36135.359332565204
No,No,103.91230305521782,20897.419542863157
No,No,937.1591228596524,13950.410054378994
No,No,238.11726251772492,44149.88592031859
No,No,367.5677942642883,24375.61395917733
No,No,184.37369876169186,32528.45795367441
No,Yes,1283.2565689077603,19230.89455853737
No,Yes,953.9846212120394,32846.85190252147
No,No,238.8710669710009,32753.25289895955
No,No,1193.0940987227225,19697.18273620947
No,No,138.48379177117548,30861.8471700435
No,No,479.83978019878026,44746.654557934045
No,No,173.1296915162972,24799.478804910217
No,Yes,685.9261575950594,12518.138452403533
No,Yes,499.37286167039645,28561.314986314606
No,No,215.09135798302253,23710.59940063143
No,Yes,789.5835393269598,11550.125127285623
No,Yes,306.9892759861585,16833.324863023896
No,Yes,68.62638114877933,25005.53379378916
No,No,133.02914025844555,37368.418195334685
No,Yes,567.7674798069639,25857.524761154193
No,No,529.1142721440673,22714.961440851996
No,No,318.1143731486484,41968.53693399184
No,No,1714.4977479982238,40336.197510505335
No,No,839.240510904437,37826.15649559556
No,No,888.0883489573565,22453.53983178339
No,No,289.57404004653336,26989.197275376737
No,Yes,308.72119957552286,25421.02301292819
No,Yes,905.7702102131682,27272.887189608016
No,Yes,626.6047497860452,16130.534929562778
No,No,808.029690851153,50675.29753138529
No,Yes,619.9648296312358,22263.00639443256
No,No,1101.5838254908542,42671.89441135346
No,No,662.9347263371893,20768.15254225488
No,No,572.1707109364447,35253.95407171773
No,Yes,1129.4680054709393,14376.206123466345
No,No,1874.5699905146391,34711.158600306575
No,Yes,1266.1657461562804,26476.990965849116
No,Yes,240.08315525948908,26865.356629005124
No,Yes,670.6113309706943,18075.90600330762
No,Yes,688.5417411685854,10506.718701611268
No,No,824.0304107759993,36424.992737177854
No,Yes,564.733333459483,20449.95687562758
No,Yes,777.2676794278549,20446.309149686585
No,Yes,826.0329038139057,16785.133804963807
No,Yes,950.4204836240265,22863.942953664246
No,Yes,238.65820075249457,23207.50467524145
No,No,227.33091117301575,43750.16833705027
Yes,Yes,2714.740706975742,9124.129966245806
No,No,76.74046421562997,19972.159601876472
No,No,682.5011240111359,37799.23846699797
No,No,1054.7545507095801,11184.012716025827
No,No,269.80962886047695,25971.61951012498
No,No,1474.5803469552632,56945.86820054367
No,Yes,800.5427036219409,21295.907271825112
Yes,Yes,2297.5086671872164,28135.876282108526
No,No,293.5779374892231,16382.605376641393
No,No,563.8989646235073,40200.93089355793
No,Yes,521.5032723625583,20599.097356632028
No,No,385.45795326448257,36093.30971346884
No,No,405.16585654302133,38768.05541261995
No,No,499.01213007472205,28055.301267400773
No,Yes,562.4801860645957,26647.16828761305
No,No,1142.0453221408297,21993.041375361456
No,Yes,1292.7499538685915,23616.97591864336
No,No,146.9370735839018,38400.28253317602
No,No,404.71774169323885,27805.604112130022
No,No,854.7320673194968,23572.506990123242
No,No,797.8459692532841,28637.948775624653
No,No,540.4687487333059,44101.856663243234
No,No,645.6935412037177,42568.387683699504
No,No,479.08929142241334,40808.048299381706
No,No,1213.3951739433535,48578.313438037585
No,Yes,1347.66270691533,23494.0824471847
No,Yes,613.5813329214182,24681.25626371053
No,Yes,745.9082713811724,9499.241878817402
No,Yes,615.3847806899014,17079.869386642196
No,No,581.5198586494229,38614.72632708368
No,No,1342.8387304627722,42182.21588532805
No,No,468.70374621474616,20572.435801563515
No,No,388.3753297514079,32569.107212646115
No,No,618.2663290166931,55094.143713093115
No,Yes,610.3531202266662,22835.984454791167
No,Yes,408.97413929240616,33563.84858698698
No,No,1020.3355055573317,36972.88366771407
No,No,1100.9229713318227,39113.68634104326
No,No,712.1970509791059,24405.203860340294
No,Yes,446.47261210898193,12187.33789471482
No,No,1218.3101620853954,40724.08006738269
No,No,217.29447728459434,36571.04576425052
No,Yes,655.3804773838212,23873.978149326947
Yes,Yes,2657.4168432078395,14160.259010446613
No,No,724.7315250591059,29932.370606514985
No,No,491.5277846923192,27333.290885979633
No,No,888.2396422369147,28312.494397047984
No,Yes,1064.9263165231266,25049.33917564308
No,No,1442.7450714019612,40562.29230508833
No,Yes,384.4752026028593,25452.53084940377
No,No,910.6228176787081,35444.61215883763
No,No,617.7113951639664,34635.18653602515
No,Yes,812.2350732624828,22226.58808916986
No,No,600.2648770053968,25193.340072734463
No,No,592.457381481612,33968.460723950455
No,No,149.68922608947202,40972.760838722075
No,Yes,540.9553892876684,22642.92177748627
No,No,604.249238072725,24296.366068833508
No,No,829.0930534888493,21543.55569015176
No,No,680.6175749794942,23962.176200791153
No,No,660.7923822483742,22062.664605035454
No,Yes,1160.0866143000121,43688.48294887288
No,No,1623.2536761963856,24722.71151158189
No,No,543.5974777307482,33115.6943923841
No,No,316.2665614923576,32632.301906664878
No,Yes,1450.4914498982746,33343.20383382439
No,No,903.7088867038971,37793.74075406256
No,Yes,613.5621399555703,26421.46157382891
No,No,1232.6211612419656,35243.85665532435
No,No,307.1538036468477,36250.93252999772
No,No,547.009379461085,36722.55156171393
No,No,497.4903170342339,27225.923616766424
No,No,1274.4570858137522,24326.4048491316
No,No,787.567779996669,34086.4205317504
No,No,231.44193244161286,28130.770250802685
Yes,Yes,3225.225774172257,24740.566646663752
No,Yes,1128.633818468327,15895.141660259114
No,No,367.72877027306026,18762.41992181024
No,No,1542.3695639608884,20706.76430118054
No,Yes,765.9501930977053,22932.852240783766
No,No,571.9051141913443,17344.313167424578
No,Yes,719.3333228421947,37097.61826645981
No,No,633.1900509695927,53022.322197953275
No,Yes,741.6148069309842,29648.45287174447
No,No,577.1659305255254,29805.908776589305
No,No,419.50168020191325,28663.985280598114
No,No,345.0003626696947,36465.35831958767
No,No,718.783054649716,39466.20516381778
No,No,350.65922579508907,36462.578373574725
No,No,807.1994236588981,20395.266058875233
No,No,1492.4597666882175,31600.912929286504
No,No,631.3166453823569,38832.657549792486
No,No,742.841526445772,9884.616100060692
No,No,1277.0556157743174,22446.8888548863
No,No,539.3275560437684,38758.69513556464
No,No,399.9929900378996,30378.60281893242
No,No,39.4942447627144,30388.765560200965
No,Yes,834.6971494705963,31209.09134057775
No,Yes,484.63257358074327,23073.323916962694
No,No,510.0622262286466,28765.457434391716
No,No,72.03712541981537,30414.264432802425
No,No,508.9701729457493,30743.544130739552
No,No,240.71696922345177,25154.598712960702
No,No,199.83880108965073,31274.693471182138
No,No,270.9598093334058,22100.97786291314
No,No,242.59656399780178,30166.76902707747
No,No,1136.762199603561,28339.106992716355
No,No,1324.2994360669663,35813.53636549854
No,No,704.5821124949405,48645.24244784984
No,No,1886.0812276774973,36095.67150584961
No,No,488.26629111557855,34531.481782214265
No,No,304.78904951161627,35838.35802855694
No,No,605.3807813970673,24871.84754127385
No,No,276.01357628038517,40519.563337598105
No,No,654.018780347476,37564.016420366184
No,Yes,1181.5766799996738,23135.08691533068
No,No,271.39854305479247,37049.782036937504
No,No,1644.4426524390615,36776.46038952983
Yes,No,2302.8208003007785,36794.61747822985
Yes,No,2033.9015599950667,43442.661357839934
No,Yes,123.14433719910772,18143.129650071744
No,Yes,506.00615945245977,32628.48910130658
No,No,771.8084517995092,17473.41729316236
No,No,175.1494935563173,40118.89603517041
No,No,192.89491408017443,35177.60318471177
No,Yes,112.06609207533243,16709.62718997622
No,Yes,780.2236684359791,30653.72136703132
No,No,810.1188340902474,15364.857148303436
No,No,1282.9990469308618,49752.227452879815
No,Yes,1083.511980573189,39247.700817676436
No,No,1010.2068654367391,31867.998424130306
No,No,123.8227975933623,23222.81643949901
No,No,750.7489507952897,27722.62865765796
No,No,591.9546434602569,43251.14521120707
No,Yes,436.6618680673112,21193.37605729137
No,Yes,560.702960159078,2901.564249971141
No,No,813.7289705153313,37334.27368642147
No,No,1052.8334376118871,42438.38810963403
Yes,No,2113.938913161429,38643.11918251578
No,No,847.7856168256274,40233.222755307885
No,No,1129.5131719752394,49545.229462218034
No,No,1102.5433705608245,31385.39449977497
No,Yes,1601.657669683654,35478.279131025985
No,No,239.00285405490155,31956.279597946574
No,No,663.8889534122535,44766.51563038762
No,No,285.803599530553,32075.896398406356
No,No,302.92709242815994,53883.05825759681
No,No,866.2115428334797,39979.17588333574
No,No,876.2667223333699,32538.27842025701
No,No,841.4676353421382,21504.172845735182
No,No,396.2318166948808,35562.13226822116
No,No,678.6892224138169,25307.227750866856
No,No,508.1589750297621,37909.99944705157
No,No,840.2902134870184,40089.67873015373
No,No,1307.9212638968827,43903.609061715404
No,No,272.32743357657864,38877.06650512417
No,No,625.197097277178,34300.579625110724
No,No,1128.9303927135418,46745.69818193039
No,No,136.92803436239706,47904.67739401277
No,No,1201.488217963189,22972.928272971607
No,No,67.48711098834741,51120.7780763397
No,No,238.12505956124048,45790.46158974032
No,No,602.4132348795342,24968.859965228214
No,No,496.5429909951387,14708.658256681894
No,Yes,540.6774171335377,31881.306869336117
Yes,No,1996.904639626946,35562.45637627437
No,Yes,252.34849506914838,20262.591753286026
No,No,890.5484991746533,36639.26446629339
Yes,No,2047.9044635719763,45362.78271231893
No,Yes,1382.3876381411487,9228.95872982217
No,Yes,982.3720899022671,24333.282100775177
No,No,747.4566170286705,34074.03977019311
No,No,446.33116280246935,48464.56059372569
No,No,420.04083592064836,41785.327771235156
No,Yes,207.14335995476904,29184.597033922793
No,No,1255.6419860717083,29061.43060503051
No,No,190.53862201767288,40195.784305050845
No,No,592.1857340599782,28648.55734571858
No,No,485.16087134844315,32412.596369760635
No,Yes,865.4128136296436,27467.21270698412
No,Yes,1174.2325099685138,24047.676173044933
No,No,435.06254001093413,36662.37251021202
No,No,236.96208077283814,46630.443869905255
No,Yes,420.7791200936089,20895.237427412954
No,No,281.0963958656793,23124.003044421028
No,No,2083.7156346161764,24432.37937082875
Yes,No,1497.8105896259497,22255.23530046575
No,No,167.29354712824153,49574.32550945298
No,Yes,588.1818804753816,28029.685283482457
No,No,270.15742667588944,44205.33573557886
No,No,357.3275809552292,42412.830354649166
No,Yes,479.1120061581293,22061.179095308224
No,No,298.03960238783816,49798.87868592979
No,No,1178.9322275570537,26590.983046455935
No,Yes,960.2596610467298,37536.60013044287
No,No,754.7621468340797,34737.12251616012
No,No,1610.0227366758336,51386.896662497806
No,No,1122.9820647925624,23008.9606271172
No,No,635.6181456028884,29185.610210164436
No,Yes,920.1672854844,12229.757643152292
No,No,1252.6111580951213,43922.478330483995
No,Yes,1436.3995246210272,25222.533633872088
No,No,52.082528396139374,53666.12423460977
No,Yes,1039.2546538431714,20062.116256957102
No,No,676.7180073901815,46870.831775567945
No,No,1015.1348677390492,34299.151045078805
No,Yes,121.68474752710384,22793.475681281558
No,No,1328.6619856511193,30606.16865232926
No,No,1057.2512113652017,25048.527472564936
No,Yes,561.5039839406373,26069.735430432887
No,Yes,2265.2438274724323,24929.742154374333
No,Yes,280.96454451836667,12441.220615090042
No,No,732.7215409610832,8387.873315147346
No,No,393.74149411611046,30370.034178530455
No,No,325.4665760350856,45119.95267581499
No,No,587.6362227384113,35720.71116667942
No,No,112.15008740287604,20472.836932406943
No,No,1057.6381087137747,15761.540662604242
Yes,No,2869.903361719575,45047.963279335345
No,No,225.92635799850336,16969.577849960748
No,No,1592.9311937375826,41093.40292802116
No,No,1277.3099122274994,39190.419584181276
No,Yes,177.18694549709252,34892.627169723666
No,No,212.017558765542,27208.507449720382
No,No,722.6110247345731,42893.0533063129
No,No,1013.4876216208548,47498.71878719101
No,No,1352.0858400681236,20128.738208987575
No,No,604.0436084478246,34830.61965380494
No,No,657.4932209631447,33096.1336021964
No,No,168.20274982027462,22862.208085495622
No,Yes,1922.57631657413,25300.168614911327
No,No,1295.5731264750189,21810.086418312974
No,No,910.4334572223287,37321.62681360807
No,No,621.9771304283305,55237.59407717909
No,Yes,1908.4498269275982,22020.36559754597
No,No,222.22217510692525,32551.0869530891
No,Yes,918.0124048500131,33365.55808285489
No,Yes,2546.641915283108,32266.415477981947
No,No,218.52847357163597,27323.54641122134
Yes,No,2466.957499217132,40382.155675004506
No,No,1232.4622808346157,3973.7038248975696
No,No,1040.8250248443292,23458.81679487565
No,No,1563.2384220225167,44198.813046722214
No,Yes,1641.407600457976,19878.42558870359
No,No,146.4512792250088,31496.681233969863
No,No,140.90343511706857,24256.795629892913
No,No,407.4592732600716,22652.7376270845
No,No,820.4785708129858,8538.199780236337
No,Yes,1709.2024674610684,20907.946682451024
No,No,526.0810147015487,38156.103440284016
No,No,328.05150259975295,35968.503026551334
No,No,1180.735697756233,25179.83925359621
No,Yes,611.1539302447765,13447.057837410619
No,No,858.0881668397396,29761.233339567425
No,No,649.883688101826,20210.316435497978
No,Yes,413.69069818749443,18077.00546479701
No,Yes,431.19610776315335,24353.740182956008
No,No,218.84572525707665,24784.936409199592
No,No,1467.9169934253996,46363.14869098167
No,Yes,552.00011080381,16129.285769915718
No,Yes,400.20377612518945,19216.534497777597
No,No,100.41739181330658,41997.30995622119
No,No,78.58324661304178,40404.24415642325
No,No,233.2417134018205,38666.20046794391
No,No,848.7926596259595,27119.518306568192
No,No,670.2462421389246,39341.28321459197
No,No,498.8148625727386,41420.64549926108
No,Yes,281.76117187443884,26541.837576702204
No,No,89.43437134426479,33176.368900916306
No,Yes,404.9618345472807,27489.657355561307
No,No,504.9568108357734,32742.251059080394
No,No,1075.054216528014,37539.28169202898
No,No,151.81332786409482,34246.13973031674
No,No,472.1436062464396,18393.11249147158
No,No,225.05874483079504,27662.743416660847
No,No,396.57396761845985,54304.607714384685
Yes,Yes,2853.155465286587,9888.167270137106
No,No,279.42777962183743,49022.36693914343
No,Yes,279.11528496984573,27828.704705903194
Yes,Yes,4091.4654287196754,23689.56323783186
No,Yes,1179.0368249316125,11687.111018578533
No,No,931.5739712402099,33488.50445660122
No,Yes,350.4360756231032,18225.738013206756
Yes,No,2346.9052330744053,45389.78521667737
No,Yes,195.51847865474102,18783.107089995592
No,No,1358.0240643657723,30741.723020960708
No,No,1488.0089728866233,35961.802338383124
No,Yes,2060.8036316739585,18938.30182555023
No,No,1854.0893509784091,43085.903186942276
No,No,523.2108872580154,30541.098784060083
No,No,805.0580762972901,14691.61199019564
No,No,671.0766179650367,35007.66664191181
No,Yes,303.88852619069723,29101.619006714176
No,No,496.3779579018087,47880.308869204644
No,Yes,1788.1387987910232,27318.68276915935
No,No,174.2658709996731,45031.34878679183
No,No,1157.1221041163567,38407.05380160121
No,No,1196.099870265868,23905.83221112802
No,No,694.0634927353713,25687.657045447977
No,Yes,1491.7993895781756,7358.64991100015
No,Yes,312.67241541624446,21932.017158862553
No,No,220.52552398841473,40028.198911803374
No,No,454.34309164901146,17721.827209604777
No,No,826.7765096833336,46439.73874505961
Yes,No,2231.899348588942,32472.07500262638
No,Yes,830.1037002600075,17175.336842984332
No,Yes,550.6159757903471,12369.457021558701
Yes,No,1451.7655896507201,50110.539760345055
No,Yes,224.75804632478975,31724.6792698502
No,No,151.66675219877777,29465.922379304902
No,No,2260.6781984285553,42790.09028597683
No,Yes,395.9623732265268,21983.102416149297
No,No,1744.2025961396255,27455.67438841931
No,No,1601.8751424796662,26967.547763033486
Yes,No,1282.7907225563329,31178.58146771884
No,No,1447.5310905248716,29514.447783487354
No,No,1411.8750197404877,34114.66337921857
No,No,60.04612269237744,49583.46105728614
No,No,847.4940219557593,56283.36899957568
No,No,716.1941285639953,21474.368639723732
No,No,408.3924737977608,38094.612998204095
No,No,507.2748443325487,35596.30083918286
No,No,600.9411822245668,38804.674904525986
No,Yes,621.5281926568695,20298.737040878103
No,Yes,1883.8244185506896,27258.7535746181
No,No,521.4706607220144,19703.17740873826
Yes,Yes,3989.109497062522,47125.70013364614
No,No,368.68917446175084,36406.09169461404
No,No,461.39240745217575,40800.29531206208
No,No,562.7321466683234,22317.438553503976
No,No,325.4459022425955,26548.518299729345
No,No,560.2546569423649,18814.17783511112
No,No,398.5691627922263,48062.85288912995
No,No,1162.0595628736617,22403.01998151017
No,No,448.5107289073519,31611.5554499663
No,No,287.9181732760275,32055.591639216196
No,No,492.3703777220032,38232.027780727614
No,No,636.641027355505,20575.796556377885
No,No,536.3709115677699,42096.12939379834
Yes,No,3411.1686045361935,45949.811128143876
No,Yes,1144.7518673484774,18829.653566462395
No,No,210.0303812525461,33134.08574866216
No,No,1065.7358327935087,39765.452686801465
No,No,827.2027982305268,36055.72805037201
No,Yes,1175.5442625808428,16451.963624530425
No,No,1060.4569815004706,40512.639250384476
No,No,1691.9443062630507,48626.942580929404
No,No,594.1018342947474,48595.516743053915
No,No,641.6489713553846,39252.74933362272
No,No,361.27588492004935,41159.729081545614
No,No,785.2223532688569,29608.119188839722
No,No,329.9056580834576,24327.620841679105
No,No,265.83635582392037,32812.92433295438
No,No,2119.879995798412,56144.36147945888
No,Yes,756.2519428293401,19733.02205308971
No,No,965.0281406756678,37844.131504341494
No,Yes,490.02275810703793,26094.33806140804
Yes,Yes,2899.1541500501394,20829.76056522047
No,Yes,666.1517331665236,33835.38020565733
No,Yes,2231.6429630063285,34571.67289665215
No,No,963.895817799026,60170.572308304545
No,Yes,847.6317733569634,17861.1603980533
No,No,856.2706922955018,37570.97229598012
No,Yes,750.8118304520332,24069.912034537458
No,No,593.5779690443245,26635.864103557185
No,No,812.7128924151311,26838.127157296134
No,Yes,113.79733287481392,24617.779000250066
No,No,408.0366057195549,28830.730740160783
No,Yes,1395.3079640924987,16592.409380967598
No,No,1231.6621457064794,34735.83595609178
Yes,No,2904.8752388415674,22437.248733946013
No,No,1359.4757452310757,28836.444217143315
No,No,1291.0875193524698,37117.61107761718
No,Yes,1050.1704373903665,22504.33780291681
No,Yes,1850.0846285938699,21648.055956175078
No,Yes,910.3719853064621,36111.99572205965
No,Yes,844.7179141574646,33268.36067329205
No,No,719.1088655102091,34324.57029897584
No,No,1518.7376961994821,23356.82819020788
No,No,712.6395266819089,41607.593597556704
No,No,952.4474787895166,58761.79449144864
No,No,439.1159250985991,47149.92368350201
Yes,No,2300.205792064317,20498.7911270997
No,No,527.8694886242955,31523.590110614452
No,No,690.4719653745167,26170.16656740627
No,No,1283.0638845180401,24239.27972309522
No,No,1682.9763988181248,44850.44377775029
No,Yes,883.8037618295829,31247.76075141641
No,No,1161.2729356404793,51254.419096780155
No,No,337.61712075037286,40283.490301314174
No,Yes,994.3713664903953,23136.54543511581
No,No,1150.4726625773549,35378.91799741123
Yes,No,1840.3322216606334,24444.185035532555
No,Yes,257.9345352548962,33040.696406816016
No,No,288.7645311501454,26087.94965361832
No,No,140.52088734604774,29413.91786115984
No,No,241.03005387466777,30463.06403893682
No,No,1582.7808716572465,2790.1105377229323
No,No,428.68627199486315,42175.62151679973
No,No,717.9668481454215,24022.63421632183
No,Yes,358.8824516500621,28276.43137718926
No,No,471.5466611114686,29014.399782586268
Yes,No,2156.771134648465,28925.812154839776
No,No,881.6768046076763,22394.287848261985
No,Yes,1242.846666952089,33169.070768085636
No,No,624.7735110791263,49612.35757925508
No,No,1460.228131745759,43498.88712652274
No,No,1433.768384379228,36151.11500801246
No,No,571.1474573311629,34857.184046929535
No,No,684.3107509689532,44365.927093728475
No,No,1626.9089465029783,32243.093797373815
No,No,715.5406901790893,46676.548508270345
No,No,519.385333909667,23873.703720266873
No,No,549.6553114625449,43315.823325972546
No,No,468.69035556470703,46350.92823747467
No,No,708.8354681433696,22518.868777891752
No,No,481.2457283425349,25109.70964093875
No,Yes,848.9113529695011,23138.702441466892
No,No,379.93763294074506,37731.22367351821
No,Yes,1073.6017304790591,19126.83513332784
No,No,991.2631189840886,34421.96916587731
No,No,1115.9410550466596,12837.853689901141
No,Yes,1205.1103194401503,28804.946419223856
No,No,1384.7818346979336,41620.3506689471
No,No,751.1272185719024,48709.99649139376
No,No,702.7658889904006,39237.737724280196
No,No,423.39129280938425,29799.31347760225
No,Yes,1428.6438143167027,16349.704779504471
No,No,446.2854710846674,25368.610182564506
No,Yes,154.08684785037832,22828.255454018912
No,Yes,487.9976550294985,17522.137648415828
No,No,1254.0591716823449,25815.782462567564
No,No,1084.856151836632,33122.2643056549
No,No,827.7866531126008,17383.953555247666
Yes,No,2742.9073339425627,23592.366270510436
No,No,897.7726668867821,35684.344950576844
No,No,351.4635305536142,36164.99867277808
No,No,324.6989053168391,42148.83032196839
No,No,1003.232064892438,35049.48560826834
No,No,1794.19083434525,33809.24820673398
No,No,695.6846354846109,39870.31060603728
No,No,917.5051882302101,35403.01789868363
No,Yes,1142.7706446103953,16645.260057650215
Yes,Yes,3374.213578537447,17853.11361407877
No,No,1330.5837310871007,50265.76566951645
No,Yes,1868.3738068013333,45968.885107531314
No,No,339.28563815949826,40861.00555840965
No,Yes,533.9706005950815,16391.10276959631
No,No,417.148531447195,52489.65334691612
No,No,580.1502800944734,29197.646646607493
No,No,737.0427866620001,37749.07632534393
No,No,871.8979855051812,33295.978928739554
No,Yes,790.7866818680349,24751.86781546296
No,No,409.23179324705325,29097.176166197867
No,No,280.03038282435097,46478.84453957307
No,No,937.4666885264187,31655.503266468993
No,No,1138.9294917592777,39626.97717024086
Yes,No,600.0641705188691,39410.76235420115
No,Yes,182.2692386827724,22676.99335484965
No,No,1321.2248861823232,18452.867269736056
No,No,580.4549368087638,25225.84785914183
No,Yes,249.54925264546355,28433.82458290451
No,No,689.1321433096853,36574.16529182253
No,No,1383.7947964888463,25349.687358558258
No,No,502.6282838166608,33937.03192694806
No,No,48.82908905566909,35596.54265828705
No,No,557.1329993404574,39327.623495047126
No,No,392.30658378885363,51702.66331029392
No,No,785.3736658595321,10671.261348803902
No,Yes,841.6900779767443,31924.877880301374
No,No,468.4247993588326,35671.87307280484
No,Yes,534.7699199959584,16238.124299726971
Yes,No,1663.4911818069809,35148.859668036064
No,No,999.2420195174583,47964.1298775778
No,No,976.8148947119828,50956.95524291668
No,No,1270.187766636759,23288.402443664654
No,No,576.692726816527,25013.989325694733
Yes,No,1962.4901050258832,20570.034866141497
No,Yes,1053.961613177243,25081.14113284914
No,No,757.0599757815771,36323.53703268109
No,No,870.3954252798092,43374.94431511881
No,No,555.653938818752,37913.13369704456
No,Yes,489.4596480370866,29704.4773425647
No,No,1475.117733932782,19630.533786645654
No,No,257.74032073220667,51027.658861736694
No,Yes,334.1964516247871,32530.628690482732
No,Yes,768.4600742910992,19745.616386499863
No,No,342.2285303045882,25627.778703595926
No,No,152.36020488201322,40962.27162291231
No,No,269.8704491014684,17883.781267661216
No,Yes,420.8187254753129,18303.54710901136
No,No,906.7919217575335,23222.397490576004
No,No,603.1358032067867,32531.702530350707
Yes,No,1308.7528845909883,29060.28349470325
No,No,256.4378750709849,25645.843720663586
No,No,297.97205781554527,24663.326244011318
No,No,809.8040850511505,27109.47947689575
No,No,393.621098260685,21599.01644912939
No,Yes,640.3551909328191,27248.711534737693
No,Yes,327.5554796646083,31333.106277511368
No,Yes,307.41637300733265,26260.76129536491
No,Yes,457.64678779730684,33129.64537828463
Yes,No,1361.375992964148,25094.393309391147
No,No,203.19700680855308,26013.39378852084
No,No,1469.3806201216712,37922.68522359608
No,No,1274.8943471298167,39222.353666922805
No,No,467.37733868754583,33652.91995295807
No,No,699.4287477752397,33251.80377753872
No,Yes,1029.3820545919473,15987.038185084091
No,No,1098.2291349661396,6894.7700460672895
No,No,297.66358677663646,39075.87405674681
No,No,1187.694597581972,43318.23772883392
No,Yes,890.2393225628498,20397.041744367347
No,Yes,380.63735281433975,19585.15942887988
No,No,747.8429132419428,26912.223075977618
No,No,314.16729627426236,29748.149378546717
No,No,680.9622004956284,43562.39556758379
No,Yes,581.3999293109028,16906.811563307387
No,No,777.2439420306321,39954.69524949005
No,Yes,972.637241613797,19965.9126867576
No,No,1604.7430529595697,13559.786462347623
No,No,1054.598773422128,30067.135008489164
No,No,928.6984434834004,49894.23941704616
No,Yes,171.8507826687826,18652.374075177555
No,Yes,1598.1899824109666,21789.50635843791
No,Yes,601.0721925258731,23506.592184924568
No,No,273.2110061850986,35473.595851589234
Yes,No,2458.1017145384108,48923.45182867849
No,Yes,471.9219853027946,17899.438103715638
No,No,1721.1321622827365,33606.27983062535
No,Yes,1038.86355972203,28760.530229156786
No,No,1003.5653215162437,26358.862333359182
No,Yes,822.4174702630703,23961.644244747164
No,Yes,389.631770167439,30324.82512742849
No,No,1140.767628649611,28302.227317464414
No,No,821.8573633073229,31767.75156736774
No,No,813.2589523515643,21984.20822202535
No,No,731.2232975235643,42969.184737353105
No,No,567.3972446230599,35085.532172821106
No,No,1146.4067130318265,29245.958904507097
No,No,984.8572443755133,30416.697800493013
No,No,1234.9913322821933,33409.78119426625
No,Yes,704.6143387353865,25789.308526092333
No,No,551.287665891131,26972.748868723822
No,Yes,541.1807074132984,19431.365382860015
No,No,746.5448815760458,30866.715473973552
No,Yes,180.51437424927457,24507.139204270174
Yes,No,3244.4291354210427,49559.34138728761
No,No,413.75472070096606,25472.62631793146
No,No,1568.2346908229333,16970.23106048748
No,Yes,590.5198364578271,33249.454889146575
No,No,1044.3772481575108,24720.869163897372
Yes,No,2074.5673241417167,48175.45127679205
No,Yes,1204.9861020048907,32155.072043743534
No,No,1996.653534349947,38943.00614830852
No,No,1506.9565552115978,45654.92668487086
No,No,305.8430671682045,15184.264036082663
No,No,1153.2623133394204,19976.22925250819
No,No,896.1924897314834,36341.132953501845
No,No,386.3855796915486,29632.248027017147
No,No,1420.8216317276263,25649.492585087304
No,No,249.0566127499458,41579.70265915459
No,No,1359.501365431174,36075.05011909486
No,Yes,1396.5040655169767,30795.201602380843
No,Yes,909.7651514829087,20846.69957810758
No,No,430.7751166053035,33335.72427269025
No,Yes,1370.4733366481203,34227.442674468664
No,Yes,127.8809053772845,14466.256161291656
No,No,365.3196147641988,32638.223432164606
No,Yes,831.9666333142765,17329.16105854866
No,No,758.5896738576133,50454.875051353214
No,Yes,447.7044637376184,40290.27991563503
No,No,380.95924819932,35598.69217105292
No,No,1026.693833538471,38426.479695246926
No,Yes,376.4643826520882,22724.009567054316
No,No,526.0245844116098,32076.574358533853
No,No,247.92233685556533,34335.53585244016
No,No,722.1223722929917,20010.451956573677
No,Yes,713.649239344741,28072.061133755495
No,Yes,115.76749027396167,16552.4285913835
No,No,203.58314692915172,29961.498064382235
Yes,No,1634.6116797111513,33831.810412103965
No,No,399.6546520224142,25878.508924932037
No,No,912.8033320183681,39477.67298262495
No,Yes,354.3877827442726,20122.028781483954
No,Yes,2155.476831268709,30908.94648751917
No,No,140.1232990354245,24787.906366893818
No,Yes,1832.3503847787454,22281.798652052228
No,Yes,908.0144611170559,15946.847064194399
No,No,1121.5983937632836,43324.78426772014
No,No,1650.8157316559882,30390.847806337446
No,No,841.7998731316976,27928.760023201376
No,No,2113.7688473135636,31600.456760431643
No,Yes,1959.4297005725166,22683.370948226548
No,No,1097.0186937204635,37553.14636204498
No,Yes,1754.3134934885786,27223.841204496286
No,No,702.938556020702,31984.159122357072
No,Yes,392.7878736303506,23176.27174665432
Yes,No,2949.812003169569,2430.739808008133
No,No,739.4607264696912,28979.92326941956
No,No,871.5626659049225,47806.85316519251
No,Yes,256.4459089235584,26590.866401529882
No,Yes,2063.1266880220232,15938.052013288114
No,No,854.6130861447901,29624.822170914485
No,No,1026.0166587848526,27533.000241608555
Yes,No,1125.4143384607314,44201.08842989874
No,Yes,468.4452065194344,30230.31557044218
No,No,1688.4183926433789,25689.923939239787
No,No,922.1476313568053,33598.76062640021
No,No,103.85474752283059,22162.231434741836
No,No,1465.8775646201739,27233.846909270575
No,No,653.9747554231029,27602.445202021845
No,Yes,511.1643591627419,18534.164195346508
No,Yes,187.80119094094994,26013.431767658807
No,Yes,631.5956137822969,32894.01131973333
No,No,480.94534894031324,32897.26728222057
No,No,1574.673936208674,22950.54356429383
No,Yes,540.8104883045179,24906.747221335772
No,No,191.3767345594141,35594.73897843027
No,No,1033.7576600633822,31612.521674866275
No,No,1628.4316430010947,52091.14804641165
No,No,554.484118526532,35941.27020886081
Yes,No,2390.2921064159254,39238.21846892053
No,Yes,1744.1455154081932,7754.53069809149
No,Yes,2070.891463012382,16709.76048263054
No,No,1012.9815676144157,38639.0906501423
No,No,934.3340692135321,36338.15435431687
No,No,434.34890359608056,29715.06074388622
No,No,2047.1479446183907,38035.650790171276
No,Yes,2191.807456305725,29941.101345659947
No,No,2076.455357209757,28771.735791567087
No,No,705.8330144440985,27269.98684106976
No,No,561.9111354378072,30940.160754243494
No,Yes,1465.458810769461,26936.96033195766
No,No,500.15079700496517,27774.04763592114
No,No,711.7141199472301,42029.18342123626
No,No,118.55636423447487,28679.874013693596
No,No,874.9081137014476,27904.36533930315
No,No,1094.6736782859525,56964.49356864714
Yes,Yes,2102.064265090404,14807.911164458135
No,No,1253.7070971888822,41317.18038617415
No,No,1403.0218475590075,15435.60329764479
Yes,Yes,2744.8060517708104,28057.243889563797
No,No,370.5334875059763,60417.94673814491
No,Yes,379.67368124901327,30849.29582837241
No,Yes,997.9441114754944,32816.48292507584
No,No,283.1374686957106,32539.176135413123
No,Yes,1100.616571891776,30045.879070721574
No,No,292.8832867399257,35986.57922762082
No,No,349.2248807106004,53759.63602549069
No,Yes,190.31175066565623,15703.552812165066
No,Yes,1038.5229511789312,31762.390187225363
No,No,224.94136013541873,37777.02735258576
No,No,1047.1483724069258,24371.935287623346
No,No,1170.7414955687925,30755.402596089487
No,Yes,488.62969784363884,12243.346562153607
No,Yes,1541.5884042260593,596.1796398586644
No,No,1186.782391871751,21504.458956925693
No,No,1506.4898461966648,29619.573821504066
No,Yes,454.0840041593529,24018.31229815859
No,No,365.32650774522074,20402.167343214638
No,No,1128.084264159734,30333.970116787572
No,No,823.1517099834917,35864.129820967806
No,No,880.5338984394051,27735.94350997454
Yes,Yes,2149.476661790243,15883.997062107357
No,Yes,1614.5909403648316,18330.57643754123
No,No,1187.870253568739,46865.826377007834
No,Yes,1315.514905930721,11363.055840881767
Yes,No,1425.8169375944985,45043.525208548584
No,Yes,756.0328710604722,33007.46907217723
No,No,274.6366218060841,29937.536216164415
No,Yes,539.159722005494,26671.00720036689
No,No,403.5957269034526,25690.84852901938
No,No,38.37565113937219,36177.137098277744
Yes,Yes,1317.089176058508,39035.0893613638
No,No,567.2717140558802,46211.50616486803
No,Yes,766.5521867210751,19925.34468890035
No,No,472.0448476499505,20307.77905378984
No,No,714.2533161263324,30563.268572797882
Yes,Yes,2361.618439467784,25363.059355760208
No,No,155.8439159032308,40716.11926218173
Yes,No,2208.82079383419,32407.84615186732
No,No,858.6346950665929,51360.36319099272
No,No,497.5481993310801,33825.970466363324
No,No,546.7579836838986,28746.28848919835
No,No,343.8934868049242,38745.41674581635
No,No,104.46911264297758,40500.549035541546
No,No,294.60543051754803,25871.61934974505
No,Yes,859.6140702422061,16879.72245769204
No,No,598.2914768399631,17080.446520453155
No,No,1001.9867387264865,30610.5449838425
No,No,475.67433167362327,45667.58238361086
No,No,424.5930186409263,40161.16837635053
Yes,No,2709.435725135119,44738.66495691927
No,No,351.64670594022795,26956.29848025625
No,Yes,445.18308132125105,22306.304873647725
No,Yes,1691.7719696367499,10109.83956015705
No,No,1184.8153186718212,43578.683541915205
No,No,526.037315418464,46927.415562735936
No,No,1252.7718200731242,22834.28444200489
No,No,781.4612239534542,49757.49424928305
No,Yes,575.8272092393366,21808.575381576833
No,Yes,1356.322324075187,15867.0669668758
No,No,725.6821839080274,30340.591491541843
No,Yes,134.43696998834184,27848.96205170832
No,Yes,1357.367867941932,23073.00211170838
No,No,648.594917372944,27719.643250254183
Yes,No,1866.5111441820159,39423.24728205215
Yes,Yes,1550.613317367055,28241.31596418828
No,No,826.6746434922528,31760.791874014838
No,Yes,645.5873792287243,20952.692325710166
No,No,710.9971750596956,28043.84908850845
No,No,336.5144690801334,38285.68565826214
No,No,826.533048164727,17457.68305048068
Yes,No,1959.7822196902655,25873.64393623489
Yes,No,2386.3018760574078,31879.595409377016
No,Yes,1913.5590542835089,17932.39184083701
No,Yes,950.9091141672271,25227.833111993124
No,Yes,229.60239821162972,24593.618943680412
No,No,678.8157553353298,58306.65557862277
No,No,1350.2290780698902,25887.407588675072
No,No,1249.1748392164461,33388.560723942486
No,No,630.8526136122648,23930.634553029253
No,No,592.7746823910281,52898.02489868099
No,No,946.9254698228491,50512.201455433125
No,No,743.8441791332453,17820.801854768208
No,No,676.0668471000735,31855.288207803682
No,No,651.5448065471942,33860.328730952024
Yes,No,1743.9001611630802,30098.12796274006
No,Yes,357.7484340654065,20062.845595048457
No,Yes,679.4089362460127,28846.31672273781
No,No,591.5486202765998,51378.69904551495
No,Yes,969.8368817828357,29099.385943593366
No,No,726.5400007713278,42141.48665896217
No,No,691.0647358195674,29951.66851644417
No,No,315.10401615380397,43673.385419714774
No,Yes,870.9504589256861,30548.334536615257
No,No,1110.7802247436812,28753.61530656594
No,No,828.460311241125,31169.111579820044
No,No,293.1883944058184,17747.77396793343
No,No,771.2659585763812,19974.188044569968
No,No,735.7717076511223,29162.670326886637
No,Yes,658.9319133673799,15961.579221904563
No,Yes,1001.9646673245018,29080.887398516705
No,Yes,522.5897691987595,22337.207367129882
No,Yes,1373.1324211782671,27178.02850418169
Yes,No,2292.1268925353606,21292.200678243287
Yes,No,1212.542476248262,46487.62482264652
No,No,379.502186594141,38395.673685482936
No,No,1101.788141654937,37544.643628843245
No,No,1294.841042332722,42968.607730140204
No,Yes,1123.5582453004058,25681.390218036886
No,No,1005.09632272177,23365.927407263072
No,Yes,812.4747742763758,27838.249736390084
No,No,253.25112966977633,25625.85217101145
No,No,642.8155815348027,35608.8989994715
No,No,333.08991062968755,25771.742471278805
No,No,601.1940527776698,50122.16427534441
No,No,467.9481426630757,40196.54953239554
No,No,314.0544591997931,43574.42521239346
No,No,1698.610881094514,25907.637056384392
No,No,715.5192056080688,36489.08677290712
No,Yes,576.9989949224291,24781.41470227353
No,No,164.3241734450396,34603.21647147755
No,Yes,1499.8702962026723,9888.022354911227
No,No,848.1438012448184,53142.82122370966
Yes,No,2505.1047489678945,33115.3560949669
No,Yes,488.6653531144107,26962.666674680095
No,Yes,1930.5263346819604,14246.789500450088
No,Yes,771.1917747922693,33696.26262129876
No,No,348.4574778570794,47293.94121245136
No,No,525.426172318751,42043.77341471164
No,No,779.8565453505296,36228.48342712835
No,No,481.29133370695,56855.20893756594
No,Yes,313.9888738181177,30331.6894286768
No,No,338.04878758966777,19838.777899861543
No,No,1035.3803252629589,35744.86758940263
No,No,301.8858314175443,39337.5014366301
Yes,Yes,517.6550731829338,24185.3554758605
No,No,311.82984884279585,39231.04916180811
No,Yes,1036.3499531048435,33538.6336978878
Yes,No,3312.5921681966756,31613.45430491846
No,Yes,1206.747266188794,20790.6796137211
No,No,391.4278401424225,22644.86977325267
No,Yes,1035.542935179085,10388.446423208126
No,No,411.5133620442312,30377.56202203889
No,Yes,967.3720064549058,18708.993122728352
No,No,1833.548444677042,31433.69011197487
No,No,687.4309393781218,27647.748176586392
No,No,906.3127154557027,22755.678714124988
No,Yes,851.3438422555588,19596.58915205715
No,No,1324.5692203072135,38630.1593078462
No,No,1123.703057115181,28147.49271388784
No,No,543.7469124080096,31613.314656197006
No,No,1124.1490263349663,54446.51453106152
No,No,811.0384678107134,44251.707322839844
No,No,510.0128208495513,35778.55960512026
No,No,516.7514607002789,36109.86930320318
No,No,793.5116454239402,26396.892518737066
No,No,896.9646889972785,29300.8567768476
No,No,630.9390436528537,30727.124152463475
No,No,912.3620855894605,34550.072148921354
No,No,382.55982635613964,33058.83992328208
No,No,290.42200391472215,22215.547440951304
No,Yes,226.6148694204065,27622.295099859526
No,No,1023.7661317930812,27765.068437271406
No,Yes,206.7882478165595,36906.420863666506
No,No,905.8058526554385,45996.30314170144
No,Yes,584.0734850380745,11819.131740906307
No,No,557.4442745517781,30967.9015179344
No,No,563.6113762737838,49582.83158597084
Yes,No,2943.3268192838877,40127.01271330635
No,Yes,529.8686354622695,24073.513647958127
No,No,329.90584700437313,10247.674760522
No,No,2210.0620456304964,31324.32750199276
No,No,208.6658471063691,35603.62284748915
No,Yes,308.6569133145822,9058.19327915073
No,Yes,1519.182018353216,27743.637642230187
No,No,927.5871239318788,26481.55472628445
No,Yes,618.12484082697,25559.079548145935
No,No,297.1060763362695,34818.261754811145
No,Yes,117.73818682041681,21662.00642912694
No,No,1899.1971800832716,41415.688682778426
No,No,1126.2881769949845,36312.873442405195
No,No,1765.340950124628,60658.97453045435
No,Yes,1711.6521379002268,35895.39751319283
No,Yes,1153.0237421746592,16362.871014094859
No,Yes,518.2458006667285,31757.712163954355
No,No,298.1569129941208,26133.677978002917
Yes,No,1520.1090949022082,21756.881635046746
No,No,487.599722076967,18738.773950873096
No,Yes,375.79010246551303,20942.90851819312
No,Yes,488.6138150792696,30491.103781191345
No,No,1582.8401814120168,35083.60152234175
No,No,341.0406056514895,38584.58836148387
No,Yes,620.7953699807509,860.4961101327357
No,No,643.1117358277368,31209.831725617794
No,No,825.6937963706238,22975.1254488305
No,No,318.6730097561269,17700.190760056208
No,No,627.2389865401841,21461.415786071957
No,Yes,1538.8554584163298,23946.475214919737
Yes,Yes,3009.229523678949,28054.32635981266
No,No,270.7919803977655,24396.023163808037
No,No,310.4773974142631,39390.86074974598
No,No,351.29074784757495,41664.12397657115
No,Yes,1291.0369933775341,25757.327640786993
No,No,288.35615434697786,24917.418775367718
No,No,610.8009625302253,28526.59092397563
No,Yes,676.7099823592664,25744.426189340087
Yes,Yes,3180.636619582429,18440.190710000195
No,Yes,526.2268113126256,27976.491597131564
No,Yes,501.2752770360578,15694.036717167322
No,No,1075.222332722385,37309.50889212075
No,Yes,1033.2327666932601,29798.57523789853
No,No,395.01008202550247,35414.641022280695
No,No,1656.4960364816116,23595.14200752344
No,No,202.68006504337438,17195.658736725632
No,No,658.5982061351177,22427.25145035405
No,No,536.2376166053228,38373.90853395133
No,Yes,739.8827662517167,22008.276062575835
No,No,392.0757547164003,27494.77266019522
No,Yes,752.4020221870329,26234.14670565969
No,No,792.9450310927456,13640.385683098957
No,No,57.574190773361636,30878.53460279419
No,No,471.9968909530792,22432.727418269104
No,Yes,424.5859513438905,13996.269023504148
Yes,No,2116.3153557436954,28354.195401594417
No,Yes,1126.1334726208709,40755.20015953772
No,Yes,404.48367374479574,27875.01295906305
No,Yes,542.6861004423524,15535.810057457082
No,No,552.0811497126593,45609.18047315004
No,No,444.3170621463674,20433.307690235393
No,Yes,1186.3924044163653,34071.12784779003
No,No,1883.1988269520089,24684.72691247821
No,No,19.484619922756625,34595.3631496535
No,No,526.2699385108835,54356.28588735579
Yes,Yes,2998.950554749369,20997.39876058462
No,No,542.7465789808077,51877.436153003924
No,No,826.2579238599417,32778.641238237535
No,No,77.92562830549797,32628.9479464147
No,Yes,1972.5350388932814,17247.463226296222
No,No,266.4917981579819,47624.14531218332
No,No,922.1344778664932,28543.93092666937
No,No,312.2255933827373,52551.5706017608
No,No,37.276773031388494,27222.242988663795
No,No,862.3663573882732,28946.9958997
No,No,1144.0976910303882,43539.54683390948
No,No,643.7383121226405,32415.226815723872
No,No,237.10117606328387,36384.26435197316
Yes,No,2823.203070116433,20409.986112628798
No,Yes,1336.6729366002041,24221.425545424117
No,No,768.8859418046424,37210.67331669544
No,No,1469.2977688390602,50742.95447433459
No,No,444.0603270742757,28715.736001052996
Yes,No,2254.260984188732,36874.99013269029
No,Yes,1353.7702333615816,31921.547220620087
No,Yes,1651.161939944107,23748.370830955904
No,No,517.9291994983859,44361.70107311254
No,Yes,312.182313219536,40937.91365502366
No,Yes,932.6731742736993,23657.09798710351
No,No,459.9255925963556,46736.3016855493
Yes,No,2428.544745310142,38648.42192873449
No,No,196.62856001345165,42074.46388176551
Yes,Yes,2087.3315877395753,28385.087998726467
No,No,136.8647073121678,44164.99314709608
No,No,311.12685509300786,43502.91070520297
No,Yes,160.33720941854367,22958.116760763303
No,No,444.9620666023767,27940.228737836096
No,No,575.4992484457692,37753.75581256509
No,No,399.3184058133622,18969.053954381343
No,No,921.466758025571,39686.2217409843
No,No,578.9141588297778,40958.78501546438
No,No,80.95577778469567,31711.418960590618
No,No,296.21446917619454,33941.80493649363
No,Yes,616.3216464207296,29833.014013997075
No,No,1426.8365078557642,40971.47124842969
No,No,740.3651186376601,42767.891550188084
No,No,463.7287781175277,41270.0296251728
No,Yes,208.43120569045976,24194.12414771384
No,Yes,917.8095103514398,23345.88319356321
No,No,1657.8095451183096,37723.27800023018
No,No,531.8221011953376,48034.9307042572
No,Yes,387.2644237466673,25299.919620373363
No,No,1023.2065333830469,46551.58570998731
No,No,1465.622138040691,13172.506451678375
No,No,590.6995541945323,36716.11968498048
No,Yes,1330.4285221245716,24028.511779059685
No,Yes,580.2245255919235,11789.34822841168
No,No,1145.9570614680092,18347.961310263992
Yes,No,1714.2202508610872,38113.20624887189
No,Yes,1519.1308421128517,24199.908497143762
No,No,993.7740929188471,41404.6658316451
No,No,2099.9985526309297,7531.937956163012
No,No,553.0382403047068,44194.13764731721
No,No,993.4755436716259,44267.94491965652
No,Yes,681.2703404934953,13767.18360133844
No,No,993.8958078579681,47579.95525444814
No,No,1116.1092146097014,51404.089735170084
No,No,1322.9760399679171,20163.536433978006
No,Yes,841.5025172459445,24203.50566995336
No,Yes,132.51478488277536,24837.32015999079
No,No,576.9162139950155,15523.601927632451
No,Yes,1306.9327696375447,21139.721518906983
No,No,857.9737020995115,47541.03435205102
No,Yes,1141.566374817098,17430.179091119706
No,No,1165.544482569171,51786.62128029406
No,No,259.76271637556664,37185.48105751298
No,No,1207.3956170769973,25586.243079859873
No,No,2168.7767447405945,33951.21967383527
No,Yes,616.3077987326691,13205.78239273608
No,Yes,1610.2477534966808,26447.64463611446
No,No,733.6295160904407,31577.391877741637
No,No,932.6356552181144,29237.91099740929
No,Yes,1505.1002593025235,13327.280903870089
No,No,854.411750227978,32690.74439041404
No,No,489.097818166516,35551.293007354034
No,Yes,1059.0456524146966,13857.637751997861
No,No,321.3799714739761,44311.27474119951
No,No,177.15436643331864,36279.16795918983
No,No,1788.03846098363,25016.871036893157
No,No,967.1680557468532,32545.745924083203
No,Yes,1349.5854944558719,29308.499046493413
No,No,819.1453591168065,47196.410053828695
No,No,137.56668793747485,49369.521108796755
No,No,1705.7971466008842,51502.28538130292
No,No,489.90402418099137,20196.047669120355
No,No,571.3825060421736,26399.757532957592
Yes,Yes,1882.548863878408,13641.78895912766
No,No,317.01189520221027,44409.790530148704
No,Yes,639.3749260621925,22239.857340964983
No,No,503.06306421287275,46127.276942025535
No,No,308.48590604756953,19328.145822052233
No,Yes,892.1169850522158,18625.715560366152
No,No,347.25544772984216,25517.252246968157
Yes,No,1755.7093512588222,45884.26322710763
No,No,163.8950127643861,40507.67326137413
No,No,229.2642104922638,13209.784949288867
No,Yes,638.7191299929367,20187.08638496689
No,No,680.7996058460252,43094.319097092564
No,Yes,473.4401959650741,31244.689665297126
No,No,1178.4112048251518,37636.416944108045
No,No,592.9180325454519,35307.29528142323
No,Yes,1208.9990140163407,16935.519391177026
No,Yes,2005.00626257,30941.33323149223
Yes,Yes,2465.6491257004627,15071.532942296784
No,No,542.4217220603426,17386.53079947888
No,No,738.8051601078007,35576.65570312392
No,No,851.1367909333397,29067.51870989752
No,No,556.646888282003,40735.4376067337
No,No,290.9933780335567,38345.04704403232
No,Yes,1678.9773794490902,35404.3887667109
No,Yes,349.3610693725511,26281.84152178302
No,No,1494.7654687131915,44098.28356683804
No,No,954.6631483291065,24986.422996451314
No,Yes,993.3766017721828,28431.15476617159
No,No,372.2080141134846,30734.01920402571
No,No,98.49751662157156,28560.193703454795
No,No,1375.0537779680571,24474.79160986057
No,No,368.0326971035396,48923.709724388835
No,No,997.4593041938638,33431.19599897972
No,No,1035.8840672322817,25615.843668059046
No,No,689.1854375471884,40280.8000736265
No,No,835.0544131470839,29100.460077789874
No,No,944.7639018521221,25515.52774498351
No,No,785.4165304874842,62521.70634803641
No,Yes,403.77581196815777,14988.592787674454
No,No,165.58900412188967,52151.071593741544
No,No,397.48116435096927,25396.13759826667
No,Yes,607.827451576887,27832.024862031405
No,No,1731.0932207199305,32483.970174723625
No,No,238.8715498545377,40864.13795056577
No,Yes,2279.9206223475303,13776.133709007658
No,No,2316.751779221955,18459.344081264266
No,Yes,491.5653195820734,28818.600588415396
Yes,Yes,2715.1376900682076,10988.78261786174
No,No,613.6450730587034,21813.7131714298
No,No,537.6131254431422,32602.79810899551
No,No,1732.103330388426,20558.479875323956
No,No,807.4009128941638,21833.064608100034
No,Yes,865.5165539597889,20572.589766691723
No,No,392.6551552590498,11654.730624118976
No,No,423.0251136366209,19491.05040823226
No,No,740.6056778427904,46901.33372139609
No,No,1731.5412488939664,43069.11570940965
No,No,240.17876100071933,56151.48536261676
No,No,639.0403524857239,39447.38870593108
No,Yes,235.41083573417808,32561.318046547403
No,No,375.11877555941373,29284.673859750317
No,No,1102.8136652944472,31628.81609361333
No,No,315.7800446466716,37629.060904704274
No,No,1444.1553241463776,14561.937476644944
No,No,314.35541013573555,38957.7242707021
No,No,434.36484150688284,27261.842263977396
No,No,111.08520815137848,28938.65073389133
No,No,1445.6530972711282,43472.60263020307
No,No,1304.0109607189668,17978.98200869138
No,Yes,241.95621418515012,23836.147032212804
No,No,540.5108922200117,37978.48732649058
No,Yes,604.8098795094189,19737.558273772458
No,No,469.2409769909061,33873.26950985965
No,Yes,2793.7210106963,24048.02642606557
No,No,464.1553201822104,42474.354289440715
No,No,330.3269871845233,31675.847626848237
No,Yes,150.84432392908172,14683.913060864437
No,Yes,414.36708756602184,19404.633558437108
Yes,Yes,2073.1967955394725,21008.549454977852
No,No,800.7645009260544,25490.29498455029
No,No,802.143405470441,35394.188655181344
No,No,363.75544520119286,34916.109156877224
Yes,No,1548.2807910055033,34398.55755242562
No,Yes,1211.4742006636147,17167.37953385136
No,No,474.82969260376314,34797.9141939259
No,No,288.1294361681911,46383.00604596071
No,No,640.3171099451589,36445.52880309
No,No,309.9075423190336,44223.279007441146
No,No,583.5546371171184,34589.18233244673
No,No,747.162327659844,27127.42505397408
No,No,377.86584792640633,42103.39332940642
No,No,54.076844968149416,19427.301405614562
No,No,924.7606298015518,27916.990839641192
No,No,387.6942522417337,32087.12687910061
No,Yes,890.9129043960546,28019.373631924565
No,No,603.7946289170688,46245.69696935241
No,No,2067.5718700709235,41964.71633927418
No,No,683.2148685761341,40961.274297952186
No,Yes,1554.0433837906212,29502.204104720782
No,No,495.36347527696194,43539.88338342223
No,Yes,377.71605861793546,15486.60406061688
No,No,954.2545202492814,55548.05026717397
No,No,364.57744715382546,44597.19581705981
No,No,1138.7005340831015,31690.175220566074
No,No,224.44293579732877,37213.069185677305
No,No,865.4834425359494,20365.459809444656
No,No,669.2962036115047,30901.62779998927
No,No,1807.0952915784019,30078.768303540357
No,No,930.3606772350649,29255.946770691342
No,No,611.2654314216093,41644.24155242702
No,Yes,1440.8759446031054,24179.88270000146
No,No,52.940002762171034,21556.131146321997
No,No,1015.5958493514914,21744.916869494016
No,No,1080.3004970906104,13851.704674882454
No,No,1168.5027217857757,42297.13179801932
No,Yes,1332.563329717538,21877.69613444393
No,No,985.5659706576129,41046.79139807135
No,No,513.8227944719586,64900.71117493788
No,No,759.5232010356614,24511.485350055187
No,No,406.65672436918754,36769.740849523434
No,Yes,403.2764916583696,33552.378908161634
No,No,531.2498313540196,28610.076164423706
No,Yes,702.6576044927289,21075.457960582014
No,Yes,1076.0596143665398,27162.26017005822
No,Yes,1945.3064675629494,41250.27512020545
No,No,1278.317962004101,39863.68854779848
No,No,845.4113143132054,25072.023921914297
Yes,No,1486.730617596049,26281.214651424172
No,Yes,825.8835381454037,20031.154967970015
No,No,996.2770530128554,15304.178605422916
No,Yes,618.4620082690155,22334.652121922445
No,Yes,809.978761327527,23502.26424415604
No,Yes,665.2970182799924,23772.39229976663
No,No,151.67720514612157,19001.2348798905
No,No,155.29939125078306,36953.03297353404
No,No,203.82146176740835,23660.478626058968
No,No,849.8113450990694,31110.63925526914
No,Yes,1974.5103195764748,18251.833308872705
Yes,Yes,1779.6841355387007,31532.591337722904
No,No,1003.7816774168239,26648.015765391858
No,No,446.8672744232593,46956.05684250839
No,No,327.2089224232631,34863.09025621508
No,No,741.889353223657,37698.56558158782
No,No,437.3605030163342,34332.7786700027
No,No,186.28109247285235,24977.33809019661
No,Yes,342.1092232324278,26292.135377758572
No,Yes,614.7651897429197,20440.475900735353
No,No,1608.1496832333673,36676.09634545072
No,No,132.30241598061806,39539.21206841406
No,No,232.05155445943006,52571.034133448855
No,Yes,656.3030354570601,26746.1419985631
No,No,358.80905332661047,43066.252997067815
No,No,921.197648305776,40105.288871095785
No,No,559.1319102946976,31250.14011472034
No,No,182.86504983971918,40291.05162747583
No,Yes,534.0940987789794,22580.049384928636
No,Yes,918.5634769933577,20559.5899158753
No,No,1083.2837051468755,22601.530143817738
No,Yes,275.6045762425744,28019.06173917078
No,No,802.7191640165528,27818.41404996288
No,No,523.0797684949556,39784.491796281996
No,Yes,1768.937335692234,23482.8107316019
No,No,449.82677113897375,30658.126231528295
No,No,187.46780072903988,24864.250649938273
No,Yes,456.58733923783524,32555.516368403696
No,No,102.67121233738881,29573.593384159685
No,No,131.6499092151897,49365.82594749442
No,No,926.9064857639074,25317.883030396464
No,No,852.7541630550556,48576.743346127725
No,No,964.118702964287,34339.41214033708
No,No,411.45614407709843,42107.29866710755
No,No,291.4725415889858,20494.52671342986
Yes,Yes,3096.594986984082,14312.498076095226
No,Yes,880.2564506174006,25256.02270105023
No,No,261.5275107960255,23361.27685538034
No,Yes,2108.3755116455272,32752.9186955708
No,No,1587.1853863333197,37140.04882538854
No,Yes,1244.0189649103847,18940.762011024388
No,Yes,696.2451874206968,17009.71652641965
No,No,330.1555458225739,30614.658908155237
No,No,464.4164777896637,27821.71238581245
No,Yes,1729.622455750035,26917.03388771177
No,No,366.54469989826885,32732.582691872685
No,No,221.20283421207975,45183.7623393722
No,No,1024.4374758012946,39822.20438703602
No,No,640.4770743176233,24830.20368153454
No,No,378.81272500615285,29244.44928191644
No,No,408.4425196586351,24854.889748417812
No,No,77.37848812494448,24863.844358882503
No,No,432.4987151519955,15547.205773131034
No,No,1351.4726676374432,42912.49634251797
No,Yes,353.97936488436676,32496.240945736798
Yes,Yes,3429.117610041025,16537.103820354256
No,No,650.7046387197697,22617.518964638934
No,Yes,206.14223469140262,27376.49436020602
No,Yes,940.4410546962927,17714.37443562369
No,Yes,352.92749608556704,32368.526095413923
No,Yes,1249.764443365499,18432.789131332214
No,Yes,1807.9609284363007,8481.07453615441
No,No,1191.9984459649802,32197.380236910998
No,No,1172.748257007994,27576.854618835157
No,No,465.1716370207025,34972.86284026003
No,No,301.5862400123751,30010.878933703912
No,Yes,1148.0216542045086,27485.792014657058
No,No,322.3902710394905,37731.26645115503
No,Yes,574.0681151545301,25730.15089491501
No,Yes,400.05578022155834,24785.403514147732
No,No,369.03677661522545,33493.76823100128
No,No,1010.9239978230464,19526.86702811005
No,No,350.4607380254548,37392.78731521738
No,No,1024.2373047030928,40819.56277490042
No,Yes,1801.2262978799145,25892.895233058043
No,Yes,505.48968107356393,22039.437718420595
No,No,252.51239906099005,39403.439118771275
No,No,1300.34692654119,35866.23521814096
No,No,820.4329892584619,40601.07746046707
No,No,341.87008483005695,32624.224151760933
No,Yes,598.8076315196801,13458.490940216341
No,No,871.634729325957,31712.325798517926
No,No,149.7965773607588,24013.337761566
No,No,1935.283399086964,28863.721600242097
No,No,1227.6961478241533,34365.32441080155
No,No,660.6891840177947,43400.57110787759
Yes,No,1870.4983776983997,40160.06414105932
No,No,1668.545081286078,35588.173566054276
No,No,562.7553391241295,45981.2448977232
No,No,528.8606497575997,33973.744340153105
No,No,545.8240094921487,35523.83501987924
No,Yes,1174.253575888155,20796.04313419793
No,Yes,1109.2002063208595,15963.95377253903
No,No,102.1115363278917,39069.230165083674
No,Yes,1055.021378934502,12473.322973028145
No,Yes,1050.2613111515616,16931.232212717394
No,No,550.468731729031,35275.16620243728
No,Yes,829.9069370871152,17507.064064572503
No,No,126.65535083125839,33677.88740355914
No,Yes,258.06807947807766,24481.620584959073
No,No,322.02428446559486,27897.166338278195
No,Yes,1185.4659920697843,23836.15162925897
No,No,1550.8398455985007,33917.91368626002
No,No,941.9971697846428,22094.160670544297
No,No,720.3726938669503,38965.614854044274
No,No,1095.206288579959,13191.418548252099
No,No,35.289973524516164,52284.30698660835
No,No,1465.5461601742252,38840.80410582317
No,No,593.5267171257443,43711.60554536392
Yes,No,1341.679962929818,40116.99737048862
No,No,1045.9226533143305,33071.96042011438
No,No,341.6496562432742,25780.565362810474
No,No,788.9274446624901,33254.27043279468
No,No,368.4956154932588,41861.17153189476
No,No,917.4058969095505,25273.40493811272
Yes,No,2091.5129155159166,35070.24817234789
No,No,920.3433180118919,15398.07844636033
No,No,328.05347302013297,25416.19853268243
No,No,1228.7952163437703,24913.32706551335
No,No,312.0053305501968,50303.499538682416
No,No,1508.5097379926842,20125.596681741983
No,No,262.95603310261293,37485.5335149157
No,No,1374.206292482567,49444.72614737505
No,Yes,517.8048685682505,30487.89310162041
No,Yes,1187.685754249746,34100.151100184936
No,Yes,1485.102489191229,35139.65898085087
No,No,781.7421802843505,34061.815167807414
No,No,473.16853536635426,38251.05578419808
No,Yes,964.8483403995278,24814.484738883893
No,No,593.5189069859724,38307.68529831703
No,No,676.6325213946446,37717.97040582093
No,No,150.01963548948297,50673.94551251721
No,No,1074.0798943105099,36417.80221032683
No,No,764.6343788161711,23962.281678372747
No,Yes,133.93495211665436,27620.86105828644
No,Yes,597.8022096343525,28565.633794781632
No,No,67.22786396621086,25280.45894338402
No,Yes,825.7902953595645,17410.011349489625
No,No,968.6644220128054,43008.43599340236
No,No,380.0964294431341,28169.637134520377
No,No,356.4307092960658,29364.176763432468
No,No,477.2186720754118,28885.29248229446
No,No,354.6040863644216,35951.302135300575
No,No,300.6584210909368,44532.32386121549
No,No,93.39261203389898,40186.3583518759
No,No,344.591874019697,28877.362169381937
No,Yes,186.2287038195383,32816.46148885319
No,Yes,1754.115459230999,29535.984647186968
No,No,1641.364857003681,43424.641950780104
No,No,928.5654641026662,43099.278700956456
No,Yes,1694.8200555545736,19847.877132604906
No,Yes,383.63255381067955,17011.02515775879
No,No,962.3710250184665,30115.770418667216
No,No,944.3193084051467,43406.04629863876
No,No,813.2404866309597,21701.251585617396
No,No,465.7942532960296,20348.9386517803
No,Yes,781.1915268729233,10753.534228371414
No,No,789.5053440868611,20939.089284750837
No,Yes,931.0106565570027,17926.37927141679
No,No,284.21343661558325,34744.95095430636
No,No,1573.5958689676202,21985.253214984135
No,No,691.1688375861593,40119.48172663081
No,No,1123.3032697742797,33950.692148531954
No,No,413.44204119932505,13071.290940790637
No,No,918.6041838158495,33314.764596976966
No,Yes,872.895763211401,24440.721985764623
No,No,312.1974941128403,52665.0320671833
No,No,658.552249477426,35920.320646062006
No,No,513.1124720055195,15807.299177012235
No,No,556.3210573916289,35795.93369282579
No,No,1265.2614966410397,35244.08748561088
No,No,601.8639683938128,39549.13827183569
No,No,1212.7866681031285,59869.46836579339
No,Yes,1179.0055162887509,19694.005198738236
No,No,713.8852545114897,26973.762365611386
No,No,1315.2991739167558,38190.75991872984
No,No,1244.5390548950973,51755.63685158096
No,No,715.0313359955273,40210.4604659568
No,No,756.1259090209415,30073.582980839237
No,No,1324.9836044525512,43348.5963847087
No,No,1026.7386060820977,51438.57888415609
No,No,1562.5970046642678,25812.107179574086
No,Yes,710.6212259721499,16445.193395618495
No,No,240.6292092853973,34058.63134893524
No,No,369.94447082544275,36511.48634046952
No,No,102.7890466569221,47340.56377326512
No,No,349.4402120959887,28812.296027072316
No,No,1018.9029390739103,37518.78986625965
No,No,599.7620956975339,49068.988099865834
No,Yes,371.95098566442647,25017.852315071144
No,No,421.6817313309316,29547.821242666152
No,No,813.805550885884,39201.97055523189
No,No,439.7220303349994,30196.3629674539
No,No,548.3395503086192,36876.217827466375
No,No,160.28430001602385,31635.916481109438
No,Yes,1727.46752207969,22439.628914361318
No,Yes,1895.6693906061787,20630.060623653753
No,Yes,389.8520921444038,19434.053193509975
No,No,498.1904956908748,43439.84090544799
No,No,88.82778664667822,35399.76441274826
No,Yes,1631.7423302290526,32366.637486966712
No,Yes,251.887746646476,7697.273547194981
No,No,636.0198105489784,28301.931718482356
No,Yes,322.85562056103885,18265.184260900958
No,Yes,776.751385520102,21672.369260670148
No,No,1186.8268546662152,23180.02295070354
No,No,977.8971153466596,17427.291043936963
No,No,1029.7588186534642,40222.546490030945
No,Yes,225.11843588189464,19297.56411856424
No,No,623.5222692453024,39056.588918570415
Yes,No,2256.1106414922397,21716.913897847895
No,No,778.8806062830663,17139.91420848739
No,No,665.5767942624245,35912.252668151596
No,No,532.2917631730602,39826.83376968979
No,No,726.6013921884781,27344.451663022657
No,No,645.5757733211,23329.27548972073
Yes,Yes,2402.956843232111,32194.90829928435
No,No,1136.8150710567713,32927.71773973794
No,No,588.2072453541734,23518.739849075828
No,No,1097.7724355642808,18529.07401368268
No,No,347.983401217449,26615.817237105337
No,Yes,765.4928214738107,20689.75118641381
No,No,439.6785664847826,41128.60484430528
No,No,1047.0462912600221,33333.06760465414
No,No,603.1325345180355,32145.110586485043
No,No,718.8505796720315,24346.392381563994
No,Yes,682.1063959958406,33115.500506879114
No,No,840.8900203332055,43264.865127788056
No,No,1058.50121967594,42466.99489257067
Yes,Yes,1899.5973881397172,23024.024220805957
No,No,527.3305952200451,37510.237996660595
No,No,283.6600328169361,7749.611556320848
No,No,873.7182158145351,35524.46811628122
No,Yes,264.7195266825514,36910.171862991265
No,Yes,618.1534815676976,19387.505372750384
No,No,166.95928225581758,23643.95416472197
Yes,No,3447.0056885794884,32076.195047809
No,No,1448.502142222868,24885.61683232738
No,No,1357.841093054974,24258.685380798663
No,Yes,1963.2727247921714,25305.057071226245
No,No,1258.322213715401,41744.98389351887
No,No,782.4170058374599,36240.557561301146
No,No,798.7790410213638,22036.929320055573
No,No,1531.3300323685812,26807.89279888915
No,No,1599.801918974388,36710.77647901428
No,No,306.4042347331259,40074.034619786486
No,No,590.3639293829993,31419.82408641302
No,No,700.4226267319389,24566.8676801358
No,No,1284.9049930558717,41244.21403605489
No,No,350.4622596322886,51624.72289720359
No,No,318.16513358482206,44738.06760805098
No,No,204.0174958307788,53344.151182373884
No,No,446.216557594452,27286.13723203595
No,Yes,612.4082581651862,30669.784613439115
Yes,No,1835.1789764924408,46383.95493219448
No,Yes,1423.2881057941163,20040.134584897944
No,Yes,1541.2931677847266,17670.56942523393
No,No,275.0024257426728,23888.930905742585
No,Yes,676.525751081951,22812.948249790705
No,Yes,1303.2131100090148,12910.142894818777
No,Yes,886.3298050866565,35276.24028599118
No,No,959.7902518369993,20662.255437430093
No,No,207.4919290872454,37718.232861742494
No,No,716.4913323613473,10869.054594109271
No,No,1126.7087847314608,53952.5862507221
No,Yes,340.47624459639593,32196.060965222492
No,No,123.74624202083405,17562.04609810619
No,No,273.25212258793346,36550.45686365546
No,Yes,1821.5079007602676,21759.121296824935
No,Yes,283.73140913357753,24535.153069981763
No,No,674.8511549215087,39853.165710718786
No,Yes,142.4594763525162,17845.953672030173
No,No,318.0477261284087,32963.855845126345
No,No,771.8410056338032,15404.927742456071
No,Yes,796.0401502126426,24032.297467288452
No,Yes,1633.0371335197242,9036.697069764712
No,No,891.6067015130245,46557.94767735239
No,No,283.6957376402245,18851.761392288423
No,No,557.1333161037112,36443.19249035366
No,No,472.50105654213274,41786.28621136861
No,No,66.70495000719437,52141.501107119875
Yes,No,1866.9573629627778,51233.46472770756
No,No,686.5274453577363,47439.0252398389
No,No,779.908894513634,33339.60538595844
No,Yes,1274.5858760936724,31259.584101667795
No,No,1072.0919490000358,36259.52208534297
No,Yes,1382.5577002448306,25978.343668428144
No,No,493.97622487466623,27297.82534798295
No,No,448.10409956444335,50914.95222697658
No,No,1396.3620138458086,25471.29973256639
Yes,Yes,2277.32224950609,15957.165050477293
No,Yes,141.86074370414397,26303.51958891217
No,No,1362.227544323642,15579.417252171206
No,No,557.4140837165428,34675.5969444974
No,No,631.4395449630132,49846.31834909587
No,No,35.5389738146866,37650.86657854438
No,No,674.2636215311475,33816.19245304269
No,No,419.12668428131485,25100.090631764608
No,No,57.98066257110944,18477.26837934395
No,No,1489.948895740394,42135.58245724505
No,No,773.4527314851941,33779.90295807073
No,No,860.8252021816838,39745.289100686554
No,No,1481.5980797514821,11578.360759993633
No,No,1085.8365775539633,40819.924316095654
No,Yes,238.2854499630568,37350.456845611465
No,No,1261.460302958277,46913.05874842286
No,No,150.05418425622705,36466.593265160525
No,No,1027.8361682266323,23055.27461621112
Yes,No,2164.4571744710884,34717.96640418871
No,No,1034.191821577657,35040.880330055166
No,No,510.62386824071825,28543.884017727294
Yes,Yes,2538.5098150040553,20515.22715589951
No,Yes,925.1049986389671,38139.961331914696
No,Yes,349.9536641741414,16689.94186540077
No,No,392.20004574384507,29211.241617362644
No,No,381.2738350027826,39111.07748734298
Yes,No,2443.9537201335665,55309.088193684736
No,No,1021.8411887325308,30489.555045571444
No,No,1047.8620730346365,15511.406112331322
No,Yes,1113.7048050047563,8493.919804970712
No,No,813.9862816659597,58701.07908822168
No,No,453.0498753862636,14406.570485476987
No,No,232.57146505812253,34259.77208880852
No,No,869.605879726344,18374.085334679796
Yes,No,2073.525186951043,25612.740489019758
No,No,837.473956533614,27017.445337955323
Yes,No,1584.8445255143072,13947.147155885981
No,Yes,136.84549099042647,31983.221702822306
No,No,840.6654213173832,37807.58005142529
No,No,429.31696921233436,29229.52769668152
No,No,277.75913236612155,27751.507549269776
Yes,Yes,2145.1974215773594,31069.450672708703
No,No,477.1143413380174,34399.86439726926
No,Yes,1224.356262567847,38049.69667117068
No,No,615.2387311343072,29023.765344737116
No,Yes,237.4813778279006,26429.05380905273
No,No,1122.6676593078666,21185.91217160698
No,No,505.4006640228045,29167.51900261984
No,No,1242.3689306433619,43875.09052437578
No,Yes,384.282139961448,31701.73281227441
No,Yes,523.2376636730756,36339.19119402146
No,No,993.303145565904,37950.601859327595
No,No,343.73475889152826,45857.60881939056
No,No,1109.6115963291504,39738.873312555734
No,No,89.19868862551405,29369.728342773407
No,No,235.81181119735058,18359.179707639094
No,No,709.0448501533506,31185.361674810465
No,No,1049.2893716439146,22047.08979790064
No,Yes,880.596723370727,30832.158450014733
No,No,964.0089905739586,44613.51866993312
No,No,480.9847103355807,23344.744653745634
No,No,80.43826339943381,44621.456854365446
No,No,531.746232733543,21696.952433627717
No,No,541.6266044209549,47946.2844663049
Yes,No,1495.891863486656,31883.36565481166
No,Yes,1312.8349296419626,26661.358648189496
No,No,255.7420614891192,47993.589716834744
No,No,55.56805025541419,39468.93703501604
No,No,612.2735302974326,32164.103330996357
No,No,426.8558214108923,42246.67497277103
Yes,No,1971.0516963814719,23825.388783983202
No,No,1527.3575428396077,14210.0594698417
No,No,197.72073774408682,44960.27714309242
No,Yes,1285.1849867522585,14261.455212968543
No,Yes,1145.7313109177182,29902.952593001806
No,No,928.8698727971176,34912.32762470866
Yes,No,3260.101988248943,33355.02767741977
No,No,628.0933822329079,24049.9258355196
No,No,1163.972441631861,28997.131528988262
No,No,1278.8829847474744,33636.04073320854
No,No,873.118391845431,35485.73011674247
Yes,No,1953.5546039474123,24469.516232640883
No,No,782.4632408642716,40936.22081773763
No,Yes,1479.3574778990649,29100.222776188166
No,Yes,456.0296591140777,26837.20409054171
No,No,234.1030102437455,29113.198913872206
No,No,988.1296356867277,42094.644152515255
No,No,652.6160664629441,39710.59410307361
No,Yes,818.0104982801727,9771.07197994847
No,Yes,625.5015392659734,24929.219205978807
No,Yes,1456.9333566545563,36982.09545804956
No,No,771.9617168894093,43219.25093663561
Yes,No,2642.9997677757533,45034.54640879411
No,No,753.1452278210896,26488.777882709175
No,Yes,1084.6632673239426,24329.488653032637
No,Yes,1583.780084491709,22168.047303379288
No,No,983.2976323568291,33477.648498885326
No,No,244.13713141636663,28357.006921557404
No,Yes,696.7426872781366,14802.972286264152
No,No,357.7779353813837,34143.34040816123
No,Yes,1136.7292743823882,17985.536642939183
No,No,826.3033433602399,39360.23744055136
No,No,1263.8551339522212,33193.12380615899
No,No,1384.121546838828,14228.04562741541
No,No,357.3443505125537,47318.29363042836
No,No,1365.1739908833695,37853.20380353004
No,Yes,1813.6790856250125,20244.25740149426
No,Yes,352.903126640319,21095.294805184272
No,No,904.9524490562047,21218.79659925809
Yes,No,1703.1128296052905,32875.821508416266
No,No,573.2943861849384,40311.801333529525
No,No,684.775333649438,50949.17462774714
No,Yes,1080.9163817029075,22829.283514360046
No,No,761.387170648587,33989.73273198023
No,No,798.7248024775294,45425.199800399205
No,Yes,1294.6859986851869,15338.298324388048
No,No,1109.1641444853308,34956.16138765177
No,Yes,799.9183998043537,18156.225632111018
Yes,No,2086.0162591857866,34811.622012091866
No,Yes,427.5439030676908,30007.230676084702
No,Yes,1484.9995800834777,11884.829926038423
No,Yes,71.17877717169513,31228.137319656333
No,Yes,865.1358445570107,25967.771858555534
No,No,44.71735734105231,34899.08780577464
No,No,758.2664700069959,46959.99664724023
No,No,974.1174199333619,25593.32999680381
No,Yes,639.444417385214,14071.347845377602
No,No,704.7440014984068,23255.74372470223
No,Yes,1400.4832614434056,27178.94483046452
No,No,5.418417933396218,28550.37091481718
No,Yes,553.6349714203731,17335.252954272146
No,No,1737.6979913927375,23726.4726616831
No,No,238.41580377664897,35247.574608819385
No,No,394.59628267862337,33224.608020726875
No,No,86.02415913846156,19312.080047113832
No,No,464.933307685172,19645.804663987943
No,No,639.9303247529358,28231.224440404825
Yes,No,3181.9107319086634,42680.929192177246
No,Yes,1115.551089962138,20468.747305195666
No,No,483.71949710039746,18735.176953037582
No,No,152.98433803189488,32633.806418651
No,Yes,476.9292058019633,23716.34654353237
No,Yes,396.7354048328541,13054.610280678005
No,No,67.50291755376978,21322.080596157823
No,Yes,277.13973786992784,28657.568684665475
No,Yes,596.6505734086619,14837.005447269528
No,Yes,671.4408963925831,28952.579072835266
No,Yes,1382.8397381796174,12622.872584791286
No,No,1791.270148953371,18405.884028232595
No,No,549.4269510036697,33731.46549969223
No,No,1266.785654121614,25953.618239063122
No,No,484.34156887537034,28152.149561032205
No,No,304.92558605373375,35016.5527190158
No,No,1111.8861050952437,27858.554911828178
No,No,477.5324934115105,24018.578229120772
No,No,343.1381597302829,38405.03728410612
No,No,291.313619109638,35307.1115594577
No,No,132.45790317157355,33932.55240191732
No,Yes,843.8309857695689,23322.993887522625
No,No,414.00105398631945,25480.65076225652
No,Yes,1560.5961400021,16377.029295034641
No,No,2109.440805281332,30052.69025378648
No,No,289.6503724829222,25646.440087936804
No,No,184.64042559579886,33375.23949388352
Yes,No,1827.4287881388325,29583.589095462215
No,No,758.949101659992,33680.08825214061
No,Yes,885.7298472123481,22799.73840257973
No,Yes,1043.5309352145891,35806.88768576462
No,Yes,1752.919729621066,13746.625022273854
No,No,1453.856082639989,31626.52726752122
No,No,1074.7740831612493,22422.941012229214
No,No,236.96580825511666,28669.29096522566
No,No,103.04973100073755,25329.939925360883
No,No,239.0985165780711,39889.74391777621
No,No,144.11348742748996,18760.880036718412
No,Yes,1400.7059767905664,28915.652920608445
No,No,389.75193301401794,38796.8910815015
No,Yes,1270.1057750484329,37837.910184515924
No,No,675.8761266797824,51530.12443766916
No,No,384.71890453175706,25520.784112961795
No,Yes,353.869094147648,32108.015146181937
No,No,361.12750568726904,30256.394665944124
No,No,187.41900293091305,36544.56661573391
Yes,No,2148.357095318999,50700.912801670274
No,No,617.7271081350602,25917.842619414198
No,No,676.6614909916016,34059.402179970806
No,No,662.5807376582375,14025.888883447868
No,No,1146.3974695052743,42379.32544798412
No,Yes,398.0801384068635,38168.549083362945
No,No,1512.86498929393,39232.56371578715
No,No,516.8899421268079,47181.15418049712
No,No,500.082302182816,44919.506102101106
No,Yes,2011.9642750258845,18503.788332951826
No,No,327.0361519568596,36742.01395363732
No,No,908.5412731592031,38439.03903833426
No,No,658.4641356824079,21835.888480048176
No,Yes,459.16725388038833,33562.63331146511
No,No,1017.7237746520724,28453.05226777764
No,No,220.24980432359507,31331.772579061846
No,No,379.7310921015788,30863.557202555876
No,No,720.0881720579373,33874.83430441515
No,No,1938.1788664496644,62796.77686260289
No,Yes,2183.274184157482,19204.2514953593
No,No,918.763969716386,18041.41030214022
No,No,526.6988231714352,35136.05909617788
No,No,76.73250597525958,24869.941523894835
No,No,1276.21663071173,29413.800942824782
No,No,1407.002768239852,39698.34038878093
No,No,909.2847203500122,22624.477295891622
No,Yes,655.5579795457663,20901.27053778063
No,No,1197.4949214703352,36429.728822021665
No,No,643.8855912164993,25716.525903588754
No,No,584.7654784256998,33104.301611562034
No,Yes,173.00792391819448,25496.929832045793
No,Yes,1383.7306342642885,22635.761988944207
No,Yes,888.7484084408553,24548.48550877761
No,No,1812.970428075786,37068.3364758586
No,No,406.3531705148945,26767.60101867058
No,No,307.7703218499228,18818.17508913023
No,No,1397.2189084926629,23144.36648456575
No,No,1609.7869810238442,21518.300389862554
No,Yes,810.3439097956981,32077.177355844728
No,No,1235.2706797665992,16139.874239231798
No,No,515.487727550032,39780.98263547443
No,No,538.5155311381069,26654.390900232796
No,No,912.8620238936526,43853.799615201606
No,No,532.8640627500748,29279.33048490807
No,No,813.7834944845304,33809.75526569029
No,No,726.0246684613023,38673.75879179509
No,Yes,294.2854663924815,32229.797492761023
No,Yes,972.6725418747951,19459.281693156165
No,No,252.64730242855484,27335.557244124913
No,No,1167.183385359992,38613.679313624816
No,No,1413.9381477756874,17629.97008301845
No,No,589.426238876705,16324.623124991125
No,Yes,2336.0654573323454,26018.786663262894
No,No,1589.5393383557898,40192.17486933525
No,No,820.4944124451484,36838.204044132755
No,No,541.3596172540803,32523.2906251993
No,No,1330.1715572112164,28115.524047532737
No,No,1971.1856909605408,49375.588917559544
No,No,869.2967152437417,50676.878132800426
No,Yes,539.3355099265086,24203.304754200315
No,No,1087.9724531460238,26662.68803953291
No,No,670.2489746159345,23408.911786344775
No,Yes,353.36392905245054,26468.297940248158
No,No,484.74380517659785,21215.125623489155
No,Yes,1690.941962752737,15012.645246761316
No,No,614.8170308047924,28657.497795617397
No,Yes,519.5481624706409,27000.299118633204
Yes,No,1642.8988327453485,48187.311983209016
No,No,1380.4094254206823,36008.00815646053
No,Yes,601.2644777336694,26926.36318378613
Yes,Yes,2715.103741590636,30328.55172978667
No,No,638.3699133643711,42394.13560413984
No,No,872.2979653500238,27980.587335760665
No,Yes,862.8149020778187,29548.270700133435
No,No,337.0019511513873,43817.96661485023
No,No,599.9918764467876,36607.209233342284
No,No,661.9873229852116,34864.76607912005
No,No,108.654540231013,39494.44524826895
No,No,840.5312386893318,38450.05745754151
No,Yes,1515.4779107852448,10408.9723672841
No,Yes,306.73258742661136,26451.911838887685
No,Yes,1331.1428966510882,31703.727090937868
No,No,1459.2953386391353,43386.74799574821
No,No,607.4682313503357,37271.498386252875
Yes,No,2236.48721791434,34980.52137585398
No,No,825.5404321524325,29531.242871664486
No,No,102.87586449241084,32354.90867531971
No,No,212.06242084020306,40773.52109581682
No,No,853.4380642886367,37345.611014167465
No,No,1068.4452488545874,42537.409369574074
No,No,707.8041040227398,28307.0497473507
No,Yes,979.9013866703953,31035.23359444535
No,Yes,868.5491271673038,19120.878435950966
No,Yes,479.02682007407236,24869.473078665385
No,Yes,870.4787656286467,19516.71518856106
No,No,157.68969550719342,32515.561919301108
No,Yes,624.4435810647146,37686.60034698599
No,Yes,1219.7986588081365,27015.491513741683
No,No,319.0332955005934,35751.878975684034
No,Yes,669.855285410347,33333.73404164763
No,No,763.7356445612799,7852.9219485010835
Yes,No,2149.797949141739,31911.90875630993
No,No,1374.2156893496765,28502.93151513962
No,No,151.4959540101704,24924.55160897317
Yes,No,2498.211168239783,18213.510348053074
No,No,1720.634448709999,31309.130017882773
No,No,801.1215931465222,40435.06197439073
No,No,1219.3159625855374,32031.208289047318
No,Yes,432.6398941096501,29042.354941549387
No,Yes,797.2259449635775,23950.467397202694
No,Yes,410.0688502147368,31613.190733825053
No,No,1060.664415692254,28472.03207661113
Yes,No,3008.226307489626,14773.28553978325
No,No,498.0068588354004,17696.485520644215
No,No,610.358090592613,28522.429369823985
No,No,682.0493862784115,24698.509733466075
No,No,520.5452066931658,27594.990190361375
No,No,1017.9540935551431,44886.941078203374
No,No,1447.4198381933008,18489.028299629652
No,No,429.6457885155997,48581.35748772155
No,No,675.579798372317,25442.20545041696
No,Yes,1337.8060647738796,14741.929892647207
No,No,315.0403337660863,32116.296597984267
No,Yes,272.8776920958425,33943.12354504509
No,No,422.7257249134545,26377.069027049656
No,Yes,1386.0493571182176,19243.20546801445
No,No,300.80885862045545,28158.4814261643
No,No,447.5081557381627,45000.31148540006
No,No,680.3619745580392,29038.271598794796
No,Yes,922.5722541291512,26573.56206804803
No,No,611.2741960899702,34705.882601682286
No,No,692.1158693733385,32400.028911573285
No,No,172.64712475770392,28513.35516637702
No,No,408.3828852781643,53189.81710799165
No,No,1216.797451365062,61420.598747843236
No,Yes,457.333592705644,17265.768134422004
No,No,784.7208427622531,22785.831200384717
No,No,728.6907620462043,33907.78665785045
No,No,1131.069627392902,10769.910831076235
No,No,1248.410919646259,33982.991939353815
No,No,1492.995078260074,53571.86216985941
No,No,1807.2718267141368,27510.98064355582
No,No,304.34139949314823,44304.66160071235
No,Yes,98.16978026909015,33735.41316936371
No,No,499.6989885904955,24884.13352886799
No,No,283.969344896851,35282.854252936086
No,Yes,411.3354342943981,25928.537626469584
No,No,988.573175601583,40788.84430794801
No,No,1433.2881170802714,41517.82782072592
No,No,800.2492963340966,44724.99796859431
No,No,394.92216734436465,25678.75921011581
No,No,830.1530142034849,35240.22771624351
No,No,1158.8060599910275,48324.136509407195
No,No,173.95507252110497,49404.95740975375
No,Yes,634.6958368119409,25025.63230419578
No,No,565.4973800160038,28183.77905411162
No,Yes,717.6187937115409,30696.629282931815
No,Yes,385.8792168417494,27203.532476282282
No,No,844.8297289782364,38646.363240666906
No,Yes,1084.6796037914567,28880.406797206524
No,No,298.621597774847,23992.865593254937
No,No,1673.8860312131947,41971.311535231434
No,Yes,281.4777885546843,24531.68744916184
No,No,382.7980283792309,44914.97835133962
No,No,213.2548233786964,33704.68180008705
No,No,182.61365874913605,39334.15984603683
No,No,741.769866744879,38073.43614218458
No,No,381.8427931748238,28040.547869355894
No,No,1253.769653763403,24482.64966949341
No,Yes,390.2322872205225,29096.691102219258
No,No,386.15743017644184,24931.3338026737
No,Yes,1367.8932303735712,21097.510985451736
No,No,258.25408296676926,29836.995351073718
No,No,461.56350466578624,37171.170444223695
Yes,No,1654.8038069779745,40257.47650845586
No,Yes,43.83523691699104,12553.833912822844
No,Yes,209.21934166207015,18373.992486623596
Yes,No,1853.6738372007594,25777.913370324102
No,No,916.2266561885058,31219.682837095985
No,Yes,1010.2287865768101,9504.356459257677
No,No,174.70228381453632,44837.99919695436
No,No,720.0183901391723,34103.97345910972
No,No,303.84162125406596,32157.090680201607
No,Yes,1532.8295418745713,28734.813271295556
No,No,1319.3889659518313,38675.33445762506
No,No,417.5745698037634,38567.396927075555
No,No,967.2608888133526,33343.657005441615
No,No,873.7402536125668,34547.09951220065
No,No,605.8783013495452,41943.08944292013
No,Yes,376.6536858194048,27174.338685503775
No,Yes,556.4267126870192,35547.93082839988
No,No,1242.579950794584,34901.37803610039
Yes,No,1671.7478147573595,40006.96090891231
No,Yes,599.2830038347137,22589.080797235736
Yes,No,1789.4982587805114,36737.10151800451
No,No,916.9166135929187,37258.039942304276
No,Yes,746.5440469021506,20342.714088896504
No,Yes,680.2612230458088,18924.957500573506
No,No,331.77144275929476,39911.61122887652
No,No,1017.365481529662,38044.08420353779
Yes,No,1999.4441867954574,48175.76819553817
No,Yes,722.9546428667207,23481.7966584599
No,Yes,335.14376193766833,16488.903050709876
No,No,1139.5214847525624,33615.25576101856
No,Yes,574.7185775241355,28836.535359062545
No,Yes,393.1133322313221,8599.37869497123
No,No,165.95143888925406,33438.27025720018
No,No,993.642158042622,40163.82855877558
No,No,1491.6325245762607,35847.69367692667
No,Yes,264.0734064516291,20941.62854059279
No,No,521.7413670327118,21473.1043079761
No,No,560.4682201023164,33380.82314862382
No,No,348.6148776235046,21256.997857555212
No,No,1756.3601302435657,40230.93724199283
No,No,157.99437251099567,34112.50747154364
No,No,923.7979600148865,48449.79013554116
No,No,1056.2706878716647,13966.752691448131
No,No,346.29640687932545,30100.314951408956
No,No,274.73197081913463,40833.75186363283
No,No,399.8966864763291,44926.62282915742
No,No,102.64865882136291,41238.7250491273
No,No,428.71659866550516,23969.22211700469
No,No,479.5624292729656,28687.977544427977
No,No,2278.718605397279,11142.400360527306
No,No,124.35583446076713,33954.267869617775
No,Yes,717.9767504484761,31592.96916352516
No,No,1161.45253500992,33570.2587134297
Yes,No,2039.943508433058,39266.88021781559
No,No,142.22842321489065,39000.46634317066
Yes,No,2236.605433176338,30331.43586857931
No,No,519.8171160839432,9181.480600400817
No,No,523.297684162434,46908.99601968892
No,No,224.50652345396932,37820.00230527851
No,Yes,844.7218287875479,14694.873981192717
Yes,No,2243.2289888287696,37208.77903455671
No,No,693.3917244744117,35500.61833066255
No,Yes,379.20376303836093,32627.618409066272
No,No,377.63578120635907,38220.7908057633
No,No,393.8609920953405,38256.605614182474
No,No,1850.0493072748502,35493.28855694813
Yes,No,2132.0108750709746,25802.777691281146
No,No,157.42968725035928,40227.45194286869
No,No,242.09306042208985,33245.81715379251
No,No,271.0517960705622,23972.13644766522
No,Yes,497.65977611837775,18836.726851063006
Yes,No,2411.875839641614,22138.42990753303
Yes,Yes,2655.8880810284454,30867.773536631616
No,No,663.3354776960679,53287.860924163826
No,No,459.95701504175867,45051.61698227009
No,Yes,89.1514995344262,26083.611898735606
No,Yes,934.9112559585526,22991.82465804545
No,Yes,856.5763997464927,21413.4545705583
No,No,216.0940149586454,23637.040391304956
No,Yes,1082.9439670480951,37077.52178193942
No,No,1293.3596356169935,23159.766906758705
No,Yes,255.85513746559144,17503.709900526534
No,Yes,521.7618451812306,22081.489668472543
No,No,1247.65659368765,32370.80227825328
No,No,359.5641584007227,39520.39329945932
No,Yes,502.82685949487774,18735.99957688839
No,No,443.3327290089235,13614.068927236625
No,No,933.5692971039019,31185.761642283935
No,No,1421.604688067318,31859.427917904944
No,No,1955.7836605382874,31047.253312345823
No,No,1350.2264095077553,30914.247929291796
No,No,658.0280878735749,29993.75989448275
No,No,1056.2613923155222,20256.217808995098
No,No,198.36190237799073,48122.00084046458
Yes,No,2622.176658846623,47556.06024457332
No,No,328.931855559164,47454.25506200065
No,Yes,1199.460835483403,15151.114180032455
No,No,743.0614429611819,37538.085256984916
No,Yes,213.25905117988572,20490.08011132064
No,Yes,396.77511832778663,20109.557844707953
No,No,1487.207242369141,24213.55844534825
No,No,592.3205257976982,59155.622202043545
No,Yes,337.70549084599236,21708.824441865723
No,No,522.0057023452663,24280.060978400525
No,No,281.30694860853384,34881.7726481206
No,No,415.18730553462495,41131.358416507275
No,No,136.51201940580208,32086.650742016984
No,No,657.7380257256411,35942.5766747543
No,No,737.5588765451683,43518.76384273055
No,No,420.90023008585496,23954.038243007315
No,No,1482.1316555202743,35277.91271771165
No,Yes,530.8358531004235,18976.85844836209
No,No,592.0020546944913,25756.627105648444
No,No,399.1041477088896,51019.73390464926
No,Yes,574.8223669676121,22824.27446642362
No,No,1089.0465463236146,22880.768333631553
No,No,204.8957648055964,32384.66676619646
No,Yes,1075.150718736488,14983.608601572463
No,Yes,428.5776049583512,21927.92898475652
No,No,214.1765843845382,26715.161790221337
No,No,492.29282600533446,38609.44091225475
No,No,992.1729119137777,52870.767369821566
No,No,483.1644992962317,31750.74337710344
No,No,291.7438502306152,27090.86051605806
No,No,2160.935231904837,34410.04395542751
No,No,809.8386723785975,48412.97637591502
No,No,676.4201609199939,38663.31065099468
No,No,971.0513822210556,32089.515538158877
No,Yes,1256.7059717798945,8985.24020293281
No,Yes,524.9081329387367,23083.718365759123
No,Yes,1436.1801550354774,28885.83982850066
No,No,170.00172802422165,43075.22128412558
No,No,1014.2073229369144,46608.41780533013
No,Yes,553.6249136649176,18728.544058013624
No,No,1514.7714495617834,29469.524261963314
No,No,434.8246563005206,32297.918465917035
No,No,1327.8659324363837,40596.271420368575
No,No,829.130391493444,30868.67293322292
No,Yes,1394.8426398643558,27123.822213000432
No,No,688.1065475764922,29656.313253717068
No,No,116.57387801430103,26441.586904583048
No,No,1438.9793743907496,44597.28475434536
No,No,1504.7623173126622,36623.60872625053
No,No,498.9784930031659,40966.43077516658
No,Yes,442.5295144090398,22005.946928070927
No,No,1231.5978919087518,41541.2697345391
No,Yes,982.4522348710453,16011.309364141795
No,No,576.5967001978911,24465.68905540651
No,No,936.4435233579318,42921.05470369061
No,Yes,597.1345867215148,22958.3196431534
No,Yes,1787.5804554554104,21724.153815488102
No,Yes,637.2435473384415,17013.26070858543
No,No,1231.6316253136956,41544.705829791266
No,No,687.1725750603518,52153.99201692716
No,No,859.8510531097623,39576.2054855862
Yes,No,2115.631896692079,29008.67185734433
No,No,446.655424049077,47367.93640826509
No,No,1174.5963993191217,37093.93420467794
Yes,Yes,2154.4070818398586,20419.0787052888
No,No,1144.3547237000737,46256.82245025044
No,No,1548.538276469355,31695.90144811278
No,No,742.6488631283663,19073.171119273444
No,No,1099.9315699990811,30323.830866246702
No,Yes,1587.970776899978,27174.57674865947
No,No,675.9296782671628,26323.41844437377
No,Yes,393.51164864750086,10343.694712159617
No,Yes,335.19132341126107,33738.77933247178
No,Yes,2349.976371513857,44407.335475542655
Yes,Yes,2096.065668114176,20121.707752865703
No,No,376.29894993447886,27201.746004706678
No,No,1548.045782111222,20029.082402936496
No,No,943.011040723081,25288.085893081916
No,No,693.731886920571,18221.65271540211
No,Yes,438.7253745440241,14315.183183803341
No,Yes,743.0088036063098,23465.72274921877
No,No,305.90429769808344,17709.691094439142
No,No,539.9500049111667,18815.733985990744
No,No,298.9747907517551,35570.20509390829
No,No,191.719013877829,27325.313270025385
Yes,No,1574.7315731885517,37066.734420519286
No,No,589.3449986358695,30079.944084353414
No,No,882.2352369214583,31644.415965339533
No,No,427.68237483650296,41301.06315099083
No,No,567.6119639059646,28013.095902000838
No,No,290.40696010849945,40597.010363359506
No,No,1970.328590786685,29301.522849270124
No,Yes,1520.0330333164723,17704.806954091506
No,No,420.88640143816383,22759.812150159363
No,No,289.24539554170866,16933.260352461813
No,Yes,211.23710865834715,14767.042377750236
No,No,741.3036632848855,15765.081461613812
No,No,1157.8616652312237,23554.90384826322
No,No,1075.301004874292,41710.0585993255
No,No,472.0663047384445,33416.85787532001
No,No,563.8454683300799,29621.241616704137
No,No,281.53798635824296,26587.102565909285
No,No,327.6346093657938,32687.476974999096
No,No,1571.335952505521,33802.086090780955
No,No,117.83737282305786,22349.442859388022
No,No,101.15488696466966,38135.58320829564
No,No,376.5947379295354,30243.669285736178
Yes,No,1954.450361728147,36468.14226915065
No,No,682.7240720858463,33179.8642490365
Yes,No,2938.157489398651,19315.956779223903
No,No,513.5048478930851,46508.49539797611
No,No,1102.3869057628867,33385.44703278318
No,No,1427.4744345852598,29823.025527195023
Yes,No,2597.2821218309923,39325.55960138093
No,Yes,487.061948427229,15348.702116536908
No,No,676.6616691935935,17757.129693497347
No,No,579.5306349809485,39065.87999702725
No,No,1168.691731781476,44965.66836303039
No,No,1813.6190324783468,36364.15604460839
Yes,No,1810.0233569642587,41557.83830224868
No,Yes,477.60320585931197,14586.814448452926
No,No,328.997366715694,29907.25886635932
No,Yes,1296.988218750233,18843.69253372603
No,No,249.72343170472917,43775.96785948759
No,No,1188.7841518425644,38440.67336479657
No,Yes,810.7180976983894,30668.093261133563
No,No,1619.7201188105141,27321.262235778835
No,No,1446.9003795253007,22185.21236124939
No,No,743.6219554184413,46790.786739890194
No,Yes,275.34295623647836,23632.7724706863
No,No,249.03805340841677,44148.80981242139
No,No,702.8423511075558,32850.55091622023
No,No,954.8455980529022,55538.52097112204
No,No,521.6528608719289,45279.96494959481
No,No,302.0025739551723,31899.445767235986
No,No,536.3819791588876,33705.28901765271
No,No,1628.2636518750287,33739.8752617553
No,Yes,643.8091215688128,15497.584278605447
No,No,410.02967041757626,28680.550803004833
No,Yes,290.1067814081057,19544.161774061373
No,No,639.8944071196767,35825.13356386068
No,No,1457.202646022905,25348.617180300404
No,Yes,1806.7964616401034,22399.496880681963
No,No,341.5220867593814,29838.301884837212
No,No,748.1949398727386,34258.29532785787
No,No,371.4377854348771,48181.062680661984
No,No,500.83767578881765,44454.36282679029
No,Yes,757.0914833705775,14276.506888472808
No,No,448.76515743727686,32981.61436020624
Yes,Yes,2369.193318103734,21329.92263799749
No,Yes,489.2891345651662,18923.80260722498
No,No,380.46600031068044,55030.21388967867
No,Yes,407.6757623637714,19762.625360211427
No,No,161.77301342972027,28925.631218015293
Yes,No,2014.1829464942646,51043.89360272837
No,Yes,797.8471859363145,30233.25223223077
No,No,963.4992360233449,29067.01723839608
No,No,874.18231936224,41106.045076590366
No,No,437.7460557402229,31105.648967450106
No,No,663.2238100654121,31771.836213666546
No,No,1123.2200120597786,25446.171497026226
No,No,182.5865477106029,9169.468514933917
No,No,493.3912473039524,19251.26679493579
No,Yes,677.7818586634036,15717.760764887324
No,No,426.2838320361395,37690.03773866448
No,No,419.53640146432053,35034.38304369138
No,No,763.0101763447458,44362.33284206993
No,Yes,2019.8277651580468,15026.642094898403
No,No,930.9365611609536,51367.90485439672
No,Yes,398.23167511105464,35310.47725481921
Yes,No,3338.6277653081656,33854.3665004791
No,No,1694.0509981938603,26637.49622936403
No,No,452.59223941687725,27154.969256967714
No,No,1711.3550008596117,35481.356081893
No,No,775.9698435002231,52325.953030555844
No,No,236.15782746988737,32550.79760569144
No,No,1566.3130803084262,17679.674224318445
No,Yes,398.2789679588664,36717.57357869863
No,Yes,1154.435345309019,20647.297230138673
No,No,745.0694272188346,48037.9605207225
No,Yes,1225.1952769630689,27830.43560381432
Yes,No,2117.3836713298633,32015.71123549352
No,No,655.6959198956184,43159.39554859702
No,No,233.15935608739943,26152.54122546085
No,No,374.01625613804686,30590.43135659539
No,Yes,260.58085354786266,19734.852519670312
No,No,155.32542212932552,31493.18868787115
No,No,1435.754739069895,38977.50589298914
No,No,725.5800205649085,38902.82164025887
No,No,597.6402530011364,17946.83000207017
No,No,461.30648502873044,28144.602290644965
No,No,1210.533589197973,29871.08801281628
Yes,No,1844.3213578078112,39361.51590325668
No,Yes,387.92820814954655,13647.778919350363
No,No,934.9965063120358,40564.67748897977
No,No,1366.5663296906614,22232.910416515268
No,No,802.6938559615013,35983.47684001961
No,No,1142.237269214959,44644.39665000423
No,No,230.28965208530133,21231.196154282865
No,Yes,2254.612324944833,25142.247728830127
No,Yes,1457.5406596136932,22151.631279879195
No,Yes,1204.6356464799267,16607.866333554863
No,No,1300.9843449229127,21250.37243469721
No,No,524.9029370644434,26424.660831175832
No,Yes,327.527045465699,17776.501813570212
No,Yes,262.53865124540164,22010.831982682637
No,No,187.22067980361575,29233.756196221027
No,Yes,1110.4929758573978,26415.31348450753
No,Yes,573.6860033592087,29109.44592100196
Yes,No,1800.5461313823605,18209.943634028576
No,No,1553.5612105899172,30993.49425563156
No,No,1208.988785359308,24000.753562037462
No,Yes,1233.981941301803,15853.835752272751
No,No,372.67043889300817,17811.983649153524
No,No,433.8318939708879,17073.105178046393
No,No,371.15159605290387,28308.74000279506
No,No,264.7954399132388,37429.07833334636
No,No,612.1502949285781,37393.470228067905
No,No,1353.9889774582132,22973.20716096917
No,Yes,698.0611208915738,15373.253793494812
No,Yes,425.7820066900309,25124.71397660094
No,Yes,698.5479593758722,20427.801398875472
No,No,758.7610644698746,42397.10181603402
No,No,445.6433463032217,22392.788552817023
No,Yes,739.2697510700383,10446.023339977964
Yes,No,3301.3867058670144,39624.84210297815
No,No,181.37378591302686,14599.607363949795
No,No,75.75753635127109,19042.000977536576
No,No,718.4707962247347,26807.71610302453
No,No,895.0087310410424,30650.06558249124
No,No,592.2585942869422,39514.77327566638
No,Yes,344.0410744657521,16350.472760723382
No,No,1779.0114865519722,46677.11726208887
No,Yes,823.7566145437713,12837.309927399043
No,No,743.8560281904147,29780.61059932531
No,No,1195.0118825763968,41801.549592649
No,No,573.0589331050624,42330.93649198477
No,Yes,638.2685830097903,2764.8183585614865
No,Yes,2134.7498764589945,42405.60899248474
No,No,129.63114722750976,30277.718272185837
No,No,860.55284135955,36284.45337419006
No,No,805.3732770506485,30163.611200280986
No,Yes,568.5702545365172,38396.07721596676
No,No,593.0327108027433,46393.43740927958
No,Yes,2009.7499161796547,38202.54856766824
No,No,330.9522920075851,38232.330748923654
No,No,1140.2609205138267,42621.47027016459
No,No,670.3674189749308,23053.812069097956
No,Yes,1267.1073376834913,21597.82543997977
No,No,906.0728525499078,42629.54620306918
No,No,70.26352266292423,36682.45637987467
No,Yes,388.7298585051147,24189.930371015103
No,No,369.5180599480312,25743.31200865374
No,No,284.1052209588772,45154.71420769292
No,No,411.61788449059253,45012.80275071432
No,No,742.5566094001427,43922.088065347176
No,No,1275.2173944237431,36420.37977000077
No,Yes,248.02529411664676,23520.731857391507
No,No,677.8860791617949,44741.32386232086
No,No,827.5004288852003,42868.00483020896
No,Yes,1736.6714247800799,17201.055792301984
Yes,Yes,2300.5815704860347,25664.433940925563
No,Yes,684.1331676712247,28056.359980636942
No,Yes,348.08890532459617,18738.277867056077
No,Yes,1042.3633867608708,29774.08194880862
No,Yes,363.3335545070918,28473.594032307534
No,Yes,979.9814878111858,20535.86307795013
No,Yes,425.07214856169065,13952.476801366056
No,No,971.3715059540868,39362.40843992532
No,No,376.0280221988653,53146.122498915385
No,Yes,2158.7554860609093,25237.793756384493
No,No,672.4504478864545,39913.831774032034
No,Yes,174.04394757817343,15292.653854846536
No,No,1301.4247004613956,33022.10367213318
No,Yes,692.46625598346,22669.772946927533
No,No,1024.9576450020502,24635.85128326571
No,No,1318.5155482199436,37897.85513138442
No,Yes,840.2038501881964,26259.753772812976
No,No,193.596211351129,30558.574304247235
No,No,750.3221468379303,33372.65843902984
No,No,1638.6954429377113,54029.48439459977
No,No,618.7284171984916,27293.911578679825
No,No,907.5064327832094,22186.44122348091
No,No,333.4875655467041,21946.2345050703
No,Yes,194.15195666494856,25194.06720931118
No,No,586.7319140381331,8054.828176982188
No,No,684.7830982707034,28396.765373006925
Yes,Yes,1712.5875655215893,16669.31348821714
No,No,718.6086573091778,32927.484322538134
No,No,1351.597105761158,32969.00700394627
No,No,467.6422866346467,36947.412877670446
No,No,188.21398543934114,39655.19023425459
No,No,945.101523039045,44917.970996144184
No,Yes,2108.586388377269,20974.44101802109
No,No,415.4137690905861,26836.76218455476
No,No,1047.1831844159242,42026.322267071526
No,No,1074.9369553344395,16910.310421073536
No,No,566.8269021989531,41073.635312088816
No,No,1108.9137584779323,34930.2290874689
No,No,866.4921506843223,37990.394858353764
No,No,1109.5014426380035,37149.67380258451
No,No,982.2333882832528,34864.299708993654
No,Yes,749.9042752763837,24690.14632603677
No,No,683.3889169839281,22394.115876789045
No,Yes,1680.943769567801,18891.19270710123
No,No,749.3145913296971,51273.05701792592
No,No,369.6396687576866,40228.576876858686
No,No,574.0253204227853,44106.03002577569
No,Yes,1086.2102965858674,21032.397276246065
No,No,1340.8780721900655,34293.594676502864
No,No,159.820070396901,38766.94101466692
No,Yes,660.1891928212826,31889.952310183344
No,Yes,1526.7249152963395,22381.54071215822
No,No,329.84325830230995,38270.673437093945
No,No,331.25333323079855,40606.96833988803
No,No,677.1899156254268,42849.09583633243
No,No,147.17816447617903,31483.689597814107
Yes,No,2078.131062995813,46317.23539594864
No,Yes,1076.4038530198545,13492.793514874182
No,No,1044.459390300081,22205.11857157623
No,No,1466.9201548526594,38306.605034151005
Yes,No,2867.2246876504355,38042.900533101034
No,No,626.6371526890362,31150.526688013553
No,No,157.62223569865185,29077.16104038342
No,No,840.1939149776629,29210.48940311017
No,No,348.1481030822556,24509.513261587683
No,Yes,288.2842493983044,23135.419467278185
No,No,449.8298489528796,17939.520311503686
No,No,617.4299958382755,44820.13023421755
No,No,1484.9096561438046,37318.75177181529
Yes,Yes,2537.2149008533884,32506.37546380875
No,Yes,325.07430947503667,24577.306885345646
No,No,477.0218681783321,33128.25765015165
No,No,1011.3633690512893,34754.44519276258
No,No,1112.2293484498284,26504.688117455145
No,No,300.14814795861565,21065.49198075522
No,Yes,1528.4577718304674,16558.446178920116
No,No,368.096815446395,29236.97481820747
No,No,289.2576211325095,24666.51395342054
No,No,980.9322521315894,46987.1820331014
No,No,1512.2812591404393,26446.303950548743
No,Yes,1007.9974110253689,26205.37576430056
No,No,739.6280035761368,39343.60831620589
No,No,626.7840062328438,45874.38552564681
No,No,708.760685203516,40316.61842257679
No,No,561.4708560706764,31765.37710765648
No,No,1001.694891630385,50559.70978277782
No,No,709.2217174687185,21059.884158265108
Yes,No,2753.112422883459,24099.23438064028
No,Yes,1038.5602039076946,24989.44780427138
No,No,562.3000189729956,34358.77854169854
No,No,274.5657050740844,41671.261395614114
No,Yes,369.34937347355196,24573.86356818594
No,Yes,1070.449795226042,26033.242963220404
No,Yes,516.2372955287307,30423.164480790507
No,No,767.9292308104377,34907.73599581667
No,No,1571.9842242909897,40295.93987031822
No,No,225.16348226964755,25943.59096923156
No,No,591.88986038745,26603.312982730567
No,Yes,197.5609809710134,29617.243275471494
No,No,790.2236786823394,34710.22475377251
No,Yes,220.74805728726938,24635.059573382474
No,No,219.8573343361358,26564.921746578973
Yes,No,1957.5150812530364,29413.097856510423
No,No,394.6051815364584,36367.0471288598
No,No,288.6579979318653,30489.004785304805
No,Yes,1877.7012061063122,17416.37669505086
No,No,286.57097909325944,24996.776351818815
No,No,855.1315744389244,27126.684814507167
No,Yes,1047.8724261018729,21077.394680582154
No,Yes,1459.7351949618935,21514.392457651622
No,Yes,294.69966205578675,34428.63728673367
No,No,328.4847429493613,42741.74349643715
No,Yes,478.4499547321368,25528.438648370935
No,Yes,410.3632333436689,36486.7437774265
No,No,1160.7233576923147,32344.571627247744
No,No,874.2942739405752,38254.84267713832
No,Yes,1167.9729038330584,25751.695571295822
No,Yes,186.75321416833458,26757.81862286688
No,Yes,930.5100949513413,18211.04621457113
No,No,1736.1301253445763,30455.624232447255
Yes,No,2524.798235819642,25384.680787004043
No,No,456.4304339499644,37576.57602103817
No,No,1234.4463746711726,33533.27419583195
No,No,336.0354091191548,14678.3117092047
No,No,162.13494189372523,38635.52196862892
No,No,172.9383616558342,35667.36454199643
No,No,1580.9090590111473,50542.27494492962
No,No,484.7590956655421,42770.13444849836
No,No,409.7091624987109,44628.36743549456
No,No,1132.3319590123722,22211.590859848293
No,No,212.15668638502504,44682.24319581091
No,Yes,1130.6275173519361,22085.725252440596
No,No,560.8653240603531,26580.82814657576
Yes,Yes,2841.193684183241,7032.081458024477
No,Yes,568.4677838907379,32643.591758245962
No,No,595.2634960317037,30654.26754721021
No,Yes,204.44001436345613,22594.46679666902
Yes,No,2610.4646106070923,36710.368678646526
No,No,500.7103019133275,52122.99802347153
Yes,No,2018.6312849663352,31241.64140292718
No,No,121.06793909962845,33345.67280315024
No,No,819.5821355681783,43186.490064537575
Yes,No,2429.777385191195,30708.8546887006
No,No,395.60275339702696,25187.759455360505
No,No,779.308674735645,11616.277078315423
No,No,1617.076081438865,46862.84063500384
No,No,506.3391701692547,35887.28328356076
No,Yes,197.41391670173616,27272.40416294677
No,No,447.1375533398633,28638.268129361
No,No,827.8025915769033,40297.437943734774
No,No,820.8235497410193,27662.03634145912
No,No,1089.002189424243,35126.70606644284
No,No,323.0670030035413,34578.039575286195
Yes,Yes,2765.752148549617,31355.363754305614
No,No,332.87918640900955,39970.06649911307
No,Yes,850.4686683526606,19064.212199125675
No,Yes,1020.1170758361332,27658.926267908286
No,No,791.075334837219,29828.790065130313
No,Yes,296.6888982100673,17764.40052245969
No,No,1643.4573870238087,39009.79654303512
No,Yes,515.2358684939063,24807.939302643597
No,No,905.7200083270079,21540.700412026425
No,No,773.8694380253971,28347.96370642358
No,Yes,925.6912610555437,28667.86831086904
No,No,149.88646218946076,37391.14954344516
No,Yes,479.0949550137963,26467.319468277372
No,No,899.4120528372863,51953.39877174641
No,No,158.98896014476682,43459.98964386474
No,No,559.0070214547497,32332.13660133877
No,Yes,867.8562592283081,20622.371045366028
No,No,1051.254895078815,26698.699851102145
No,No,711.7882770910024,28902.171882354105
No,No,573.7257503216352,17508.578948929608
No,Yes,961.469731417501,14937.3286651806
No,No,546.1185500964174,40077.61203944672
No,No,312.7555952533146,48847.77597694423
No,No,443.07494663082406,34052.324985130435
No,No,891.1377990069909,26473.78241586033
No,Yes,693.2517730428923,-381.4054015229696
Yes,No,3108.63247581999,50538.62616975285
No,Yes,284.25654054760633,14080.34234564288
No,No,870.9162515909402,18778.90293672694
No,No,973.4356497513808,30525.487823422685
No,No,698.8487870131498,33076.74090357014
No,Yes,621.7486642186533,23522.541791769167
No,No,655.2681083452758,24950.584382474728
No,No,658.6703364546452,37657.13323697948
No,No,1864.7240082911273,28282.3405414426
No,Yes,130.60617751814132,19971.311629013588
No,No,305.9298591812347,30712.86426565595
No,Yes,966.2500593449282,18711.59947893971
No,No,1370.1048149160158,20957.10401089293
No,No,323.61649129053615,21609.913197653357
No,No,252.4407170545417,22448.487673639618
No,No,595.8569570713611,38060.776974721426
No,Yes,369.5171250658009,26243.830774452825
No,No,599.3332780222502,30812.436259617276
No,No,313.4375370172059,31308.975158039408
No,No,1063.3375396232623,45175.388736255816
No,No,321.4585043097582,38642.0815264874
No,Yes,159.5509555155967,34404.19766127852
No,Yes,1279.2161133806596,19408.819775066513
No,No,665.8553181952497,21850.443395170485
No,No,473.80299481088997,43469.04331396859
No,No,484.97016395310305,33294.3394103976
No,Yes,869.32273348417,17830.132363941328
No,Yes,303.7671010344721,26871.59048982131
No,Yes,220.87231088633305,18514.885369731262
No,No,320.662626999537,40389.959462443454
No,No,519.5961557915633,38359.51670957971
No,No,298.0791914677508,31240.36542300715
No,No,1857.4685810434876,16633.34431297163
No,No,320.811340686628,24268.362202611
No,No,685.5772523959173,48683.543175457235
No,No,931.9958693988835,50954.777437196375
No,No,1489.9745226927655,59432.551460833
No,No,2052.7430431696694,37503.82233407119
Yes,No,2584.68259382065,22599.093039183244
No,Yes,1729.5058175982344,32823.04198544823
No,No,1292.6686440277315,30858.318937440883
No,Yes,322.8029553452886,18673.740550021805
No,No,971.3469151324844,36847.440268222956
No,Yes,651.2208152260954,36728.50331478503
No,No,547.1969452004091,32446.909006658545
No,No,476.18006346798506,33670.01582987015
No,No,263.46116329442356,18178.51967950558
No,Yes,498.5327047212757,24204.26752344584
No,No,305.8345763121552,40154.81051591574
No,No,108.90981982608604,32623.55589864581
No,Yes,1975.0771947673638,23355.529318192075
No,No,675.0707880170489,35751.37542575416
No,No,696.1028369297727,23008.22782176825
No,Yes,754.548725325477,7505.9501584517575
No,Yes,1637.528224789624,22726.98271598191
No,No,744.9363172369467,31243.816284713535
No,Yes,2017.8983147324432,27440.013589050322
No,No,1041.3984469324234,57471.03598867367
No,No,357.14831061999377,46460.23768716349
No,Yes,1816.5294880010283,9051.027024547579
No,No,845.8089839111402,58707.83372894506
No,No,617.7381206305259,40140.085992939945
No,Yes,1509.6835500907432,21597.24818511166
No,No,680.712359074281,48263.887095906
No,No,1105.3862276207115,7968.751952790088
No,No,226.3601988545024,28054.69426660734
No,No,692.2113614435012,35470.816169821475
No,No,378.26818964834706,34173.22569572097
Yes,No,2525.948009352984,48640.77794761675
No,Yes,1925.480740975656,31713.432580064746
No,Yes,934.1604404033833,28224.86544768051
No,No,1506.2383984797839,30730.361458797383
No,No,384.1564556076594,43113.32435706767
No,No,459.4614237104848,27519.35442734612
No,No,85.34761840734862,41223.20381773479
No,No,1065.984185331694,26210.224010539216
No,No,74.23098571886244,36441.93923171262
No,No,421.43153962043664,18941.817148494083
No,No,219.56291713208182,43855.18803460984
Yes,Yes,1610.3288892057647,20337.982097740474
Yes,No,2366.1066736553744,19809.58660695697
No,No,1187.2797407690825,23863.439724375006
No,No,1045.9717151596794,30435.416731706497
No,No,785.000584385698,24377.900981957817
No,No,735.0286776942543,40701.67438207368
No,No,327.55470980442766,30722.646111335074
No,No,152.87750816097338,42849.70358025097
No,Yes,868.2762109377757,21469.67296878427
No,Yes,1024.6048428875074,28469.55320345988
No,No,849.9218469529253,33589.84724619779
No,No,940.646470842031,30906.234933929583
No,No,1122.779841429227,23093.686703114327
No,No,700.2913304141081,34178.522418095505
No,No,299.50014036613464,40853.959926953365
No,No,918.0790333048864,26624.87628639817
No,No,1074.0996371160825,33375.29593029934
No,No,526.733492410393,27984.225554441673
No,No,1076.6633717396294,52862.17284205937
No,No,729.3916331385057,36619.92428690895
No,Yes,313.1120703838803,24079.607112741895
Yes,Yes,3479.160457631672,20049.727812128385
No,No,505.74406153392164,42339.23501229142
No,No,279.5914104128864,33493.21403329659
No,No,374.8558063652168,32850.92314789686
No,No,50.882453200928644,32767.118416640187
No,No,539.4963311717585,22440.228212849514
No,No,1660.0729122585967,48458.38599884062
No,No,775.980886324934,42696.07381629151
No,No,344.3548115206788,33589.19871847262
No,Yes,773.3179929750107,22728.28135460915
No,No,648.8507667882326,24684.058297941883
No,No,516.625320398502,18739.821106423922
No,No,1284.654737531806,24690.499876987058
No,No,861.2179160920028,44936.28736435638
No,No,291.91302922740323,29633.019117046206
No,Yes,1512.0116880017106,31026.72340826243
No,Yes,1866.7677793840055,23239.98935145821
No,No,881.311811722516,24815.865304047467
No,No,559.8228909585753,26159.94733261101
No,No,432.815232178853,35965.99581909264
Yes,Yes,2297.1789072256524,12113.55353377965
No,Yes,998.0122752895451,18080.750550376953
No,No,716.7958801734437,28963.899274689407
No,Yes,283.6634528403244,29193.840433802256
No,No,318.5779608364859,36329.42886858699
No,No,177.67712769924847,35373.98614993758
No,No,553.6221807055895,38133.80304389782
No,No,424.98937756721926,43841.16730906006
No,Yes,891.5294991016051,23803.976092458048
No,No,1423.4651184034826,23157.18186178006
No,Yes,1297.1531199251938,24765.244160119946
No,Yes,1479.5502659025622,17567.2471510281
No,Yes,1679.2277854831823,8966.512073225518
No,No,342.10846589520656,35389.33410314267
No,Yes,581.2547307326045,27067.103133880617
No,No,431.1547253078011,36968.64966366567
No,Yes,1344.449761901236,26987.359594311885
No,No,229.06115908881088,44646.80481204805
No,No,1713.0198671042276,23809.298418078637
No,Yes,563.507943461714,20733.973241603195
No,Yes,293.620965980373,14440.350184405183
No,Yes,582.9899479045787,26595.396169663996
No,No,512.4849825975896,45788.13115353375
No,No,572.3034419980959,28055.24545186541
No,No,592.8268288054983,40723.06195410411
No,No,1390.6350762876123,25806.458383355293
No,No,842.4915959246933,39954.8548389605
No,No,241.7447448675596,11161.466363224034
No,Yes,605.0262426585974,34108.4792417122
No,Yes,504.5899404727973,15818.084350057483
No,No,694.3798714089446,35189.43174640435
No,No,622.1719973210386,47548.04551935522
Yes,No,2070.437103559752,21819.758081682587
No,No,1229.2219442182377,51095.47271829562
No,Yes,1211.0816432529202,38171.614100677594
No,No,77.0392477943125,40389.83546681561
No,No,1195.7226878083097,33668.101435718934
No,No,115.52459792567693,31651.955350261655
No,Yes,544.1717186334771,27469.68348867689
No,Yes,602.7113343512754,28673.334485293544
No,Yes,1625.6045569020364,9358.494669487061
No,No,282.00480128939716,30651.681047480277
No,No,573.5194279211214,27652.88596285294
No,No,192.81212250818135,26205.688966001773
No,No,954.2963325841694,26402.883733312683
No,No,457.29845699794305,20558.845252786672
No,Yes,900.3980349215387,34299.10192911485
No,No,27.905198940137183,27626.898021518125
No,No,252.958735571814,32051.601170496644
No,Yes,920.8008431096748,21262.46676050727
No,No,1052.1069701786607,28012.438800810134
No,No,1727.8411048747594,37669.725629801535
No,No,1562.798853209986,30377.82580914028
No,Yes,484.84691616594506,27687.61376000832
No,No,740.9775451322224,49200.50897470112
No,No,1134.7465780972911,22498.27089095064
No,Yes,997.0355000564757,25709.717866887262
No,No,506.13057147824156,36432.44046978969
No,Yes,918.2557510879617,15222.266057466317
Yes,No,1644.2320752142375,39961.6487188817
No,No,643.8446548098808,30877.026980585928
No,No,968.2488871721312,49292.965765639674
No,No,802.6927607395036,43490.01330462625
No,No,385.6551176934008,33494.95790126265
No,No,1349.2533293696354,31336.02827992126
No,No,658.0983179097666,50825.889435597564
No,No,501.36178565456504,27706.91858901836
No,No,796.035085192553,36144.57777444623
No,Yes,1746.7520398528502,22994.122501628302
No,No,759.579389974857,45448.63671116437
No,No,749.2641278971362,46217.09092720767
No,No,946.6762622222228,38923.96384639893
No,No,1108.8756909216772,28221.949355857643
No,Yes,654.4385058950045,22354.523123883177
No,Yes,720.564655782723,14838.47950565004
No,Yes,616.5616069437212,25192.219662011266
No,No,940.7200975814523,25434.143225282256
No,No,657.6615920803002,55888.32894884811
No,No,682.9967982914934,28023.453977127527
No,No,700.018745406917,43757.89429834216
No,Yes,264.33104268972784,34149.38657584864
No,Yes,1252.8315560760925,29251.85819641427
No,No,531.6280715617924,28433.62157429115
No,No,663.5412501722699,27719.090634243512
No,No,460.53028917512034,62941.16008982601
No,Yes,337.5565574913119,37267.62130995646
No,No,754.9654319935555,36534.714567058414
No,No,901.8846626995908,30116.27817215715
Yes,Yes,3441.7727126940067,17359.919361275817
No,Yes,515.4942556768893,19111.48927067747
No,No,1163.4230631775995,40603.08329943784
No,No,523.2429054864738,56629.10629760874
No,Yes,1480.1881267446615,22618.406947694828
No,No,1003.9263478258798,45484.765360993966
No,Yes,521.6887522162593,29739.41207086007
No,No,260.3174871159853,30575.196648815887
No,Yes,228.80592626956744,30443.506469977063
No,Yes,1580.25490602382,30660.978992578068
No,Yes,390.7216245838973,29867.662271187168
No,No,1297.5441066142882,29373.91425652084
No,No,688.6120220118319,40671.10094866911
No,No,551.69973990183,45390.44054228801
No,Yes,1328.4194565600135,30140.295403831355
No,No,525.5493588469384,44278.16440387568
No,No,1037.0366776773817,31469.775220264666
No,No,435.1047682817662,44225.46511944648
Yes,Yes,1953.883384861286,32480.455251136747
No,Yes,459.1228046443097,20251.591966415872
No,Yes,1256.9055466041893,13761.53657375427
No,No,1435.7963262656392,49855.85998976279
No,Yes,19.095422256381838,20212.284469120113
No,No,977.5658755516386,26074.134027769327
No,Yes,466.3784198187929,24936.03925035462
No,No,1102.4440784854412,30800.249342410192
No,No,804.1181109572351,14237.680482775031
No,No,955.1991448786838,42418.18178070472
No,No,651.8530801484704,42167.87775587074
No,No,1498.883292364017,23186.32198752113
No,No,198.92260738029265,33245.388892355084
No,No,1393.3807251503322,23327.84825876059
No,No,440.7552203340445,24912.341674168973
No,No,108.16022429726861,27480.943066528485
No,Yes,850.4077603952143,27150.028549525905
No,Yes,480.66519529630125,37528.313782475874
No,Yes,1116.1211052072085,20557.231142323788
No,No,993.8700675901844,41889.588711543634
No,Yes,728.5868371641625,29033.40926877355
No,Yes,1152.4782791113996,8541.622162265534
No,No,839.386152859352,19649.89263996177
No,No,699.2790428665285,53962.816562890795
No,No,592.4959464473768,28437.912824460967
No,No,464.34698552338807,38030.77226752394
Yes,Yes,2500.113985468008,25807.57516594909
No,No,675.4351532400258,12219.367006514909
No,No,867.1648431286004,26679.53027186209
No,No,1068.0340286544147,40766.61502119101
No,No,555.3206828609495,24122.033756445722
No,Yes,1093.2586234058986,20803.322020706204
Yes,No,1961.3943231380272,21459.104841585242
No,No,381.7739193698074,25094.7923970598
Yes,No,1960.905260251871,28232.6080911809
No,No,1120.9619241285009,14908.36962808848
No,Yes,523.3908364358539,31650.913073291587
No,Yes,435.6444865921889,13729.861384566104
No,No,1953.6989683839079,31775.73438162054
No,No,1328.9576839769322,26051.22756262605
No,No,621.3977128073673,44268.53198950225
No,No,479.599360480714,21176.179965173098
No,No,437.6196366666628,25679.36718760335
No,No,598.972090828245,20128.680493205175
No,Yes,770.3229389062252,6593.308528460654
No,No,775.0172814768974,38590.893310575455
No,Yes,382.07013395725306,23676.10980726279
No,No,422.6987993771826,35690.83315363225
No,No,576.5181912264472,41604.862476292714
No,No,2441.8499518289805,34581.01263125165
No,No,835.4636194534878,29059.864047431118
No,No,224.5291673097879,36096.3616531836
No,Yes,398.42186328484974,19904.582776318504
Yes,No,1938.0157897104923,44623.510774232185
No,No,1507.1095186778887,29879.22657441087
No,Yes,624.7654981029449,22615.3520783573
No,No,973.5275079193549,39865.71077670178
No,No,897.8411523328738,56861.14143850311
No,Yes,829.3020470934163,16294.718429943245
No,No,366.7347640806492,21316.428446184982
No,No,145.3053294348017,31049.96994841916
No,No,1236.474055209882,26017.70659235582
No,No,912.2389272868181,40499.63066323442
No,No,371.64365440540934,35474.419762338606
No,Yes,1756.8841923663758,15613.83446984711
No,No,1889.5815314124225,40994.60539690827
No,No,815.9122684453855,51976.69102118555
No,No,672.6716501049063,25509.70275961118
No,Yes,225.1688466197352,25726.856429233223
No,Yes,725.5490759754186,8087.29824432058
No,No,294.56280400124825,29818.923349392986
No,Yes,755.9514700496011,25617.641419759068
No,No,1361.7628408743458,32086.418228840488
No,No,1063.929846412737,34625.87259907061
No,Yes,1789.8224933908784,18003.659572239376
No,No,567.4946831656958,46100.1773942137
No,Yes,284.97549975664987,20575.40308083075
No,No,549.773686361978,21205.392152770735
No,Yes,982.0413670809119,23178.38013221605
Yes,No,1534.738144789866,42729.05209019399
No,Yes,1447.4229536777482,27331.33381871893
No,No,160.60506490008956,28322.677912111238
No,No,800.5508580555237,51231.60099587186
No,No,1353.4124495202973,32752.625341436542
No,Yes,1926.8794933336183,11463.572120463472
No,No,1423.3350461605146,39443.82370773892
No,No,405.43811118645436,32126.723728516306
No,Yes,506.55631882882324,22931.666280698955
Yes,No,2083.816954799594,42388.15815677613
No,No,493.59103524872756,30889.75786266557
Yes,Yes,2246.1664403883174,21418.77122421465
No,No,334.93339429967233,20964.754512299776
No,Yes,755.3286778639459,19743.902894190327
No,No,100.99635004651013,35949.76901645034
No,No,597.1859920955284,27621.1401657309
No,No,360.6277447383581,16806.25057745665
No,Yes,1282.861657531012,28010.43804524693
No,Yes,1275.729025491306,28297.35464605251
No,No,935.4238967168634,40500.06309872019
No,No,375.3051743295957,24244.57651616763
No,No,1495.9549848516324,33293.587866037895
No,Yes,854.9341856642383,25127.519024227615
No,No,1128.6603199293004,39445.9284161809
No,No,1428.5188387655564,39669.275106868256
No,Yes,925.4379803381687,13560.328740404684
No,Yes,260.2489085252132,35505.002580993336
No,No,835.5418140465057,21415.255047483784
No,Yes,723.2756145579056,12031.852076447964
No,Yes,414.833815142232,2913.858549178353
No,Yes,2087.25377836319,28339.717847542735
No,No,554.1612486394669,47988.45031181159
No,No,1020.5833932912049,27175.385925745406
No,Yes,1427.0335233989329,11074.094936801544
No,No,835.787976509163,42245.38009433505
No,No,508.6134805522672,20521.22013278531
No,No,195.75812441856485,39689.90329253825
No,No,928.1856600616073,24255.156846920014
No,No,557.8305258132862,29109.22938470303
Yes,Yes,2458.4748787387753,25684.715791087638
No,No,413.36575820043777,36766.450993865605
No,No,104.14005426797002,34567.539657161025
No,No,269.7098108155967,48201.76722984515
No,No,1421.6803028013467,50643.26834677093
No,No,1214.2960815202084,51423.22251601484
No,Yes,2076.0854269268634,22217.525317347732
No,No,609.9166415011757,34560.80496156278
No,No,1112.720257981803,47282.808137465814
No,Yes,969.582862922521,18888.006389750313
No,No,438.1689173528151,29202.445875475467
No,Yes,850.7083736123164,23595.94720176673
No,No,528.71558010055,33307.094424213436
No,Yes,1999.5361859640495,21445.172172548526
No,No,435.7344999185647,24150.20049976321
No,Yes,2191.4554597426286,29429.827938165316
No,No,414.06360377121655,29626.131252502455
No,No,529.0128996999081,35063.555233169165
No,No,733.5372962502877,33429.74580437214
No,No,399.34981513338704,40254.027719082354
No,Yes,874.7415321006416,26643.721105624936
No,No,800.6715738889978,30947.140603426353
Yes,No,1609.2581994830891,29350.37409767096
No,No,102.32071328053014,32392.55541585415
No,Yes,500.4856771901867,15681.404117001406
Yes,No,1980.034475391455,25457.27683272127
No,No,520.4665638067149,38805.02437774453
No,No,520.368639062489,36493.68961030179
No,Yes,475.20384353054874,16687.755247954316
No,No,1096.3893047488816,32301.681968165343
No,No,182.11979957480716,17868.937765015115
No,No,897.2877031154541,34852.51450382868
Yes,No,2170.4822911954575,30138.556385839027
No,No,141.27787919694444,54450.50607066306
No,No,1104.9366362358403,39371.53766832767
No,Yes,307.87738674662995,16777.91625843272
No,Yes,1122.225329551024,16681.582752703645
No,Yes,1057.1423115912223,27914.12711464364
No,No,1157.0880211390395,42293.25383020052
No,Yes,564.3852615411384,36459.866881377355
No,No,489.4860090379056,45063.59120559627
No,No,1178.3607844986268,38271.44338391369
No,No,467.01758976541174,47731.67530177915
Yes,No,1272.160674292596,34245.76152036127
No,No,73.44958913598012,33800.66387645192
No,No,843.2206594794384,21373.397519444166
No,No,1218.2686442362606,48583.69699909448
No,No,610.7208359880362,34823.909782814975
No,No,1653.0545619677303,32513.830691701514
No,Yes,579.7635920939913,17891.96741720921
No,Yes,984.5609549028518,32027.634272727544
No,Yes,1630.4856554545943,30355.688089433876
No,Yes,338.4992204938896,17134.348431530005
No,Yes,1724.579259263344,27023.37931879382
No,Yes,1067.7920057942843,29021.889809604065
No,Yes,459.0554970328984,14726.065017145791
No,No,686.0051008880272,39912.38977684045
No,Yes,427.68217559881555,26536.94881696708
No,No,1046.9007778501823,39731.784864309535
No,No,574.408581972034,53367.10415502642
No,Yes,626.662846641368,44181.61964015377
No,No,1069.2143037444655,45862.300256134025
No,No,600.5939439862074,36104.932168576575
No,No,711.4217768253587,39882.41599367085
No,Yes,810.3979137497977,26488.19245681424
No,Yes,117.90564606768561,39912.249789019275
No,No,214.04668854351715,34874.03829309199
No,No,421.50783391255953,29357.38145289626
No,Yes,534.8140057194585,27291.15082044605
No,Yes,105.58777816990239,38064.04337174106
No,No,710.6115304299516,23813.551136278555
No,Yes,762.8603682458486,18746.726283309472
No,No,769.8505485637044,26227.494442676983
No,No,548.2933129505863,21529.2231676121
No,Yes,2145.949107631434,16791.80773008821
No,Yes,1180.8973562222297,30032.62448517541
No,No,1938.1435570491724,35698.12758044565
No,No,280.9054626747195,20561.43837933395
No,No,536.6027654823843,40356.782771224694
No,Yes,542.4080614176779,25868.181578312917
No,Yes,205.07520970908683,30111.480436272304
No,No,612.0700251111994,27459.970228670318
No,No,81.5894388263322,21229.09246125466
No,No,1039.1688795471816,40298.81123087759
No,Yes,1821.6699333550232,29225.684783568533
No,No,585.7937210405404,22455.5739788117
No,No,764.5203067124279,35880.99926402469
No,Yes,1833.1637719232135,19136.1602901805
No,No,328.45271391682627,43211.54379851911
No,No,169.03196787379915,40121.74442972561
No,No,78.9919606879313,45687.41229007503
No,No,358.91040320670686,25087.709608385005
No,Yes,492.32887582321666,18621.908615216835
No,No,1092.7386249244323,29794.086860655665
No,No,223.99156375934862,28199.49305557062
No,No,162.17206621012076,37184.51999965512
No,No,1224.5473836380952,22729.198031500073
No,No,432.6472562293707,48712.03616651506
No,No,768.7881153245036,50938.278442077244
No,Yes,1365.949640588336,31216.09910236834
Yes,Yes,3712.8041518938717,26950.585960110322
No,Yes,1083.6419990976458,22587.859354707587
No,Yes,475.7290230504373,24772.35999220303
No,Yes,1450.3421529720129,18155.959960111646
No,Yes,374.13528805522134,24552.01940230578
No,No,1515.4550960010163,36853.458572567775
No,No,374.8386955715382,25246.518939281632
No,No,264.2368195971724,49714.083503306145
No,No,702.802981681911,32657.73570374188
No,Yes,1060.9303869210275,16248.930381285189
No,No,274.7786562220235,31446.910603095483
No,No,423.138428723726,27474.833968882038
No,No,955.0890375646222,25097.106379323468
No,No,784.3509488410684,49213.243804533806
No,Yes,1101.4929604387414,23519.680443302368
Yes,No,1534.761923829007,43797.834219780845
No,Yes,1015.0034770339263,26330.1697764071
No,No,1818.8816561645212,38266.267037434474
No,Yes,1507.9727886190663,23354.139410649706
No,No,431.2447534801632,29180.041702796545
No,Yes,1898.669825270739,32549.76631482837
No,No,821.0051459340873,40042.46525373825
No,No,1421.8323925352058,31691.40651214932
No,No,930.3410204539707,43443.86901279508
Yes,No,2120.0157905711885,48601.293258793914
No,No,264.7862779893963,37160.4771985666
No,No,578.0937385048635,49014.11769920597
No,No,1052.9139392495474,28728.181223201078
No,No,758.1054079366257,24503.68642891303
No,No,314.32089408496415,30070.2743445384
Yes,No,1981.4646514207452,33912.45685592709
No,Yes,772.324958832483,34337.62561102232
No,No,1329.9833772761242,29690.69366958552
No,No,995.7960710836763,37342.37214475642
No,No,1177.8135691623274,44509.690624829316
No,No,248.82255386433084,38174.44429957512
No,No,663.9177573677134,28564.351955587153
No,No,1198.2432592289742,20713.87675290413
No,Yes,1588.565238234884,31982.058154096587
No,Yes,1494.2520702075155,16082.5656531999
No,No,377.30595930551874,29713.374587506652
No,No,145.785988929313,33839.42182665916
No,No,220.46997712652973,46134.33634219652
No,No,689.4590667488789,43477.075699515364
No,No,741.5103115330681,34983.4306055629
No,Yes,824.7038391878754,31939.45524143181
No,No,255.58849073979593,47826.955336220526
No,No,443.24982288309604,28733.263200487978
No,No,1969.167141388148,29568.00755019088
No,Yes,1069.0112397946664,28694.36066065586
No,No,654.2623347539707,50469.97465294707
Yes,Yes,2327.9033179997987,18586.145086469478
Yes,No,2236.495472556198,15078.781845242727
No,No,481.11020986918265,39995.97249499201
No,No,895.5651111884372,47143.35187744172
No,No,177.46804422391827,34794.80778910344
No,No,132.68657149801012,59840.25233221694
No,Yes,690.3346044216939,17589.93217712337
No,No,241.32515948342208,26078.102189760353
No,No,443.79756297451183,25942.317975131667
No,No,833.6083655017549,34370.989462117155
Yes,No,1684.5616014794487,34600.11266089891
No,Yes,1095.8054164231987,18061.55027504609
No,No,485.23212018862154,44733.337861108164
Yes,No,2320.033722711859,36178.06261473849
No,No,727.8471956193822,23151.818434076587
No,Yes,1602.0593336335335,27746.122928829936
No,No,1414.0154321159234,29296.40374537258
No,No,650.2685442802308,34515.76967741789
No,No,47.0778922544877,42373.15709963142
No,No,400.48473207940594,43491.08745371015
No,Yes,500.0138107383823,29865.956559421396
No,No,667.7612130462338,33996.97593002677
No,No,561.8311497961325,23752.005506066038
No,No,586.0073666128826,30313.868288611906
No,No,699.8297576585975,33731.941152268104
No,No,799.5565404781178,48961.82362620166
No,Yes,169.4954627316769,19767.49128689773
No,No,789.6309330157828,35517.56269260492
No,No,1110.3746345250606,21170.371013786083
Yes,No,2341.3990758646746,36905.32480211972
No,Yes,922.7027298248322,23132.018596494185
No,No,1278.6512096503752,32207.741702901443
No,No,1041.514984701951,41966.28428196809
No,Yes,433.55412927649496,18649.79148396275
No,No,805.5853545596369,47508.79257249608
No,No,1829.0546193468597,25903.878939523842
No,No,1766.272828282682,47160.535989380754
No,No,1764.653295477189,17538.373789532365
Yes,No,3550.6729534853853,36558.43701279425
No,Yes,1320.1795163351242,27722.07744836453
No,No,494.1747424417135,29902.50830731559
No,No,1118.2368971118049,36277.82526504387
No,No,317.6230342106662,29864.05665073621
No,No,988.7627687122514,37977.5924567729
No,Yes,361.9908865241543,25202.532378358657
No,No,397.13864334080574,55669.31356590302
No,Yes,150.67480979920515,13799.929147807117
No,Yes,1125.1582978589422,24856.485639444647
No,Yes,2044.6100961136106,20504.35800670401
No,No,771.9050439967658,34745.62123102947
No,No,699.835056866599,32141.45102907308
No,No,423.20399735139523,30014.825340401825
No,No,1367.3748061413046,28269.4376107851
No,No,1525.3445840684828,40643.78107287086
No,No,186.86468947078077,29768.681375587526
No,Yes,988.6876736571919,23297.925027690344
No,No,1333.2962277826664,35357.51367857687
No,No,490.41482814169495,26254.78318845448
No,No,158.247601725389,39592.77855964758
No,No,287.91828190692354,23913.578268999452
Yes,No,1891.6497231876954,38433.39286310903
No,No,1488.699159853737,37518.8676644897
Yes,No,1619.5340367002145,32169.809460683846
No,No,220.71000557227381,22551.454931551998
No,No,1324.429325062266,33567.38545307093
Yes,No,1973.7842905203809,23176.492494327482
No,No,400.15419692836656,32380.08085365217
No,No,603.6259763764323,41388.97060464273
No,No,849.9873638511964,33345.52907642579
No,No,954.9994010852391,46040.35449315141
No,No,512.344245443432,36450.83512246966
No,Yes,1716.9450092496425,28863.141111869256
No,No,1069.707180335045,40667.1160153589
No,No,334.5773724140641,47571.139586739795
No,Yes,1640.1772227864892,14314.202093113827
No,No,638.1215120955102,28270.0872637803
No,No,1102.538460606072,33778.983146916216
No,Yes,432.66458962417255,29054.76948963495
No,No,378.8626288582724,35183.672664874124
No,Yes,174.22520981027648,23405.099887557273
No,No,1559.5572551967014,43803.82213811973
No,No,1276.8795544191703,30122.764019063245
No,No,853.6002581928111,29657.54724162623
No,No,212.11683901908688,38708.136122458716
No,No,1738.0267576274448,57440.198149782846
No,Yes,1305.087330254841,23312.0349812146
No,No,511.9126815122088,27038.531731138482
No,Yes,1096.6435394040461,19481.484345136236
No,No,624.9916369027076,29840.89030234007
No,Yes,1305.8189171002632,32732.32322343924
No,No,307.9362159027384,29839.492939017196
No,No,85.66593568815635,36545.81462119787
No,No,1017.6813086008428,32580.445336625082
No,No,1134.6088006241412,20368.54437631285
No,No,144.79787262134357,30222.911700868975
No,No,48.21222303143969,8755.3834166968
No,No,860.6346336399245,35251.007550317896
No,No,1043.3251064807907,38395.450621465585
No,No,605.3125731181043,25043.994730740225
No,Yes,392.42421876055323,19655.33616399168
Yes,No,2351.075516085018,20094.805146517756
No,No,977.2170506484119,11336.682613886423
No,Yes,1854.8161494940302,12906.765529331555
No,No,261.62542373770924,40020.04305968003
Yes,Yes,2045.000130387369,21250.10233148757
No,Yes,1141.2378210379925,24915.59079734553
Yes,No,2197.2472939317763,53909.470601154906
No,Yes,1323.0051611530741,30441.52630376628
No,No,762.4777495381807,38890.357454589976
No,Yes,799.3364263790904,20056.873352649167
No,No,412.0387275019942,49093.91807088449
No,No,671.4755538950099,45852.53737794908
No,Yes,1339.4205823760333,29701.9039889487
No,Yes,1505.7297914830933,23415.55765504735
No,No,359.2041922839695,24254.65169604766
No,No,188.23968415582567,48673.16132400224
No,No,894.18318026658,42205.15159306968
No,Yes,162.95665892730526,22025.008744074108
No,No,682.4198184467374,30732.275658219398
No,Yes,258.96493523973203,14898.972430686063
No,No,1219.4638152007701,41103.58553258574
No,No,509.86003568857603,35204.83169196242
No,No,562.9654280645194,37477.573929764396
No,Yes,211.3746978876812,29962.088485533714
No,Yes,1733.419564185615,28503.620435045148
No,No,825.1035087939348,24750.189446515884
No,Yes,1016.6001797087233,23606.64693845022
No,Yes,270.7955780770719,26339.59914246306
No,Yes,146.05895099821055,26867.737259637517
No,Yes,428.3797341291892,12318.08675724494
No,No,499.66889659763325,23439.67836966638
No,No,347.8395978701115,40073.43865293935
Yes,No,2203.972267521079,39920.91361989841
No,Yes,1764.8085704451798,34717.813036790234
No,Yes,834.7154338923243,12599.633299087945
No,No,381.2974835022893,42476.155168636215
No,Yes,320.62403180073727,26084.33297520317
No,Yes,806.6447153052922,16093.63888262103
No,No,866.9394640297197,15825.082647173913
No,No,478.3283669006625,42909.10883879347
No,Yes,1151.09759270791,16565.285096349857
No,No,448.4609189325272,20358.424491579124
No,No,264.22869643555805,38035.31033272542
No,No,960.9518505688625,33403.36922405248
No,Yes,139.95908892857918,27472.425997605744
No,No,187.29147848774863,37805.81831491425
No,Yes,370.26531857534536,46868.32284118621
No,No,419.5780034052885,40735.02169043767
No,No,1118.6949310158298,40095.74900335781
No,No,176.86417237697546,24677.394008960604
No,Yes,677.9540944698956,34386.51183858051
No,No,874.739389775498,28446.77217581482
No,No,821.8515795865791,24396.07287088508
No,No,1119.040058124914,31385.084212452006
No,Yes,693.9404380797488,26530.74858782772
No,No,408.09296068686854,28881.734270902773
No,No,1624.0272823637213,24735.685152195925
No,No,394.821435186321,24522.27545443391
No,No,349.5142843914796,35557.1465163569
No,No,327.8243716428898,39103.25803596556
No,No,317.2852401022664,39923.63181371173
No,No,1882.3939409714637,17943.671461696787
Yes,No,2091.804040267093,25194.20931851882
No,No,1215.6506996097023,42812.116687382724
No,No,988.2111896654831,29257.87040464478
No,Yes,420.128075440345,24868.517219688132
No,No,472.34103322892025,59763.10235781116
No,No,152.7976723721421,10953.961835827868
No,Yes,682.279379726717,22545.283493318126
No,No,207.42579452343654,40579.24350156649
No,No,779.2707584648459,23682.579667332
No,No,373.76500500873453,32151.29792509566
No,No,828.2615312995663,21497.506688299036
No,No,322.01314274980734,39277.93251028751
No,Yes,151.20074654853,18752.389611178634
No,No,277.2470770879034,29192.99426693689
No,No,881.2986466911661,42467.30562675871
No,Yes,1107.6341763671874,27342.736317430797
No,No,857.2477014083366,43233.74449386584
No,No,771.7535009893833,51075.04881771776
No,No,695.8668054710206,34236.798092649435
No,Yes,1286.6895430569064,38266.750418917036
No,No,50.03310101295124,35436.70571880911
Yes,No,1824.418892341265,46676.37276628187
No,No,556.2901499290297,33211.99180300118
No,No,1077.8154953932838,41903.49948351823
No,No,652.2485366321638,29230.913128829543
No,No,367.5117755154815,46894.341665909495
No,No,523.0704745509768,45010.22378201074
No,Yes,315.819327225488,21954.51827221634
No,Yes,365.7902944564503,24543.595298663164
No,Yes,1144.9260699714857,16840.693198793222
No,No,783.4026634179385,42800.48575295144
No,No,111.09263465209816,41906.01358016867
No,No,315.6605897418045,21173.72302898173
No,No,554.1804704700751,55214.90046264928
No,No,655.0244783838882,37475.61303371785
Yes,No,2300.8707556570093,31177.148282315437
No,No,767.4951599398414,45487.06423785448
No,No,92.79128337836184,28279.593516131874
No,No,681.4762931499332,46569.64213632141
No,No,212.69120135332105,21737.43252054554
No,Yes,690.2959362518139,21896.523948609287
Yes,No,2440.6649034432908,32625.77686130105
No,Yes,538.5161936605836,19641.688922824764
No,Yes,1504.75852496711,18292.87678929476
No,Yes,810.8398091102616,20042.044514194065
No,Yes,2121.3423070994704,19723.68448623588
No,No,1000.8360429079737,28809.226647124568
No,No,1367.251860266895,47842.02923752995
No,Yes,1048.2870432471361,26483.524836366498
No,No,443.73953803345955,32619.352121588185
No,No,1631.734730355277,41149.97193927918
No,No,804.1243022091304,32546.599577733654
No,No,467.97151557055724,25558.980145496076
No,Yes,441.1383739863124,12210.101536707705
No,No,824.8402730543089,43388.24771722487
Yes,No,1446.4748325426917,11243.015261300301
No,Yes,1113.793642012953,12889.572657386927
No,No,497.51818777905265,38546.08292923043
No,Yes,1083.515845934059,23329.13277597746
No,Yes,1402.7151286140593,33664.23443373258
No,Yes,175.07159893402286,18940.895972453698
No,No,214.84166597255157,41194.25639166344
No,Yes,1312.814669764142,22214.894577930867
No,No,206.37997969562733,38992.16430349966
No,No,574.4625954477668,35199.41874917593
No,No,728.173145373137,38540.272471616074
No,No,281.9402072839215,35649.72742667983
No,Yes,711.4294242183208,25504.497485018346
No,No,736.1602589447242,22614.508450286005
No,No,1490.421714261311,34256.633565123375
No,No,1386.6451028596732,39526.50759235254
No,Yes,986.7656755550156,23088.433210430772
No,Yes,490.41316213041193,22737.97804715237
No,No,1406.6962657530148,14670.54145305962
No,No,1439.4579622844751,48840.91621933968
No,No,361.00103499316157,19823.616757101503
No,No,770.4487270790706,27318.477317181703
No,No,468.48875561051085,25616.558737596788
No,Yes,1011.7749888637595,25527.26261191353
No,No,338.4621241110719,36919.615133919026
No,No,1159.944129711541,40093.409649577894
No,Yes,1016.4654786488594,28376.635849546492
No,No,339.10372311297226,50734.63882110773
No,No,1091.2034686355858,30445.791470164506
No,Yes,487.0971501090706,17631.219044144367
No,No,114.35628513447294,31151.797055424166
No,Yes,332.5847004001384,15713.360623432762
No,Yes,1498.424948933646,21033.26213435084
No,No,1905.9533551609843,17989.359599816475
Yes,No,1937.0923518569632,25142.78843970512
No,No,426.8955341192544,16625.309387869613
No,No,573.9925987565595,45585.15527247336
No,No,476.03778358813827,34610.9319306171
No,No,659.0799403800401,52303.17106844174
No,Yes,238.535355599465,31223.935927318867
No,Yes,524.059919447476,31914.41783653467
No,No,772.3905797234333,32103.19722771457
No,No,1253.0117962952436,38400.315763292434
No,No,822.1362592353144,24535.899279267433
No,Yes,664.7415728279218,19723.421506413666
No,No,283.64893110329314,33640.10207969882
No,No,1304.3782140351868,16108.398053889363
No,No,172.77682409427192,28435.045175453397
No,No,211.41393950622586,41429.50703846344
No,Yes,1215.3492236157185,20018.69600105738
No,No,1112.3197442019004,26137.512841937605
No,No,45.94522219706862,29655.482422037836
No,No,557.7063350602521,40980.40805269873
No,Yes,111.95417719201588,25976.816746587196
No,No,584.5843804946651,31247.12925668067
No,No,492.9543720980365,33676.29681739137
No,Yes,1973.0415704093782,29449.2011577346
No,No,910.8129431014236,46573.88820504227
No,No,932.0358149982908,28752.242921525343
No,No,1467.5154036835502,32675.532947329542
No,Yes,1805.2292137298953,32163.863545192697
No,No,739.3042066370098,38728.74019854698
No,No,396.1651459372185,19470.844775050355
No,No,1206.4702148784772,24568.25399116485
No,No,1165.7104360977569,24878.968161495388
No,No,1005.799218506623,29343.156697128885
No,Yes,884.3007011328706,26038.84108915592
No,No,580.1401555552068,52352.239267981684
No,Yes,1808.8067340728642,22869.1896604387
No,No,491.7013620124605,40095.16928043798
No,Yes,457.04897099644023,31386.69373067956
No,Yes,662.4020431681708,33857.72224079145
No,No,331.72760133963783,44848.23905993749
No,Yes,1403.2554055066455,18221.379113517283
No,No,737.4613723239303,18993.094468981497
No,No,100.63613395855333,27213.771834370447
No,No,913.4728527972641,35184.84571665258
No,No,566.6305385512999,26069.693739882383
No,Yes,808.4902595415643,12074.228161160905
No,No,805.2470087200899,21346.352219684784
No,No,445.5483553723342,63565.80180746723
No,No,377.47195711985336,31307.036734795558
No,No,1008.3118012604564,51501.33040402787
No,Yes,283.86045362652385,21806.87283793882
No,Yes,359.48057251236,28998.360253096183
No,No,357.87254972164834,32068.124399739452
No,No,1291.1575111625325,33573.12779142365
Yes,No,1547.7249435184797,41283.99871180435
No,No,355.1093728158626,29475.591671565697
No,No,304.60757044405574,21558.491916937994
No,No,731.1418660419058,25447.97899170755
No,Yes,679.2092337491689,17775.803013358294
No,No,1184.187507983803,34337.72998933395
No,No,952.5668824139653,14539.94111225447
Yes,Yes,2412.6573432004207,25586.482621555642
No,No,317.07898947638927,46162.98263673455
No,No,1171.8423165497916,28419.54746187628
No,No,492.7681913056178,26953.67953891751
No,No,288.5083407875068,53173.25121648983
No,Yes,583.3231384241446,33753.85299833513
No,No,527.6755190369079,37775.759469203
No,Yes,1745.3064348106984,18217.341083980384
No,Yes,193.4023241153992,27537.03920428135
No,No,364.0994993858086,23414.86248695753
No,No,705.9805255929591,20270.45057719523
No,No,271.8035965126779,38021.78631620313
No,No,1881.649843530668,28717.26691101326
Yes,No,2077.3410671314223,13267.343570114932
No,No,664.4733031902667,39367.63382096981
No,No,1010.6729405995203,48101.73469965486
No,Yes,2018.8239062765574,28067.407111196368
No,No,596.4059332301634,28511.945442028726
No,No,968.9675193790123,12096.351696769507
No,Yes,290.67949157043194,24474.46572696703
No,No,105.08004093421346,26931.041035030332
No,No,1268.1380733035555,24487.47299831281
No,Yes,750.3067783835986,9822.68115178096
Yes,No,2036.9227086353994,52270.02243395442
No,No,413.8673747197087,22528.049683619698
No,No,223.8187896645777,15284.07387643131
No,No,1183.5360832493363,50446.41760232011
No,No,1929.3721289801515,33810.623417660965
No,No,244.66287670159707,32259.574744926238
No,No,313.6482607375463,36593.97998149358
No,No,1638.9955555873523,37856.88465529501
Yes,Yes,2951.6015873673,24942.596161031386
No,No,974.6997012105089,18432.437010393678
No,No,384.0205005825466,17657.333141934607
No,Yes,1851.2984222820726,18347.183274988496
No,No,535.840087291898,28398.96780152832
No,No,394.2667043971196,29899.69983713177
No,No,443.8127652109224,35785.63416114042
No,Yes,1294.9944055220226,21493.02624431008
No,Yes,830.5491083209217,18685.12764576733
No,Yes,1122.9340114109382,26212.983830627763
No,No,1206.768451984982,40638.27126329902
No,No,558.2911513353296,25412.129350840554
No,No,1314.1692612010354,19820.58886794911
No,Yes,807.7024378317003,24711.338597595313
No,No,449.27540669378277,29293.47432785479
