edad,ingreso,gasto,ahorros,compra
44,875.0,875.0,0.0,383.3
50,2689.97,1871.29,818.68,985.94
18,281.71,200.0,81.71,107.65
18,617.3,200.0,417.3,83.08
45,1523.68,846.45,677.23,276.94
21,735.92,735.92,0.0,451.55
46,1951.41,1575.45,375.96,539.43
34,934.33,871.17,63.16,259.92
26,2284.69,2038.26,246.43,666.3
28,1287.31,1287.31,0.0,332.93
25,955.71,247.45,708.26,40.37
40,1632.9,1480.98,151.92,752.13
53,7855.49,6262.26,1593.23,2092.68
48,6331.69,5016.12,1315.57,2824.48
18,516.39,516.39,0.0,178.5
44,2299.38,1530.0,769.38,297.51
30,4891.98,3925.78,966.2,1319.56
18,1954.65,1936.37,18.28,697.89
44,1724.63,1248.12,476.51,608.68
26,3941.74,3719.55,222.19,2154.53
36,1036.31,970.19,66.12,593.16
41,2197.49,850.96,1346.53,177.07
22,1297.6,1080.97,216.63,544.06
18,616.82,616.82,0.0,89.66
38,1166.07,807.83,358.24,366.36
23,10150.7,7456.23,2694.47,4054.67
22,798.77,798.77,0.0,282.26
55,1068.33,1000.14,68.19,642.31
18,2576.68,1414.72,1161.96,258.84
42,1420.27,992.74,427.53,609.86
43,3970.06,3441.83,528.23,1791.99
47,1770.14,1379.89,390.25,533.64
66,1034.58,607.85,426.73,437.43
40,2493.42,2387.71,105.71,697.92
18,2734.16,2001.22,732.94,574.69
29,3216.24,2433.74,782.5,907.4
18,1016.88,660.13,356.75,340.02
29,5026.9,2846.38,2180.52,1218.69
36,1388.51,772.89,615.62,342.93
18,982.44,607.8,374.64,370.89
24,5097.81,3590.32,1507.49,1528.86
51,2203.01,1463.12,739.89,455.38
42,1216.29,985.27,231.02,389.6
53,295.3,200.0,95.3,164.88
24,3144.09,2155.88,988.21,977.5
40,1494.35,1494.35,0.0,361.4
18,1426.3,1115.69,310.61,459.2
40,787.7,427.36,360.34,143.77
27,1299.37,978.94,320.43,460.92
53,3313.54,2732.27,581.27,1084.16
34,1417.73,893.64,524.09,278.17
75,2354.68,1704.78,649.9,456.99
21,3841.69,3570.68,271.01,1678.21
45,735.79,488.6,247.19,190.58
38,4611.11,2896.85,1714.26,1126.55
43,439.26,200.0,239.26,0.0
41,2237.31,1222.82,1014.49,726.41
19,938.52,925.0,13.52,444.85
28,4300.04,3046.35,1253.69,1110.46
35,386.49,386.49,0.0,209.75
36,2418.74,1913.08,505.66,1108.97
42,1648.46,1214.1,434.36,368.49
32,1488.85,810.93,677.92,415.63
51,2551.25,1844.58,706.67,470.32
18,1868.25,1209.66,658.59,590.08
18,2834.77,2110.2,724.57,1022.3
41,463.94,372.36,91.58,228.81
36,2002.51,1460.52,541.99,686.37
39,8744.6,6481.1,2263.5,3739.26
21,1126.84,539.65,587.19,248.75
49,636.7,557.27,79.43,338.67
32,2599.53,1865.94,733.59,688.06
38,3082.58,2710.1,372.48,773.66
33,3985.27,2565.22,1420.05,1441.35
46,959.69,533.6,426.09,88.47
31,3206.65,2700.56,506.09,1392.57
50,1109.84,730.54,379.3,238.22
48,1562.46,1368.54,193.92,630.32
32,1031.55,894.6,136.95,277.34
33,329.05,200.0,129.05,97.4
18,1050.84,1050.84,0.0,448.63
37,850.45,577.99,272.46,327.99
29,900.99,582.66,318.33,297.01
28,593.26,593.26,0.0,327.44
30,867.21,657.9,209.31,126.6
28,2013.61,2013.61,0.0,572.87
56,909.18,200.0,709.18,164.79
35,779.18,593.47,185.71,259.27
42,2392.55,1411.11,981.44,427.23
27,6251.18,5498.84,752.34,2267.93
18,1170.82,718.48,452.34,306.01
26,555.99,200.0,355.99,115.12
35,2785.38,2437.72,347.66,607.55
50,9167.77,6812.12,2355.65,2808.31
21,741.75,652.28,89.47,318.52
29,1431.08,1027.92,403.16,243.12
18,3547.54,2960.79,586.75,1508.22
18,671.83,505.96,165.87,165.14
18,3268.71,2029.89,1238.82,1073.44
50,2456.96,2022.55,434.41,675.75
31,3703.69,2390.51,1313.18,948.42
28,1341.46,1293.1,48.36,605.41
44,5526.26,4439.55,1086.71,968.39
39,9476.73,6287.61,3189.12,3220.25
47,231.92,200.0,31.92,129.75
23,4601.82,3072.54,1529.28,1392.33
30,845.66,200.0,645.66,51.49
48,3345.36,3345.36,0.0,808.96
45,946.37,633.75,312.62,111.95
34,1098.6,1098.6,0.0,636.89
33,6228.96,4849.05,1379.91,2302.16
26,852.61,629.72,222.89,332.16
50,1789.63,1516.08,273.55,550.54
18,433.98,200.0,233.98,97.32
26,2441.63,1808.37,633.26,884.11
75,781.95,221.38,560.57,83.65
45,2375.77,2022.66,353.11,903.79
38,1701.75,1624.6,77.15,641.48
60,5856.95,4626.89,1230.06,1655.32
25,1311.51,890.95,420.56,510.14
24,528.38,200.0,328.38,17.75
23,2556.0,1882.44,673.56,887.03
29,2078.84,1526.55,552.29,547.6
18,4152.25,2943.64,1208.61,896.0
32,406.93,377.8,29.13,142.13
22,1314.48,1201.24,113.24,274.92
24,1228.3,1228.3,0.0,556.81
18,2157.54,1989.09,168.45,525.25
18,834.67,834.67,0.0,200.06
42,1788.75,1788.75,0.0,798.47
39,12173.29,9415.47,2757.82,4322.92
25,5397.03,4207.75,1189.28,2331.57
44,718.81,459.09,259.72,268.15
18,1979.5,1551.57,427.93,257.03
48,492.92,245.01,247.91,140.92
21,394.37,200.0,194.37,107.19
37,1188.6,743.34,445.26,221.34
65,1969.84,1591.78,378.06,729.71
33,279.84,279.84,0.0,160.61
27,348.93,348.93,0.0,155.11
31,1942.83,1813.48,129.35,401.9
18,5849.67,4323.97,1525.7,1187.2
54,1419.32,1165.47,253.85,503.31
32,767.01,200.0,567.01,161.78
32,356.7,200.0,156.7,133.9
19,1645.61,1366.36,279.25,451.48
21,1284.25,1284.25,0.0,400.86
29,1847.44,1160.12,687.32,326.37
69,1853.58,1775.02,78.56,984.36
55,1090.92,818.8,272.12,366.29
19,1010.73,923.34,87.39,499.2
18,2227.98,1913.25,314.73,1131.79
37,856.84,630.39,226.45,330.6
35,996.69,644.54,352.15,337.86
18,687.66,687.66,0.0,292.51
43,11611.93,9951.11,1660.82,2949.78
29,3300.07,2452.04,848.03,1436.68
47,1008.45,1008.45,0.0,214.16
43,3636.44,3031.58,604.86,1597.74
35,843.37,843.37,0.0,267.93
37,2351.65,1883.95,467.7,485.32
32,943.32,310.04,633.28,114.91
47,1300.02,1103.49,196.53,456.42
44,2693.19,1602.99,1090.2,674.98
59,2502.5,1764.63,737.87,1012.2
40,476.97,237.11,239.86,107.7
43,5073.13,3677.53,1395.6,752.27
18,531.75,200.0,331.75,62.41
34,636.92,468.84,168.08,106.33
42,5133.81,4266.79,867.02,1926.64
22,1449.44,1049.9,399.54,524.11
35,994.09,699.13,294.96,312.68
36,410.93,250.04,160.89,140.82
33,1802.65,1172.91,629.74,305.7
58,1731.53,1731.53,0.0,468.65
18,1216.82,790.75,426.07,209.74
40,1196.34,597.68,598.66,267.07
36,3783.77,2772.48,1011.29,1217.59
26,962.12,962.12,0.0,538.07
47,2749.87,2565.58,184.29,657.36
52,872.16,462.17,409.99,127.33
18,1085.34,686.37,398.97,362.96
45,353.09,253.36,99.73,120.09
34,2532.77,2019.17,513.6,744.38
44,3615.13,3010.3,604.83,1418.77
35,3712.89,2803.15,909.74,1218.14
24,3256.02,2175.83,1080.19,963.99
46,2849.59,2378.35,471.24,535.74
18,5578.17,4555.7,1022.47,2032.61
35,688.99,364.94,324.05,144.51
18,549.53,549.53,0.0,200.91
19,908.68,908.68,0.0,177.57
75,1624.35,1100.73,523.62,323.61
28,3019.05,2030.94,988.11,655.29
56,1085.94,387.04,698.9,73.69
32,5113.59,3607.74,1505.85,1111.45
28,499.01,200.0,299.01,119.02
37,1232.09,775.39,456.7,349.87
26,4055.86,2733.11,1322.75,1442.72
18,1408.33,1165.94,242.39,617.9
25,2504.52,1695.78,808.74,1032.42
18,2600.39,1725.85,874.54,468.44
45,9913.08,7232.98,2680.1,3153.84
46,2746.53,1931.17,815.36,617.27
33,1804.55,1194.87,609.68,461.26
18,1533.55,517.93,1015.62,123.02
32,751.72,691.3,60.42,221.28
42,2347.89,1808.22,539.67,989.28
40,1450.85,1450.85,0.0,739.17
59,2897.0,2519.92,377.08,658.01
33,4745.42,4745.42,0.0,1358.4
61,1389.84,1173.87,215.97,366.16
18,8398.68,6887.26,1511.42,1537.69
18,2877.25,2171.36,705.89,569.06
28,1611.41,935.84,675.57,360.83
24,2156.93,1562.55,594.38,670.46
31,1067.34,973.51,93.83,398.79
18,3346.05,2158.85,1187.2,762.31
18,776.31,776.31,0.0,312.97
18,1036.02,1036.02,0.0,308.74
32,5525.83,3513.32,2012.51,2007.26
44,825.44,755.38,70.06,214.17
30,400.58,200.0,200.58,4.83
52,1329.55,1238.1,91.45,712.6
26,1757.68,1020.49,737.19,388.2
28,3028.96,1993.46,1035.5,728.57
28,702.54,229.84,472.7,56.38
46,1483.79,1205.65,278.14,513.17
23,944.25,490.87,453.38,203.85
27,846.58,846.58,0.0,406.0
45,3976.42,2801.55,1174.87,861.82
29,1991.5,1113.2,878.3,601.2
23,1749.5,1457.09,292.41,325.97
47,4038.88,2859.79,1179.09,1536.23
50,630.9,298.3,332.6,164.04
41,404.72,258.09,146.63,0.0
25,757.89,745.72,12.17,415.7
40,2801.01,2215.94,585.07,1026.11
40,7599.08,6202.07,1397.01,1847.89
18,2238.52,1257.62,980.9,621.71
34,1725.58,1560.43,165.15,921.4
20,4266.7,3699.24,567.46,1237.28
18,1238.32,556.83,681.49,78.38
18,1809.78,1574.26,235.52,616.69
30,6111.09,5125.9,985.19,1005.45
18,1319.42,510.38,809.04,300.02
37,629.71,336.66,293.05,187.61
28,473.34,294.59,178.75,56.07
29,1038.06,747.71,290.35,314.05
58,1156.42,938.75,217.67,395.21
52,7231.7,4694.71,2536.99,1970.95
23,7009.45,5545.69,1463.76,1493.63
48,761.23,761.23,0.0,290.13
48,2760.24,2198.35,561.89,550.9
46,1189.92,492.55,697.37,66.16
39,1767.56,1117.82,649.74,426.65
18,2865.56,1871.01,994.55,1097.93
43,700.4,575.73,124.67,140.02
22,3733.25,2209.02,1524.23,1047.19
32,1240.36,1112.79,127.57,323.18
18,1169.56,788.85,380.71,242.53
43,1062.93,964.69,98.24,529.58
41,820.98,335.0,485.98,85.26
25,2899.02,2141.31,757.71,1135.13
30,1433.08,821.23,611.85,515.77
19,3397.43,2341.74,1055.69,930.71
58,609.62,200.0,409.62,76.78
46,2924.12,2465.7,458.42,1452.06
30,1515.54,795.47,720.07,396.75
46,784.4,200.0,584.4,75.27
59,83.1,83.1,0.0,9.77
59,1260.52,1212.71,47.81,384.62
50,772.15,604.64,167.51,374.64
29,3582.39,2474.03,1108.36,811.9
18,384.75,200.0,184.75,73.96
58,2212.06,1451.16,760.9,397.31
35,2790.59,2375.09,415.5,601.25
39,1457.72,633.26,824.46,191.71
42,473.64,335.57,138.07,111.38
19,708.88,200.0,508.88,40.29
27,1946.32,1667.54,278.78,839.35
35,1304.27,1096.0,208.27,492.59
41,419.48,355.98,63.5,173.07
50,708.48,303.95,404.53,154.39
18,1452.5,687.12,765.38,287.91
43,4124.7,2922.75,1201.95,984.79
41,946.94,575.98,370.96,245.38
36,1133.62,742.68,390.94,358.53
20,2522.2,2236.85,285.35,645.23
31,656.6,656.6,0.0,228.13
24,2283.49,1087.29,1196.2,441.73
36,2036.29,1258.89,777.4,534.84
18,1579.05,1275.2,303.85,453.01
39,1557.1,1557.1,0.0,888.53
59,529.65,529.65,0.0,263.04
47,832.94,200.0,632.94,69.88
18,1254.55,1088.41,166.14,451.81
40,2196.73,1425.99,770.74,769.29
32,874.94,259.12,615.82,37.38
52,351.38,200.0,151.38,70.9
35,1607.25,1607.25,0.0,674.1
45,1312.64,1312.64,0.0,288.92
23,1205.31,682.44,522.87,414.87
46,1565.5,1133.17,432.33,617.2
54,16439.34,10750.35,5688.99,2715.23
18,3067.07,2512.33,554.74,896.43
32,547.74,200.0,347.74,70.71
33,929.81,874.43,55.38,259.37
18,1054.35,1054.35,0.0,194.52
37,1295.19,761.86,533.33,284.4
20,1386.21,1118.96,267.25,260.96
28,356.94,227.88,129.06,103.51
18,3140.22,2213.49,926.73,756.0
30,1119.17,490.28,628.89,187.67
39,1950.79,1331.62,619.17,755.37
30,1253.86,620.37,633.49,314.58
50,1831.39,1831.39,0.0,877.91
18,327.8,200.0,127.8,31.05
39,3129.09,1708.04,1421.05,615.3
35,987.11,987.11,0.0,557.79
33,10131.87,7164.38,2967.49,2933.6
59,4633.66,4032.73,600.93,1806.17
34,6524.7,5559.49,965.21,2371.78
35,1797.3,1443.42,353.88,649.04
22,1444.1,1444.1,0.0,608.68
20,1218.89,1204.02,14.87,357.2
44,1659.91,1659.91,0.0,747.34
52,1624.89,1187.1,437.79,475.07
61,1368.36,1368.36,0.0,811.04
38,943.58,462.87,480.71,193.73
44,2560.91,2410.23,150.68,1224.41
32,528.03,528.03,0.0,305.71
35,1692.59,1692.59,0.0,760.16
24,1849.28,914.27,935.01,285.73
18,1107.84,1001.64,106.2,678.49
34,1715.32,734.39,980.93,312.68
41,3962.15,2832.48,1129.67,1197.69
33,1826.21,792.35,1033.86,403.21
39,567.93,377.57,190.36,289.36
49,1776.85,1281.59,495.26,686.69
21,198.44,198.44,0.0,116.48
37,1754.17,1164.98,589.19,408.59
27,1498.81,930.07,568.74,453.03
50,723.55,355.22,368.33,142.42
18,2211.11,1639.7,571.41,684.35
41,416.85,200.0,216.85,125.23
44,515.25,264.79,250.46,104.25
18,1225.34,1225.34,0.0,315.26
40,597.65,200.0,397.65,55.71
29,1021.03,703.07,317.96,106.79
50,953.61,343.45,610.16,162.94
24,1828.13,1424.44,403.69,492.72
23,1416.72,1363.81,52.91,473.69
39,1117.25,1117.25,0.0,636.84
18,1508.34,569.41,938.93,196.77
18,1310.33,919.62,390.71,450.74
75,4411.35,4104.65,306.7,801.97
32,924.47,924.47,0.0,375.46
39,284.55,200.0,84.55,115.4
47,4599.62,3276.53,1323.09,1807.67
18,1410.46,766.78,643.68,320.19
33,2457.76,2049.76,408.0,400.95
33,559.55,208.34,351.21,34.65
43,1628.15,1433.96,194.19,320.26
49,784.36,784.36,0.0,426.37
18,1447.43,1346.65,100.78,621.09
18,1355.15,996.54,358.61,234.82
49,2354.1,1376.24,977.86,673.37
43,1426.77,1426.77,0.0,668.44
18,568.64,447.44,121.2,228.66
20,547.77,435.43,112.34,125.51
28,2560.98,1993.87,567.11,1163.4
29,3267.17,2670.15,597.02,1335.68
43,1678.91,1096.14,582.77,520.25
20,1060.28,1052.09,8.19,620.34
31,715.83,599.07,116.76,309.44
18,1734.55,1294.43,440.12,673.19
18,8877.75,6451.38,2426.37,1696.27
24,887.25,430.07,457.18,196.27
40,1511.51,1350.67,160.84,732.85
25,575.37,267.69,307.68,191.41
37,952.13,952.13,0.0,153.4
32,4876.11,3396.01,1480.1,838.04
39,10719.92,7162.17,3557.75,3515.2
56,2563.39,1311.59,1251.8,719.49
23,769.28,710.44,58.84,192.31
29,3650.06,2531.78,1118.28,1233.93
34,1332.46,882.09,450.37,247.68
32,2289.36,1778.14,511.22,898.75
29,326.01,200.0,126.01,117.73
25,2224.33,2224.33,0.0,1221.96
34,8397.53,5521.61,2875.92,1556.54
52,4115.69,2676.8,1438.89,1455.22
39,1912.86,1288.9,623.96,265.16
18,8105.71,7467.08,638.63,3135.96
18,977.04,730.82,246.22,407.68
64,2128.71,1167.1,961.61,464.55
18,1777.57,1744.17,33.4,530.98
32,2398.03,1715.53,682.5,683.52
24,6747.76,6016.2,731.56,3548.57
35,1469.28,591.14,878.14,108.6
23,4362.46,3639.16,723.3,885.36
18,1804.83,1240.53,564.3,314.14
43,1922.55,1549.58,372.97,337.33
32,575.9,575.9,0.0,297.79
24,1753.75,1192.18,561.57,586.22
18,1216.83,1205.81,11.02,334.23
45,1316.16,499.95,816.21,260.51
46,1517.97,1142.01,375.96,449.43
18,2061.84,1423.05,638.79,767.26
37,1911.25,1404.35,506.9,358.74
37,892.0,486.48,405.52,225.72
32,1773.9,1277.82,496.08,743.1
41,1269.78,543.44,726.34,178.1
31,4159.55,3019.77,1139.78,1398.66
42,1664.68,1174.73,489.95,317.47
26,1998.33,1540.5,457.83,926.72
34,1935.13,1354.35,580.78,589.53
54,2425.66,2097.24,328.42,685.31
43,962.22,962.22,0.0,315.62
31,1136.44,1096.07,40.37,628.1
21,7733.0,5194.97,2538.03,2042.61
18,569.5,200.0,369.5,94.99
38,545.44,200.0,345.44,139.82
18,3068.26,2373.71,694.55,1075.8
31,1675.12,1504.68,170.44,731.04
43,376.84,200.0,176.84,0.0
53,1274.35,1274.35,0.0,592.66
37,743.34,385.17,358.17,312.65
22,888.72,200.0,688.72,101.35
18,2579.96,1724.56,855.4,585.64
21,1237.03,1144.53,92.5,232.57
60,1292.5,1044.47,248.03,605.19
34,1416.22,763.57,652.65,310.71
40,4755.4,3479.21,1276.19,885.06
25,805.71,646.29,159.42,112.46
31,755.07,717.14,37.93,190.7
23,553.37,506.34,47.03,258.19
31,2509.63,1334.15,1175.48,349.5
27,1794.27,1461.84,332.43,580.78
29,3758.2,3115.79,642.41,1862.45
36,11360.59,9642.06,1718.53,3727.14
18,1432.39,722.99,709.4,476.87
31,1091.91,1018.6,73.31,313.63
56,2233.63,1651.15,582.48,940.22
49,2400.16,1937.33,462.83,740.72
35,1985.82,1985.82,0.0,858.31
21,998.76,445.0,553.76,143.86
24,778.67,365.05,413.62,22.92
46,1398.92,594.37,804.55,267.11
63,1704.1,807.44,896.66,186.9
52,2379.96,1302.59,1077.37,578.87
52,1481.42,975.23,506.19,283.68
74,1645.58,1645.58,0.0,811.26
18,1357.07,1357.07,0.0,521.17
40,1869.63,1474.52,395.11,646.49
34,1182.43,834.46,347.97,215.47
33,834.05,641.35,192.7,235.03
65,1593.36,999.09,594.27,265.85
25,2250.26,1559.32,690.94,718.79
40,540.74,540.74,0.0,132.23
56,424.73,200.0,224.73,115.33
55,689.88,284.17,405.71,52.89
38,510.02,510.02,0.0,199.01
37,1610.37,649.95,960.42,348.54
51,848.8,220.52,628.28,144.15
38,666.03,200.0,466.03,27.77
27,747.43,717.62,29.81,206.78
59,3578.49,2976.47,602.02,707.21
38,1705.55,1705.55,0.0,478.53
35,2005.28,1897.25,108.03,559.24
35,568.17,568.17,0.0,164.17
36,950.99,913.99,37.0,215.16
29,1909.66,1401.8,507.86,695.59
43,796.6,796.6,0.0,340.24
25,4640.64,3743.4,897.24,1021.75
64,4118.41,2679.23,1439.18,1188.33
21,2310.34,2027.86,282.48,477.38
18,913.79,590.44,323.35,213.26
37,2596.52,1683.35,913.17,937.26
24,2161.79,2078.14,83.65,1036.49
44,1847.95,1350.17,497.78,486.57
41,1324.39,836.01,488.38,465.3
18,673.84,535.65,138.19,65.81
21,3666.7,2654.0,1012.7,722.43
31,2147.64,1628.22,519.42,952.65
35,1079.2,557.98,521.22,73.51
27,494.44,494.44,0.0,203.4
39,794.31,794.31,0.0,161.64
66,1171.79,750.85,420.94,277.91
36,1596.59,1596.59,0.0,1049.58
39,2488.12,2381.92,106.2,1383.99
18,2159.43,850.32,1309.11,429.4
37,1339.18,878.95,460.23,174.26
38,1232.15,448.64,783.51,167.53
51,4828.36,4235.69,592.67,1673.09
62,11661.74,9269.39,2392.35,3728.51
47,334.9,334.9,0.0,176.82
34,548.44,322.57,225.87,180.38
19,475.28,475.28,0.0,156.22
36,1849.15,1543.56,305.59,611.0
54,3507.33,2606.18,901.15,818.69
18,778.71,752.8,25.91,287.81
35,1394.86,1309.9,84.96,468.63
29,207.26,207.26,0.0,39.65
28,1239.76,1005.55,234.21,376.58
37,3789.12,2622.21,1166.91,1005.43
48,1171.38,575.4,595.98,243.44
47,2448.18,1598.04,850.14,879.15
28,565.96,200.0,365.96,44.88
47,4549.64,3143.62,1406.02,930.43
32,2035.32,1200.13,835.19,570.59
28,2691.69,2687.31,4.38,1210.56
30,1661.07,1084.7,576.37,583.77
55,911.37,377.18,534.19,172.89
57,1624.15,1548.76,75.39,751.88
23,949.0,925.45,23.55,478.73
24,895.17,895.17,0.0,387.83
26,852.68,852.68,0.0,226.94
38,1642.97,722.09,920.88,312.22
44,957.84,461.15,496.69,133.84
45,1127.91,690.64,437.27,241.06
43,936.57,200.0,736.57,72.61
28,714.61,200.0,514.61,150.46
27,2191.75,1619.42,572.33,469.45
19,7012.01,4370.8,2641.21,1849.37
54,966.35,618.88,347.47,207.61
43,2212.4,1893.45,318.95,742.68
18,9874.96,7208.51,2666.45,3359.99
26,4203.29,3042.6,1160.69,1427.69
46,1183.27,1183.27,0.0,547.27
39,316.99,200.0,116.99,87.21
25,442.34,200.0,242.34,82.06
34,937.81,861.07,76.74,257.45
53,331.14,200.0,131.14,108.33
43,1141.79,1141.79,0.0,335.08
26,4652.68,3662.99,989.69,1113.71
18,3990.55,2787.8,1202.75,808.15
31,1842.78,1842.78,0.0,886.14
55,1621.78,919.79,701.99,383.32
42,2228.94,2050.5,178.44,494.75
58,1047.87,1047.87,0.0,522.08
60,2078.76,1921.89,156.87,1192.74
23,2602.47,1885.96,716.51,1013.85
61,3766.32,2617.02,1149.3,949.24
21,1705.96,964.85,741.11,451.93
20,2384.69,1651.59,733.1,539.92
47,584.38,200.0,384.38,62.24
41,5295.98,4649.82,646.16,2144.25
54,1153.55,418.2,735.35,159.9
37,1399.82,815.48,584.34,388.65
46,1454.94,1250.69,204.25,244.95
21,1199.98,931.63,268.35,154.19
45,592.86,200.0,392.86,88.36
44,657.87,657.87,0.0,405.46
71,1081.51,1057.32,24.19,356.92
35,1554.16,1160.0,394.16,357.72
47,449.67,263.78,185.89,154.29
42,1577.66,485.2,1092.46,256.78
29,1390.52,840.38,550.14,349.4
25,2623.25,1588.25,1035.0,397.29
33,2822.04,1717.36,1104.68,415.07
35,5558.88,3400.1,2158.78,1695.41
39,229.13,229.13,0.0,75.54
38,962.6,871.98,90.62,250.18
51,10080.81,8639.08,1441.73,3889.33
49,1847.04,1440.85,406.19,349.27
42,1031.88,690.78,341.1,268.9
75,437.81,200.0,237.81,60.45
35,527.34,527.34,0.0,118.02
54,402.55,402.55,0.0,191.7
18,3226.56,2704.26,522.3,615.9
18,667.41,667.41,0.0,342.57
33,670.79,200.0,470.79,49.38
21,1189.06,1115.6,73.46,185.45
34,1360.96,1360.96,0.0,494.54
18,870.46,542.37,328.09,314.72
18,945.48,945.48,0.0,585.2
43,483.13,200.0,283.13,91.13
18,586.18,508.17,78.01,326.21
54,2277.02,2028.48,248.54,994.07
21,2032.79,1141.31,891.48,450.49
30,549.92,200.0,349.92,162.97
28,1913.77,1083.11,830.66,754.36
38,3004.49,2207.9,796.59,1156.23
20,1998.89,1533.02,465.87,697.84
48,1762.61,1464.51,298.1,676.05
51,740.69,740.69,0.0,378.41
43,482.91,482.91,0.0,287.17
43,2101.37,1067.6,1033.77,406.49
54,1790.79,1027.21,763.58,322.8
33,2140.83,1629.46,511.37,595.05
49,1736.05,968.99,767.06,238.51
28,917.57,295.79,621.78,202.51
40,342.47,272.83,69.64,67.45
18,1198.29,886.75,311.54,444.72
25,968.43,487.37,481.06,176.94
22,10314.37,6877.17,3437.2,2045.8
37,1178.91,945.96,232.95,391.37
44,750.65,316.74,433.91,0.0
18,262.49,262.49,0.0,174.16
42,4166.38,3101.52,1064.86,1113.88
44,1425.8,1265.34,160.46,458.91
41,1250.13,800.97,449.16,333.97
33,3480.55,2426.58,1053.97,1182.38
20,3294.53,2114.11,1180.42,952.98
64,2383.6,1829.5,554.1,518.06
21,1501.68,200.0,1301.68,88.94
20,1133.15,297.84,835.31,198.3
28,416.99,200.0,216.99,86.4
18,10147.62,6554.94,3592.68,1495.09
50,595.72,392.3,203.42,253.1
47,1408.67,753.34,655.33,189.87
54,392.4,392.4,0.0,210.03
33,2848.91,2703.19,145.72,925.32
57,8075.15,5516.4,2558.75,1740.93
40,610.48,407.91,202.57,77.56
33,546.88,200.0,346.88,4.15
21,640.26,360.04,280.22,287.59
41,280.59,200.0,80.59,10.12
38,1267.11,1132.97,134.14,401.01
18,975.82,975.82,0.0,614.55
34,1045.79,804.07,241.72,197.65
32,728.88,200.0,528.88,151.53
53,1264.26,1106.85,157.41,389.26
39,3298.03,2705.28,592.75,781.9
38,2681.14,2105.76,575.38,1187.08
18,154.44,154.44,0.0,94.81
18,1721.44,789.21,932.23,353.4
21,2777.87,2462.97,314.9,561.06
52,2470.82,1727.88,742.94,683.36
48,983.92,399.4,584.52,154.41
18,7477.44,6523.44,954.0,2046.87
46,1231.35,551.2,680.15,219.96
48,1760.24,1760.24,0.0,464.52
57,5109.1,4502.05,607.05,2330.21
18,1254.22,712.22,542.0,326.73
53,738.98,610.78,128.2,258.58
51,1344.98,1327.56,17.42,430.58
31,1077.0,730.9,346.1,446.85
26,697.61,697.61,0.0,245.28
45,1685.41,1393.35,292.06,609.29
28,4018.09,3373.8,644.29,706.91
53,2534.72,1907.62,627.1,762.74
29,601.87,517.36,84.51,234.91
40,1500.05,1316.37,183.68,390.7
55,5046.56,3988.88,1057.68,1306.62
44,6606.16,4413.56,2192.6,2591.16
63,1938.51,1686.5,252.01,467.25
34,828.27,828.27,0.0,188.21
18,1539.87,751.31,788.56,273.29
33,1895.02,1158.93,736.09,237.38
71,809.84,262.06,547.78,0.0
30,1041.83,1041.83,0.0,248.86
36,3599.59,2922.39,677.2,818.33
38,1374.45,1159.13,215.32,595.41
40,3010.79,2166.46,844.33,1229.03
35,1496.98,1496.98,0.0,678.7
26,2422.11,1299.02,1123.09,578.45
35,2336.45,1428.94,907.51,328.1
75,2046.78,1644.77,402.01,859.04
18,5435.04,3978.78,1456.26,1220.56
18,2200.88,1347.27,853.61,307.44
27,673.2,444.18,229.02,66.53
66,1479.89,1195.63,284.26,713.62
44,564.61,255.39,309.22,132.41
18,1213.9,692.77,521.13,105.4
25,1909.58,1528.77,380.81,896.06
18,1984.95,1151.61,833.34,341.14
48,1848.27,1598.6,249.67,785.6
18,1322.37,737.49,584.88,464.48
48,541.38,221.57,319.81,36.95
26,2147.74,1577.96,569.78,475.79
32,1218.82,664.48,554.34,287.64
27,4843.62,3220.44,1623.18,1165.58
47,1617.17,1609.05,8.12,434.99
28,679.76,426.26,253.5,181.74
24,2015.75,1871.56,144.19,874.66
36,3385.92,2049.76,1336.16,421.83
30,1338.63,1083.73,254.9,147.88
35,1833.63,1327.28,506.35,392.34
25,289.66,289.66,0.0,145.16
47,2358.97,2335.47,23.5,693.06
51,480.38,480.38,0.0,253.4
24,501.67,371.9,129.77,206.21
28,1873.76,1569.62,304.14,528.71
41,1650.29,1650.29,0.0,371.12
44,2091.9,1543.83,548.07,807.16
37,2543.42,2438.31,105.11,1067.26
18,1051.93,899.46,152.47,235.93
62,260.58,200.0,60.58,14.53
18,364.37,343.23,21.14,172.05
50,358.6,200.0,158.6,13.41
18,2314.74,2314.74,0.0,1323.47
63,1278.18,848.44,429.74,460.67
18,2106.48,981.93,1124.55,465.09
48,2901.24,2104.27,796.97,541.44
29,4918.59,4434.49,484.1,2270.75
23,475.73,400.3,75.43,244.95
72,1514.67,1186.47,328.2,409.73
26,2442.04,1514.6,927.44,339.63
23,1725.9,1287.75,438.15,480.87
30,2070.68,1303.76,766.92,542.58
66,1929.95,1604.63,325.32,886.17
31,852.67,595.44,257.23,280.67
40,1292.82,980.75,312.07,177.66
35,1085.87,585.25,500.62,259.14
39,4181.21,3127.9,1053.31,938.63
43,1917.68,1353.32,564.36,394.14
75,1048.37,817.79,230.58,278.68
56,1660.29,1049.89,610.4,276.63
20,330.63,330.63,0.0,58.02
48,4827.66,2818.16,2009.5,744.47
18,2192.41,1694.29,498.12,938.69
50,1848.95,1667.87,181.08,307.61
63,1492.7,1294.98,197.72,315.38
34,641.97,435.16,206.81,120.39
40,393.64,200.0,193.64,200.0
27,3443.4,1843.49,1599.91,619.73
31,5436.4,3953.97,1482.43,1197.25
25,540.12,540.12,0.0,163.35
40,9202.48,7286.7,1915.78,4154.77
46,1330.22,810.04,520.18,362.45
37,2642.42,2642.42,0.0,1390.93
26,1497.37,1497.37,0.0,943.4
56,942.19,456.55,485.64,102.19
26,1116.29,780.14,336.15,235.07
37,962.79,947.01,15.78,574.23
27,832.17,722.88,109.29,150.19
69,1809.88,1203.28,606.6,579.33
62,3628.8,2021.78,1607.02,497.02
27,5182.87,3447.27,1735.6,1097.32
38,441.22,200.0,241.22,64.52
31,1700.05,1206.3,493.75,437.8
39,2107.02,1712.11,394.91,767.41
44,1331.91,807.27,524.64,319.49
18,548.57,389.69,158.88,203.85
44,3865.16,2492.1,1373.06,1267.59
28,1658.75,1581.42,77.33,704.81
18,532.38,532.38,0.0,159.45
18,318.58,200.0,118.58,22.97
47,4302.05,3720.26,581.79,1476.02
38,2675.56,2276.74,398.82,680.27
29,7802.21,4989.72,2812.49,2677.23
19,1114.04,1114.04,0.0,286.7
32,701.5,680.9,20.6,370.27
25,2220.43,1690.87,529.56,477.55
43,535.94,200.0,335.94,140.67
29,954.12,954.12,0.0,517.96
31,1914.06,1024.92,889.14,498.78
66,878.03,878.03,0.0,336.45
35,1419.29,1162.19,257.1,545.47
29,2633.81,2144.34,489.47,541.1
51,2641.96,2219.4,422.56,750.55
20,1040.21,363.21,677.0,227.91
33,928.45,200.0,728.45,41.55
43,417.03,417.03,0.0,138.42
29,2324.02,1571.92,752.1,703.9
41,483.79,483.79,0.0,182.86
39,398.45,316.27,82.18,140.98
56,520.44,426.29,94.15,121.54
38,375.17,316.44,58.73,45.59
34,2691.8,1788.07,903.73,390.64
38,2171.02,1773.74,397.28,791.92
38,1205.48,747.39,458.09,390.13
19,2886.62,2749.96,136.66,650.83
34,771.55,771.55,0.0,198.83
49,691.32,576.82,114.5,149.71
18,2399.03,1837.59,561.44,593.47
43,945.58,200.0,745.58,78.02
32,820.94,401.61,419.33,307.51
23,761.75,479.43,282.32,143.96
40,1782.66,1576.64,206.02,514.79
60,1812.42,1388.01,424.41,439.69
31,505.42,200.0,305.42,78.62
26,2355.02,1648.48,706.54,473.06
64,1261.98,1261.98,0.0,777.02
38,3616.53,2791.48,825.05,1319.02
18,557.04,557.04,0.0,73.65
34,2780.54,2047.21,733.33,563.61
44,1774.83,301.87,1472.96,110.17
43,1019.64,695.02,324.62,169.43
31,2751.76,2247.21,504.55,1131.0
40,1548.18,745.03,803.15,366.6
18,1678.38,1075.81,602.57,270.31
42,3645.01,2794.53,850.48,1376.52
18,3622.92,3239.0,383.92,922.56
18,718.71,718.71,0.0,248.49
46,5428.21,3656.35,1771.86,2016.06
18,4129.89,2546.8,1583.09,810.5
41,357.33,279.19,78.14,0.0
57,627.71,627.71,0.0,280.07
18,389.86,200.0,189.86,129.07
52,1896.43,1500.04,396.39,228.62
18,870.1,484.05,386.05,97.54
18,5926.47,3257.61,2668.86,1584.36
38,633.58,633.58,0.0,266.96
39,888.98,888.98,0.0,386.98
18,865.27,367.54,497.73,229.43
29,2559.48,1480.3,1079.18,432.43
56,794.35,604.25,190.1,265.08
57,1046.96,1046.96,0.0,354.97
36,2960.24,2089.91,870.33,1288.63
47,8809.54,7134.61,1674.93,3960.35
25,615.89,400.39,215.5,214.71
58,1806.71,995.55,811.16,311.88
52,1235.71,1235.71,0.0,667.2
18,371.17,200.0,171.17,0.0
60,441.61,200.0,241.61,73.08
47,2006.07,1696.95,309.12,958.17
23,517.86,449.81,68.05,190.36
70,1429.18,1351.35,77.83,499.58
27,1979.48,1200.11,779.37,266.5
23,935.47,379.57,555.9,154.56
26,6025.12,3081.08,2944.04,1405.73
28,636.31,236.4,399.91,57.74
34,1879.02,804.73,1074.29,501.1
36,566.61,200.0,366.61,19.5
21,840.9,539.3,301.6,186.78
32,779.31,525.19,254.12,82.57
30,1021.05,440.96,580.09,198.01
36,5503.74,4206.58,1297.16,2124.67
18,1259.25,1259.25,0.0,489.83
41,943.38,747.44,195.94,255.66
20,668.05,601.0,67.05,217.81
31,744.92,744.92,0.0,248.72
34,84.2,84.2,0.0,0.0
30,16742.8,10407.42,6335.38,5583.92
22,1325.43,1083.71,241.72,364.07
27,2301.24,1605.39,695.85,414.57
48,4289.51,3785.03,504.48,1277.69
27,279.35,279.35,0.0,54.84
40,1562.15,732.45,829.7,359.08
43,1434.48,1434.48,0.0,648.53
18,1741.21,1343.45,397.76,458.85
31,713.97,373.01,340.96,93.7
45,780.04,244.47,535.57,24.76
49,987.29,987.29,0.0,594.35
62,1372.74,1205.0,167.74,507.48
23,1857.15,978.73,878.42,367.48
39,2798.18,2115.33,682.85,1219.75
18,2682.6,2412.72,269.88,1173.79
57,3175.36,2111.99,1063.37,962.38
58,368.54,368.54,0.0,162.33
24,2276.53,1975.08,301.45,1200.74
47,2279.34,1435.87,843.47,678.84
45,753.26,200.0,553.26,129.3
28,2345.2,1850.79,494.41,469.81
50,1097.82,452.22,645.6,217.23
40,630.96,200.0,430.96,112.51
52,2568.36,1869.12,699.24,519.87
49,1299.92,1181.35,118.57,572.89
21,1554.67,820.43,734.24,447.42
31,2902.86,2112.19,790.67,995.41
20,865.23,865.23,0.0,457.88
45,2046.4,1452.97,593.43,467.3
26,3474.86,2076.53,1398.33,1178.94
39,1389.35,1389.35,0.0,276.02
18,531.47,200.0,331.47,78.61
29,2539.65,1799.28,740.37,474.79
33,610.81,610.81,0.0,175.89
45,1308.35,1308.35,0.0,430.11
34,1766.21,1007.59,758.62,421.23
33,374.24,374.24,0.0,162.44
28,2502.23,1901.19,601.04,763.54
31,2056.29,1453.93,602.36,706.88
18,1551.91,1126.46,425.45,667.48
22,656.85,532.19,124.66,296.82
23,2893.38,2004.65,888.73,925.17
18,7056.8,5806.53,1250.27,1362.77
39,2855.71,2428.44,427.27,688.23
31,1994.62,1654.35,340.27,688.91
18,1831.05,1291.81,539.24,360.47
20,6072.96,3629.43,2443.53,1890.05
56,1026.58,912.92,113.66,479.64
18,782.59,572.35,210.24,256.09
46,199.84,199.84,0.0,83.11
48,1080.41,791.12,289.29,488.98
19,1369.88,887.14,482.74,227.28
55,2768.68,2494.17,274.51,1552.01
20,1719.87,930.85,789.02,343.79
61,813.39,292.68,520.71,178.86
40,2487.38,2487.38,0.0,518.19
25,3955.21,2373.03,1582.18,539.05
22,2713.81,2208.71,505.1,679.28
53,1516.26,1516.26,0.0,711.17
25,3769.86,2692.69,1077.17,778.04
20,3643.22,3158.01,485.21,1766.57
44,1565.37,1565.37,0.0,582.56
34,353.44,353.44,0.0,284.82
18,1020.18,777.45,242.73,263.25
44,1121.2,1097.79,23.41,583.8
45,1210.42,1039.12,171.3,297.48
48,415.87,415.87,0.0,146.42
19,1222.56,872.32,350.24,363.71
38,4245.33,3288.31,957.02,1907.68
32,186.11,186.11,0.0,59.69
25,1211.5,1192.27,19.23,464.61
52,2250.53,1772.96,477.57,612.13
46,655.99,367.15,288.84,176.86
18,984.23,429.24,554.99,228.31
42,1193.01,845.2,347.81,320.17
19,3674.52,3192.2,482.32,827.71
18,738.71,738.71,0.0,346.43
35,3941.13,3088.18,852.95,1616.71
58,4928.75,3059.37,1869.38,1333.86
18,2339.61,1548.66,790.95,413.83
66,1990.1,1990.1,0.0,518.06
44,439.2,200.0,239.2,79.04
45,2265.04,2265.04,0.0,703.11
18,2860.28,2228.2,632.08,1346.71
42,602.39,406.11,196.28,120.41
51,672.74,373.46,299.28,34.37
24,1529.99,1345.45,184.54,597.76
31,1454.01,1275.47,178.54,337.91
36,795.18,476.44,318.74,170.51
18,1252.92,996.66,256.26,377.86
18,507.72,314.72,193.0,173.45
18,585.13,585.13,0.0,186.74
34,231.84,231.84,0.0,108.49
42,1926.66,1458.56,468.1,514.44
56,2368.71,1281.24,1087.47,392.51
50,767.5,767.5,0.0,340.66
18,1450.61,931.38,519.23,266.7
56,2182.74,1218.77,963.97,595.56
35,956.39,956.39,0.0,264.5
45,1111.41,1111.41,0.0,395.09
18,1501.78,1386.86,114.92,370.0
37,2482.43,1846.88,635.55,718.17
18,3826.76,2731.2,1095.56,1537.04
71,7066.45,5750.59,1315.86,3460.94
40,2022.13,2022.13,0.0,823.92
44,1634.56,1634.56,0.0,641.22
36,150.13,150.13,0.0,106.68
47,1619.73,935.72,684.01,506.46
32,927.73,693.89,233.84,395.67
20,2498.71,2230.4,268.31,1189.8
34,3488.94,2369.17,1119.77,763.82
20,2961.91,1789.24,1172.67,580.67
18,3976.34,3259.16,717.18,1122.59
19,2173.07,1705.46,467.61,446.95
34,400.36,400.36,0.0,163.18
29,380.86,231.09,149.77,195.2
48,2724.74,1961.9,762.84,485.72
48,319.61,319.61,0.0,178.41
59,5947.12,4061.0,1886.12,1247.55
47,705.66,705.66,0.0,296.6
43,751.61,716.35,35.26,307.44
20,2177.59,1778.82,398.77,777.63
44,610.21,610.21,0.0,248.77
35,1912.02,1150.74,761.28,505.32
18,2661.29,1412.51,1248.78,797.27
18,1101.66,629.9,471.76,271.34
49,5537.16,3392.99,2144.17,1101.94
18,2189.56,1556.62,632.94,480.56
38,1500.93,1011.99,488.94,582.67
20,2159.26,1932.04,227.22,450.47
28,5571.38,4112.43,1458.95,804.47
32,2049.78,1186.86,862.92,439.41
30,3066.36,2395.43,670.93,952.94
49,1690.68,1156.76,533.92,562.1
21,743.58,200.0,543.58,21.61
39,1971.08,1317.35,653.73,518.13
55,902.65,882.79,19.86,400.12
40,1235.03,1055.09,179.94,645.21
51,912.78,912.78,0.0,228.23
32,3620.34,3539.24,81.1,1962.88
19,1417.02,684.59,732.43,240.16
23,742.61,472.76,269.85,166.9
51,2317.72,2136.88,180.84,851.34
38,1671.33,865.49,805.84,504.7
36,320.04,200.0,120.04,148.58
31,3058.04,2489.11,568.93,1411.58
27,1393.78,908.54,485.24,421.12
36,3353.79,2108.85,1244.94,805.69
34,398.44,200.0,198.44,15.16
33,961.97,961.97,0.0,252.13
37,689.89,351.81,338.08,109.86
45,1560.92,1560.92,0.0,310.99
18,10742.45,8384.14,2358.31,2063.39
18,2426.87,1453.82,973.05,743.08
18,2713.3,1761.63,951.67,856.47
29,436.8,436.8,0.0,276.41
28,655.26,655.26,0.0,380.08
41,486.78,200.0,286.78,165.89
44,1006.78,699.68,307.1,165.12
32,1385.7,832.87,552.83,272.96
40,1661.99,1116.93,545.06,552.46
29,3167.21,2187.33,979.88,845.4
53,1220.93,773.97,446.96,294.83
18,1799.4,1071.13,728.27,337.52
27,1384.68,714.81,669.87,342.79
52,1186.75,1158.61,28.14,320.27
30,664.37,664.37,0.0,64.37
26,869.93,591.9,278.03,339.5
18,3369.96,2428.75,941.21,566.95
23,3014.07,1862.6,1151.47,566.38
44,550.89,502.12,48.77,138.28
38,1032.28,827.17,205.11,188.67
31,426.44,426.44,0.0,217.23
44,865.67,200.0,665.67,57.22
37,1800.07,1293.6,506.47,155.91
29,1570.6,1167.47,403.13,350.0
18,1214.88,666.73,548.15,96.91
18,1445.63,665.77,779.86,246.42
18,3264.25,2498.11,766.14,1105.67
30,788.15,392.82,395.33,134.78
18,2181.14,2181.14,0.0,887.22
21,1382.71,1341.03,41.68,692.73
18,2182.91,1529.95,652.96,770.56
31,1312.25,1114.28,197.97,631.44
34,4465.3,2854.48,1610.82,1719.07
20,2680.58,2047.54,633.04,604.38
32,664.37,664.37,0.0,200.98
48,2577.92,1357.58,1220.34,493.09
52,5679.99,3441.36,2238.63,911.69
25,2682.26,2682.26,0.0,601.75
25,4154.98,3850.67,304.31,1106.47
34,2233.18,1881.58,351.6,756.84
47,896.82,842.17,54.65,191.46
25,820.44,200.0,620.44,95.63
18,427.0,427.0,0.0,306.37
37,991.15,653.88,337.27,189.59
29,884.48,814.25,70.23,276.76
40,4692.64,2937.35,1755.29,1645.28
44,327.42,289.79,37.63,70.86
44,1463.19,1389.66,73.53,590.3
31,1763.44,1308.45,454.99,441.92
35,2925.91,2874.33,51.58,1528.44
48,3162.37,1905.68,1256.69,431.08
44,2162.14,1642.94,519.2,946.1
53,1197.11,577.66,619.45,304.75
32,1456.86,403.95,1052.91,181.46
31,2072.21,1694.04,378.17,377.38
70,637.81,637.81,0.0,201.14
46,5418.11,4439.12,978.99,1115.36
18,2659.65,2138.6,521.05,683.28
61,2865.98,2865.98,0.0,1572.89
33,18843.4,12929.68,5913.72,3001.92
52,3310.2,2259.09,1051.11,860.97
66,1099.77,901.06,198.71,443.44
18,1959.19,1595.3,363.89,252.26
35,1214.58,508.65,705.93,175.3
32,4888.29,4821.13,67.16,1337.15
70,2938.0,1579.41,1358.59,576.9
48,820.99,706.28,114.71,335.02
74,1316.88,1316.88,0.0,790.49
54,608.2,200.0,408.2,137.9
39,1203.04,719.0,484.04,326.29
42,1926.09,1415.44,510.65,324.33
64,8485.33,6732.17,1753.16,1382.3
21,492.2,365.95,126.25,165.05
57,5177.2,3879.46,1297.74,1970.01
31,1858.75,1420.22,438.53,358.94
35,1068.33,200.0,868.33,147.5
34,1151.15,728.55,422.6,282.83
30,359.26,200.0,159.26,168.12
29,750.67,750.67,0.0,187.03
23,2248.63,1868.94,379.69,501.48
32,597.22,454.52,142.7,225.17
35,613.61,613.61,0.0,94.4
39,1381.61,747.58,634.03,351.76
61,684.55,241.3,443.25,49.49
37,1282.23,735.72,546.51,117.54
35,5829.9,3613.34,2216.56,1287.77
18,374.02,200.0,174.02,99.51
45,984.04,801.8,182.24,196.06
26,5059.13,3264.11,1795.02,804.54
39,1706.68,1651.96,54.72,900.48
23,1792.07,1410.29,381.78,451.86
58,1149.35,595.18,554.17,147.31
27,855.38,200.0,655.38,0.33
31,1045.73,779.0,266.73,71.37
36,1912.94,487.92,1425.02,230.42
41,3291.32,2202.06,1089.26,967.53
38,7642.41,4896.12,2746.29,1221.31
42,1381.47,950.8,430.67,520.61
48,476.71,476.71,0.0,255.92
30,8513.48,5357.61,3155.87,1912.47
55,2759.68,2495.04,264.64,582.1
21,1257.39,788.35,469.04,460.21
37,2717.76,1913.71,804.05,690.1
18,2202.89,1928.27,274.62,657.37
18,4390.11,2868.0,1522.11,1437.22
35,501.52,200.0,301.52,97.05
53,5886.96,4499.94,1387.02,1685.64
30,947.5,710.76,236.74,359.42
47,1452.37,597.69,854.68,111.11
41,278.8,200.0,78.8,30.32
47,2605.05,1262.83,1342.22,476.6
59,1203.96,1006.46,197.5,432.51
33,771.66,771.66,0.0,341.21
26,3585.23,2225.52,1359.71,839.4
42,1561.87,1217.16,344.71,379.39
46,2316.61,1513.51,803.1,430.46
42,1780.04,1298.27,481.77,474.58
29,3082.0,2043.93,1038.07,483.09
18,3791.77,2786.78,1004.99,586.02
25,2335.41,1997.24,338.17,969.98
24,2799.73,2176.08,623.65,977.98
37,1001.87,274.47,727.4,151.76
22,648.16,648.16,0.0,317.12
19,2479.9,1566.16,913.74,544.13
34,2843.07,1691.06,1152.01,692.27
27,1287.96,573.85,714.11,375.75
18,1407.44,615.37,792.07,59.87
61,440.62,200.0,240.62,93.33
49,1701.61,1112.58,589.03,352.92
62,860.25,375.75,484.5,32.05
51,1693.8,1693.8,0.0,852.17
27,2050.99,2038.54,12.45,419.42
46,5286.55,3122.88,2163.67,1466.69
28,1761.17,1314.68,446.49,781.52
46,2087.71,1716.77,370.94,445.45
24,3101.67,3077.68,23.99,1473.07
29,1339.92,696.43,643.49,342.1
18,1958.21,1427.28,530.93,775.47
21,1662.06,1390.56,271.5,724.95
42,843.55,648.0,195.55,129.03
26,1776.76,1344.01,432.75,366.39
29,749.13,212.24,536.89,22.84
52,3362.64,2880.74,481.9,663.95
18,2137.85,2020.98,116.87,671.02
27,676.57,577.3,99.27,296.46
36,1535.75,1103.48,432.27,549.66
54,1757.1,1163.48,593.62,304.97
40,10748.59,8345.38,2403.21,2304.25
64,468.31,200.0,268.31,68.78
43,3308.91,1920.94,1387.97,725.77
18,715.4,200.0,515.4,125.47
50,639.47,639.47,0.0,319.72
48,3232.02,2232.26,999.76,800.29
36,997.25,666.55,330.7,269.36
55,4542.63,3060.53,1482.1,888.63
41,2321.39,1350.57,970.82,318.06
40,1151.09,1151.09,0.0,603.91
18,2223.64,1816.97,406.67,697.14
28,1812.18,1263.12,549.06,726.85
51,971.62,573.58,398.04,224.44
42,1161.37,922.4,238.97,316.37
32,5409.12,4365.87,1043.25,907.39
19,773.62,429.91,343.71,158.06
42,533.69,435.46,98.23,197.96
36,1244.7,796.11,448.59,237.52
23,470.21,470.21,0.0,21.53
34,1141.55,1103.39,38.16,148.3
30,1642.36,1077.8,564.56,425.39
42,325.4,325.4,0.0,215.26
18,1106.43,472.07,634.36,213.78
31,1538.81,1538.81,0.0,686.0
48,542.93,200.0,342.93,0.0
18,1191.6,861.17,330.43,564.79
75,2054.65,1594.05,460.6,344.72
31,528.13,200.0,328.13,74.24
38,2500.32,1776.71,723.61,820.93
31,1068.26,662.37,405.89,382.25
21,804.62,804.62,0.0,469.01
45,1048.91,857.08,191.83,214.59
42,763.16,686.64,76.52,206.04
39,2198.62,2185.15,13.47,1143.86
18,4030.43,2516.2,1514.23,774.66
18,312.25,312.25,0.0,105.1
53,1893.25,1141.56,751.69,382.43
52,3796.87,3040.02,756.85,1099.61
29,2812.0,2605.97,206.03,1271.09
37,1180.74,1180.74,0.0,436.34
25,599.95,200.0,399.95,189.12
35,4423.84,3093.45,1330.39,668.49
60,1205.71,861.72,343.99,386.13
56,4750.62,3658.69,1091.93,2002.86
48,2490.36,1768.21,722.15,1051.05
18,725.47,597.45,128.02,247.14
33,2109.42,1644.45,464.97,460.24
19,2489.26,1588.75,900.51,641.05
26,2563.28,1071.06,1492.22,356.41
28,2324.82,1229.59,1095.23,464.72
27,1617.36,1520.9,96.46,437.66
35,3582.66,2068.4,1514.26,571.73
63,1011.41,300.23,711.18,155.11
63,1841.53,1439.9,401.63,799.87
18,3169.78,2430.18,739.6,592.78
38,799.02,752.94,46.08,396.6
57,1675.45,1211.37,464.08,555.53
34,562.3,486.45,75.85,153.99
35,1372.49,843.81,528.68,309.76
26,1243.18,761.66,481.52,300.36
42,732.81,732.81,0.0,496.47
45,1912.6,1202.58,710.02,465.03
28,394.33,394.33,0.0,279.69
41,1324.11,998.59,325.52,486.26
38,6290.34,4908.31,1382.03,1422.89
51,3292.08,3292.08,0.0,946.2
35,5774.46,4275.5,1498.96,1626.97
31,5833.06,4927.33,905.73,2275.6
35,1144.21,1032.29,111.92,610.21
18,505.83,505.83,0.0,91.67
37,4163.96,3370.81,793.15,1265.27
33,1036.54,1036.54,0.0,316.8
28,4583.76,3190.72,1393.04,1710.48
46,5891.37,4526.59,1364.78,2592.61
45,2439.51,2342.05,97.46,1054.7
24,1129.86,591.63,538.23,135.56
27,788.32,295.98,492.34,19.38
26,2007.83,2007.83,0.0,402.2
39,1295.47,1295.47,0.0,578.62
35,2123.36,1322.55,800.81,713.14
43,878.76,347.01,531.75,105.7
46,961.67,704.89,256.78,189.05
32,700.81,553.43,147.38,326.32
27,1335.73,909.76,425.97,538.82
18,1579.78,1579.78,0.0,876.3
23,1439.79,916.49,523.3,334.6
64,2320.68,1922.26,398.42,1069.4
52,554.01,200.0,354.01,97.71
31,1301.54,1301.54,0.0,547.16
23,2326.38,2146.09,180.29,808.5
21,701.72,682.0,19.72,383.06
40,977.61,200.0,777.61,104.77
37,7347.12,6353.33,993.79,2372.5
65,1573.22,1281.03,292.19,526.88
18,489.57,489.57,0.0,153.81
18,1028.2,708.49,319.71,246.76
25,298.94,298.94,0.0,90.91
31,3291.61,2674.04,617.57,785.39
18,3519.64,3519.64,0.0,1203.67
48,2535.21,1850.44,684.77,402.17
58,886.42,561.49,324.93,387.73
59,3355.89,2630.74,725.15,1292.34
20,463.55,200.0,263.55,27.64
62,532.88,200.0,332.88,27.68
29,1629.59,1629.59,0.0,382.11
32,4485.14,4018.58,466.56,846.38
45,295.09,200.0,95.09,60.62
72,1799.44,1100.85,698.59,625.63
22,1457.62,914.96,542.66,533.58
18,2009.49,1061.96,947.53,320.33
45,872.22,463.34,408.88,224.78
68,2336.43,2168.77,167.66,665.71
19,806.89,806.89,0.0,160.74
48,1302.39,507.62,794.77,162.81
39,3961.52,2933.0,1028.52,1474.99
60,2998.44,2249.69,748.75,894.49
44,349.24,200.0,149.24,68.1
61,3357.49,1706.72,1650.77,555.21
35,369.94,369.94,0.0,218.97
23,3572.79,2881.83,690.96,1136.84
31,815.21,217.27,597.94,165.72
18,741.23,741.23,0.0,358.65
28,519.93,486.83,33.1,137.67
18,1609.64,1609.64,0.0,695.61
57,607.32,607.32,0.0,221.73
24,253.98,253.98,0.0,29.77
34,2569.51,2038.0,531.51,1151.73
31,511.66,396.6,115.06,156.84
34,2929.72,1121.05,1808.67,740.19
53,999.7,546.41,453.29,230.36
48,201.13,201.13,0.0,201.13
36,1243.76,239.62,1004.14,0.0
41,1525.1,969.84,555.26,479.36
44,1252.07,512.11,739.96,207.32
31,568.2,383.8,184.4,154.15
37,855.4,855.4,0.0,324.25
24,1154.31,962.41,191.9,288.61
18,1499.96,1354.12,145.84,200.92
37,2432.8,1769.97,662.83,610.63
18,641.82,444.03,197.79,132.37
57,5239.3,3386.67,1852.63,1803.41
23,2630.13,1401.64,1228.49,558.69
27,1466.25,1121.48,344.77,629.59
26,1590.97,1278.44,312.53,245.18
18,1512.91,499.92,1012.99,207.91
47,2540.12,1938.69,601.43,745.62
53,3819.71,3327.98,491.73,1348.74
51,1203.57,730.09,473.48,193.9
26,2055.05,1992.16,62.89,439.79
32,885.03,750.14,134.89,401.72
18,4018.62,3507.1,511.52,1500.7
49,6400.07,5230.58,1169.49,1818.31
27,892.96,577.64,315.32,317.17
23,1660.69,1660.69,0.0,658.27
31,1078.67,929.39,149.28,242.83
42,5505.13,3048.49,2456.64,1251.92
44,1978.78,1512.49,466.29,785.78
20,1952.05,914.22,1037.83,358.48
53,2409.12,1336.34,1072.78,562.67
18,689.19,689.19,0.0,278.52
27,239.61,200.0,39.61,99.24
56,664.25,664.25,0.0,430.36
36,675.83,200.0,475.83,7.25
24,1718.42,1475.82,242.6,797.8
46,775.36,621.48,153.88,264.66
20,488.34,304.08,184.26,176.82
28,1174.67,1114.51,60.16,335.58
58,1301.68,742.42,559.26,411.06
24,2313.86,1530.35,783.51,866.92
18,880.54,748.57,131.97,233.8
32,3576.26,2482.23,1094.03,999.62
18,1877.97,1041.63,836.34,241.0
32,610.35,287.09,323.26,127.47
44,320.78,200.0,120.78,107.17
36,298.54,298.54,0.0,164.02
22,691.06,400.33,290.73,256.06
69,592.96,241.19,351.77,142.59
43,2411.06,1824.97,586.09,820.18
31,570.93,200.0,370.93,147.76
48,1595.41,1021.83,573.58,461.91
43,3775.1,3015.18,759.92,1622.02
45,4849.65,4023.14,826.51,1332.39
23,15868.32,10623.17,5245.15,5684.4
29,775.98,555.38,220.6,339.93
27,1325.34,1265.51,59.83,596.52
45,7255.74,4340.32,2915.42,1149.61
44,611.07,378.01,233.06,135.14
22,1933.24,1355.91,577.33,712.51
26,1675.62,1443.31,232.31,786.42
45,2485.1,2175.18,309.92,1164.71
47,639.85,267.36,372.49,185.06
36,2185.34,1645.59,539.75,568.23
20,1735.02,1227.4,507.62,261.93
37,488.85,200.0,288.85,54.06
18,660.01,241.04,418.97,163.12
39,1132.18,571.03,561.15,328.7
18,276.4,219.87,56.53,137.76
18,1143.55,1054.58,88.97,587.85
31,869.03,421.15,447.88,249.07
39,3088.86,2749.58,339.28,1440.53
42,1836.96,1200.38,636.58,326.69
34,1332.38,1028.82,303.56,559.69
21,2437.68,2133.7,303.98,1079.27
18,1417.94,1267.83,150.11,556.6
32,779.2,747.4,31.8,287.77
59,2151.52,1551.54,599.98,577.9
41,2437.7,1581.36,856.34,529.9
33,2126.15,1347.98,778.17,783.6
22,2086.06,1558.34,527.72,507.2
57,1982.27,1354.3,627.97,536.43
18,505.07,505.07,0.0,163.4
18,569.48,200.0,369.48,80.99
18,2247.78,1919.16,328.62,470.31
26,452.56,246.97,205.59,166.33
46,1982.98,1438.26,544.72,676.02
28,4182.55,2378.26,1804.29,1236.03
35,4113.1,3635.73,477.37,1191.44
43,531.92,426.99,104.93,214.57
18,1147.98,1147.98,0.0,229.56
32,3313.36,3209.4,103.96,1458.18
37,1031.49,923.93,107.56,308.56
31,2032.3,503.32,1528.98,249.96
40,1661.31,1661.31,0.0,569.68
22,1139.27,911.41,227.86,350.21
53,1883.05,1291.45,591.6,587.51
29,527.4,382.78,144.62,174.73
41,1539.2,1349.85,189.35,711.99
29,1423.82,916.7,507.12,320.51
52,279.2,279.2,0.0,22.15
26,4997.98,3959.04,1038.94,1890.19
27,1700.56,1574.55,126.01,456.02
28,882.26,661.81,220.45,228.71
53,1436.28,515.01,921.27,179.43
46,1467.65,1244.34,223.31,234.16
31,6819.75,5476.26,1343.49,1965.75
43,12307.78,10895.93,1411.85,6284.53
19,350.39,200.0,150.39,0.0
35,3747.79,2095.98,1651.81,511.46
45,692.28,212.5,479.78,49.84
55,1314.52,802.95,511.57,494.63
18,505.61,505.61,0.0,155.34
27,2449.72,1896.11,553.61,950.16
43,932.65,606.55,326.1,232.72
44,1093.49,574.67,518.82,320.17
41,351.23,200.0,151.23,0.0
27,1622.27,1151.22,471.05,537.32
43,6271.48,4897.28,1374.2,1319.92
24,713.2,529.47,183.73,296.4
41,1499.44,901.68,597.76,331.4
31,1480.07,991.94,488.13,507.1
18,1299.79,1299.79,0.0,688.04
39,11455.74,7294.0,4161.74,3318.77
30,538.92,221.47,317.45,57.95
51,2090.83,1589.27,501.56,280.84
44,411.28,411.28,0.0,194.83
49,2187.31,1283.13,904.18,478.44
18,350.61,349.34,1.27,121.63
18,966.22,966.22,0.0,433.79
35,1533.95,1077.37,456.58,614.04
35,2736.76,2693.83,42.93,1586.93
33,963.45,779.5,183.95,384.79
18,2435.43,1199.73,1235.7,613.64
46,1961.32,1961.32,0.0,1176.49
39,2592.19,1663.89,928.3,707.7
40,10118.79,9090.34,1028.45,3518.74
40,500.34,500.34,0.0,86.88
45,761.54,429.1,332.44,241.61
43,1467.13,955.71,511.42,413.87
18,3223.09,2785.53,437.56,1194.92
18,2592.29,1742.28,850.01,1029.34
30,651.06,603.87,47.19,134.7
50,1915.89,981.07,934.82,571.82
19,1573.95,1002.57,571.38,311.02
18,1440.75,1292.67,148.08,700.87
53,600.58,200.0,400.58,40.04
32,2338.06,1999.68,338.38,1165.69
36,3437.98,1729.39,1708.59,306.19
39,509.13,200.0,309.13,172.89
33,2651.56,1602.27,1049.29,472.17
35,1435.58,1120.29,315.29,335.44
31,1442.11,831.9,610.21,388.1
56,355.48,295.01,60.47,102.02
28,2210.21,1358.92,851.29,798.25
28,375.77,375.77,0.0,238.89
25,1304.08,1139.3,164.78,731.61
47,932.26,226.01,706.25,5.68
31,2649.61,1590.79,1058.82,931.59
28,1289.27,1188.22,101.05,289.45
18,1034.25,617.19,417.06,111.48
37,580.22,470.84,109.38,185.82
35,626.19,438.9,187.29,116.33
70,5962.69,5645.19,317.5,1401.25
46,1646.79,1547.07,99.72,445.32
34,1171.26,796.11,375.15,151.78
26,2778.85,1890.63,888.22,1102.9
24,2747.74,1550.71,1197.03,479.8
18,539.64,539.64,0.0,268.39
23,916.34,563.78,352.56,259.81
30,746.31,746.31,0.0,454.05
18,3004.03,1296.71,1707.32,655.41
43,2555.81,1556.48,999.33,813.17
39,447.34,422.06,25.28,36.47
25,669.5,299.52,369.98,166.79
27,3719.34,3364.81,354.53,1212.94
41,1106.72,626.87,479.85,94.5
38,2457.73,1226.36,1231.37,314.1
42,905.09,389.5,515.59,99.35
39,1148.82,506.45,642.37,204.89
18,2020.55,1553.97,466.58,719.79
36,6319.21,5258.78,1060.43,2453.78
52,4125.71,2622.77,1502.94,601.2
38,11360.53,8041.15,3319.38,2289.17
18,450.27,200.0,250.27,78.63
64,326.67,200.0,126.67,193.98
67,506.59,200.0,306.59,95.97
55,5841.68,4160.56,1681.12,1351.35
46,1127.27,1127.27,0.0,309.82
41,3461.02,1661.88,1799.14,307.29
33,1939.61,1819.21,120.4,420.73
50,959.44,360.83,598.61,101.38
34,2684.47,1910.34,774.13,831.02
55,3917.54,3655.9,261.64,1765.22
18,679.22,526.33,152.89,130.56
32,1575.93,921.0,654.93,237.05
18,784.02,717.51,66.51,347.0
57,2545.1,2270.76,274.34,803.06
24,674.28,293.05,381.23,102.61
45,1417.16,628.41,788.75,232.46
48,1850.58,1180.09,670.49,401.6
40,1381.63,651.49,730.14,242.82
49,1697.61,1697.61,0.0,1000.52
41,2481.79,1945.86,535.93,636.52
29,4140.91,3060.06,1080.85,1597.11
57,2302.96,1639.43,663.53,386.53
18,1507.21,1339.19,168.02,622.26
22,2801.15,2060.72,740.43,601.38
41,1092.01,1092.01,0.0,595.25
39,631.04,247.81,383.23,10.74
33,643.31,643.31,0.0,172.82
24,620.34,608.34,12.0,257.85
40,515.26,515.26,0.0,229.41
36,2372.42,1187.99,1184.43,567.09
18,603.65,200.0,403.65,149.41
39,1007.0,513.31,493.69,186.25
28,1500.23,1316.06,184.17,765.63
37,1022.72,1022.72,0.0,213.07
21,708.12,708.12,0.0,328.85
27,3783.79,2497.77,1286.02,623.89
52,1134.35,359.68,774.67,0.0
49,6172.88,4146.22,2026.66,1462.31
50,3468.94,3248.43,220.51,1468.74
22,2339.84,1678.02,661.82,356.22
45,1811.86,1811.86,0.0,811.29
71,2299.18,1688.28,610.9,1011.78
38,1731.59,1731.59,0.0,666.28
34,2185.54,1807.31,378.23,752.22
18,2633.83,2252.59,381.24,1318.35
31,51983.52,45618.27,6365.25,15559.65
23,1756.2,896.75,859.45,353.83
18,690.93,452.81,238.12,247.97
18,2513.62,1821.34,692.28,784.16
37,1822.1,1331.33,490.77,624.14
57,7867.85,6758.24,1109.61,3107.85
22,812.13,200.0,612.13,110.79
44,2263.44,1404.99,858.45,320.97
37,1577.3,679.63,897.67,308.41
19,10334.43,7657.63,2676.8,2277.76
45,1645.58,1473.62,171.96,725.78
46,1236.87,810.31,426.56,344.33
21,220.9,200.0,20.9,53.33
18,916.89,444.06,472.83,144.77
44,1646.46,1131.06,515.4,270.97
33,772.57,772.57,0.0,325.4
42,1162.97,1004.14,158.83,217.77
18,539.25,321.92,217.33,18.01
33,588.77,464.66,124.11,100.88
40,5238.78,3753.61,1485.17,1899.67
36,1545.34,1029.6,515.74,534.66
31,1088.77,1088.77,0.0,583.64
30,1572.62,809.41,763.21,404.83
46,4325.55,2167.39,2158.16,504.81
40,1884.46,1090.75,793.71,337.59
59,1181.36,978.52,202.84,240.8
18,352.64,200.0,152.64,99.25
48,1319.8,1002.54,317.26,299.11
40,594.38,200.0,394.38,0.0
35,4337.61,2693.81,1643.8,848.1
21,1247.55,1037.38,210.17,446.28
45,8131.29,5336.98,2794.31,2869.59
30,2010.62,1366.65,643.97,472.36
40,685.73,642.38,43.35,285.98
34,4088.89,3185.0,903.89,1321.43
18,2809.9,1697.44,1112.46,814.96
30,6255.65,4293.17,1962.48,1633.16
18,646.27,200.0,446.27,149.89
48,2623.03,2353.8,269.23,923.46
29,6503.82,4534.42,1969.4,1218.14
23,905.19,559.27,345.92,129.83
33,1384.82,1260.1,124.72,300.09
23,1667.88,1282.54,385.34,690.0
18,1914.19,1500.69,413.5,728.15
30,554.48,542.06,12.42,243.27
49,1434.79,918.64,516.15,548.46
32,1929.9,1586.56,343.34,871.23
36,640.6,640.6,0.0,404.66
46,981.53,981.53,0.0,389.49
54,1288.34,200.0,1088.34,0.0
34,1977.07,1431.54,545.53,342.79
46,6172.57,5427.19,745.38,1498.62
60,3935.77,3359.57,576.2,1248.12
36,2780.38,1951.41,828.97,363.29
18,1573.24,899.84,673.4,323.48
35,2111.15,2068.99,42.16,975.6
18,721.34,701.62,19.72,292.54
30,1526.35,1348.61,177.74,505.35
53,1788.04,873.63,914.41,307.09
47,1973.39,1414.89,558.5,744.89
18,5298.43,4862.41,436.02,1898.7
36,467.9,200.0,267.9,0.0
38,1028.36,928.72,99.64,388.05
34,2867.11,2405.31,461.8,1347.39
50,1473.87,652.1,821.77,259.44
50,2654.65,1438.72,1215.93,354.16
51,836.63,200.0,636.63,84.12
27,2799.08,2239.37,559.71,1122.58
45,3863.47,2630.8,1232.67,580.39
21,554.39,554.39,0.0,239.92
18,2663.71,2182.68,481.03,932.07
34,2765.18,2554.86,210.32,687.34
25,781.96,781.44,0.52,410.05
36,609.3,333.27,276.03,168.3
67,892.49,350.28,542.21,203.89
19,733.76,200.0,533.76,0.0
27,2897.88,2376.31,521.57,1038.73
42,283.0,212.4,70.6,120.54
28,3747.12,2881.87,865.25,773.72
26,1117.75,1026.33,91.42,532.21
46,478.01,478.01,0.0,192.97
31,2532.38,1866.54,665.84,565.62
18,1090.29,200.0,890.29,198.98
37,3355.84,2096.98,1258.86,842.37
36,6364.2,5088.88,1275.32,2509.82
29,2539.57,1644.3,895.27,723.32
33,2201.27,1659.53,541.74,589.33
18,680.27,587.57,92.7,228.79
18,1183.99,766.07,417.92,295.51
21,1671.4,863.69,807.71,354.39
21,1904.37,1154.73,749.64,361.07
52,1272.24,1272.24,0.0,372.33
18,2611.71,1734.59,877.12,450.32
48,1566.33,1074.38,491.95,586.36
19,1103.12,1103.12,0.0,484.44
37,3428.41,3017.11,411.3,594.73
53,5857.43,5049.64,807.79,2397.73
31,1254.39,710.31,544.08,150.08
43,929.26,929.26,0.0,306.8
56,869.18,869.18,0.0,361.31
48,1790.99,1222.9,568.09,248.98
19,2597.7,1945.61,652.09,887.27
48,4380.06,3312.61,1067.45,1230.62
18,1607.82,1234.59,373.23,263.38
18,2855.94,2075.13,780.81,1125.58
26,875.81,662.62,213.19,289.49
55,3539.24,3088.43,450.81,1185.18
18,1162.8,788.31,374.49,295.73
18,1878.68,1857.89,20.79,873.62
69,1112.93,919.87,193.06,409.37
42,1578.3,1347.66,230.64,762.95
24,3072.81,2376.63,696.18,728.44
31,1276.46,1276.46,0.0,255.16
20,217.03,217.03,0.0,39.55
26,1353.81,889.38,464.43,289.38
38,1404.06,909.74,494.32,467.4
29,2355.21,1560.58,794.63,500.22
52,6136.37,4724.53,1411.84,2349.19
46,542.0,542.0,0.0,203.4
37,2899.23,2614.57,284.66,1336.93
35,1836.52,1310.18,526.34,369.41
18,737.08,737.08,0.0,176.2
33,953.29,583.84,369.45,168.44
33,7090.89,4687.06,2403.83,1617.18
54,1112.12,1112.12,0.0,290.72
18,4640.37,4048.87,591.5,847.97
28,6301.09,5614.45,686.64,2470.14
36,2155.01,1513.78,641.23,474.29
32,1282.06,1250.85,31.21,327.51
56,1536.72,826.1,710.62,563.3
40,839.12,839.12,0.0,276.6
37,2270.57,942.33,1328.24,214.9
39,1441.24,995.11,446.13,480.77
18,5202.85,3763.86,1438.99,1592.68
33,1061.12,509.04,552.08,291.32
32,1825.54,1570.03,255.51,770.62
47,1121.43,819.22,302.21,127.7
18,878.23,878.23,0.0,510.2
45,2329.49,2101.78,227.71,664.68
36,2084.3,1253.29,831.01,610.87
18,1019.07,439.81,579.26,133.16
36,3378.46,2568.9,809.56,1358.14
42,1385.22,690.21,695.01,262.99
32,1787.93,1425.07,362.86,580.19
57,1807.93,601.8,1206.13,153.36
24,1178.4,701.64,476.76,291.1
18,955.55,768.58,186.97,470.5
46,3926.12,3632.33,293.79,1524.13
38,2725.07,1749.63,975.44,461.85
18,2083.69,1667.64,416.05,639.54
40,1174.9,718.77,456.13,354.05
57,1204.2,1204.2,0.0,459.72
18,3617.01,2135.97,1481.04,675.69
18,472.01,380.13,91.88,159.81
39,1045.45,1021.93,23.52,359.57
20,696.77,455.19,241.58,239.26
45,2167.05,1892.88,274.17,1013.14
26,485.98,200.0,285.98,127.84
31,1023.47,1001.98,21.49,448.74
18,1520.4,377.23,1143.17,225.54
21,4094.81,3233.57,861.24,1111.29
29,1479.81,973.64,506.17,156.94
36,1015.22,932.9,82.32,258.99
18,496.2,270.61,225.59,141.61
18,657.66,657.66,0.0,387.49
18,4523.48,2926.8,1596.68,1539.0
18,776.1,337.92,438.18,178.61
18,2346.56,1509.39,837.17,698.72
23,680.26,514.79,165.47,124.28
44,627.96,575.9,52.06,221.01
28,4034.76,2552.42,1482.34,790.37
18,4389.86,3681.78,708.08,1422.15
56,1912.87,1648.51,264.36,618.34
26,2194.21,1705.02,489.19,674.98
27,3203.69,3005.9,197.79,1493.96
51,2307.64,1408.8,898.84,601.33
21,554.91,217.02,337.89,146.6
46,6283.99,4073.33,2210.66,2096.04
18,2167.17,999.18,1167.99,344.48
43,877.57,704.93,172.64,316.48
31,1467.59,1307.61,159.98,467.1
24,3697.0,2533.18,1163.82,1017.99
20,4362.77,2805.3,1557.47,950.74
38,1520.85,1415.52,105.33,567.68
49,884.16,531.62,352.54,193.45
18,211.87,211.87,0.0,209.18
31,725.98,478.49,247.49,202.48
38,1166.18,406.62,759.56,243.96
41,1158.24,1089.86,68.38,318.51
39,1897.21,954.83,942.38,256.6
47,829.67,383.96,445.71,177.01
27,2015.26,2015.26,0.0,1023.01
46,1293.42,554.6,738.82,316.62
39,2091.02,1377.48,713.54,685.03
49,868.59,474.31,394.28,164.2
43,2524.88,2524.88,0.0,1472.36
18,960.95,960.95,0.0,441.6
30,2090.63,1542.72,547.91,582.58
33,1134.3,904.44,229.86,435.08
45,7292.85,5402.01,1890.84,1493.15
18,3400.51,3271.2,129.31,1430.35
37,687.6,338.66,348.94,259.02
23,601.37,596.34,5.03,108.98
24,597.1,200.0,397.1,67.79
32,1262.09,897.17,364.92,574.98
37,11783.91,9887.4,1896.51,4921.15
37,482.39,350.23,132.16,110.19
37,2186.15,1543.71,642.44,441.5
25,4994.06,3579.62,1414.44,1823.65
48,606.14,261.08,345.06,116.34
45,3196.67,2471.55,725.12,1314.82
18,1658.9,1515.78,143.12,837.68
18,2240.76,1752.1,488.66,754.01
32,777.6,770.3,7.3,322.41
36,686.68,686.68,0.0,274.2
27,2194.18,1204.98,989.2,269.13
22,7314.1,6399.84,914.26,2116.3
18,323.64,200.0,123.64,77.62
46,285.4,285.4,0.0,155.83
46,1542.44,1444.22,98.22,859.01
29,1209.53,922.77,286.76,143.95
51,2965.61,2960.42,5.19,1139.7
28,2148.87,1479.13,669.74,394.06
18,3292.39,2777.46,514.93,721.76
58,1254.58,773.62,480.96,371.99
53,1975.42,1067.05,908.37,434.17
18,2698.2,2440.31,257.89,1292.55
18,1545.92,775.54,770.38,110.08
27,1058.28,877.26,181.02,483.23
23,657.55,278.12,379.43,0.0
49,806.56,806.56,0.0,280.52
57,845.98,505.5,340.48,130.1
45,898.66,716.76,181.9,402.77
33,3888.93,2687.67,1201.26,622.22
44,1841.85,1726.55,115.3,734.99
32,589.53,589.53,0.0,138.14
33,5876.08,3737.78,2138.3,1182.55
46,1246.61,907.69,338.92,311.63
42,3722.2,3366.04,356.16,1532.98
50,1553.26,1342.48,210.78,544.15
27,764.27,728.31,35.96,321.51
53,969.4,552.11,417.29,193.39
29,2948.93,1869.67,1079.26,1048.52
51,1656.94,1582.72,74.22,426.82
26,973.19,586.09,387.1,225.8
40,1580.81,1426.09,154.72,862.82
39,1011.73,727.66,284.07,279.33
34,701.27,232.02,469.25,8.55
39,1018.56,889.13,129.43,290.01
32,1883.85,1236.12,647.73,373.68
43,763.45,308.79,454.66,91.28
23,5592.01,4982.73,609.28,1753.46
36,2272.34,1516.97,755.37,788.27
24,705.5,470.9,234.6,217.58
47,7688.44,7300.97,387.47,3214.89
18,3029.39,2495.76,533.63,917.38
45,754.9,473.69,281.21,159.87
26,384.31,384.31,0.0,146.16
32,1107.67,1107.67,0.0,637.13
40,436.46,436.46,0.0,108.77
52,720.75,352.89,367.86,180.93
29,1636.47,845.11,791.36,504.95
18,1838.98,909.56,929.42,407.15
54,1045.33,997.72,47.61,127.93
45,1631.64,1445.59,186.05,481.74
55,1125.28,394.2,731.08,261.91
18,9239.12,6655.46,2583.66,3957.5
63,6349.97,5177.87,1172.1,2628.44
26,851.94,816.65,35.29,238.1
18,1047.59,1045.53,2.06,487.51
18,2298.27,2298.27,0.0,1193.61
52,2903.41,1924.09,979.32,714.4
18,4424.99,3451.6,973.39,1948.67
23,5977.74,4161.15,1816.59,1503.56
18,2197.19,2197.19,0.0,559.14
27,1725.98,1658.69,67.29,778.47
48,674.9,662.15,12.75,98.33
43,1131.74,543.2,588.54,199.62
19,6397.14,3924.82,2472.32,1292.4
28,1568.25,1056.99,511.26,293.94
18,1819.35,946.39,872.96,252.99
52,4655.72,3304.61,1351.11,820.46
26,1078.62,562.1,516.52,259.93
35,4888.51,3502.73,1385.78,747.22
37,2133.06,1533.54,599.52,266.92
35,392.99,392.99,0.0,179.77
18,6099.96,4484.84,1615.12,2530.54
55,756.74,693.82,62.92,237.5
25,3904.56,3439.57,464.99,1315.66
34,650.46,650.46,0.0,358.86
37,4718.68,2812.26,1906.42,1462.82
29,3129.58,2963.22,166.36,1444.47
41,384.09,284.98,99.11,137.63
30,579.54,378.6,200.94,183.42
40,626.99,626.99,0.0,239.36
50,925.1,254.97,670.13,84.74
23,1433.02,1433.02,0.0,815.35
18,1635.21,1168.8,466.41,310.54
46,776.49,661.77,114.72,266.77
61,945.39,945.39,0.0,570.22
33,604.9,594.73,10.17,120.98
55,4952.64,3499.51,1453.13,1672.66
62,842.12,784.71,57.41,251.17
36,3097.23,2980.83,116.4,1492.49
53,865.2,370.23,494.97,116.34
55,2020.84,1680.59,340.25,537.41
18,3044.28,2189.02,855.26,929.2
39,7479.49,4697.14,2782.35,1211.75
36,6272.11,5092.25,1179.86,2976.77
49,1092.07,793.6,298.47,270.89
18,491.65,292.9,198.75,162.23
40,897.68,897.68,0.0,326.63
18,1640.76,1263.36,377.4,218.28
41,882.06,825.31,56.75,490.24
53,532.11,355.49,176.62,108.43
66,931.5,700.3,231.2,148.52
48,2045.65,1524.77,520.88,456.84
18,892.23,640.54,251.69,138.72
38,1114.19,828.54,285.65,211.31
46,492.73,389.79,102.94,89.38
18,2911.2,1214.59,1696.61,584.83
32,1636.52,1358.51,278.01,631.59
28,311.88,311.88,0.0,109.69
37,2079.28,1350.89,728.39,313.98
23,1348.86,774.03,574.83,376.04
43,1311.13,699.97,611.16,179.81
62,578.81,557.66,21.15,186.7
18,2764.65,1647.88,1116.77,645.2
56,2603.22,2473.04,130.18,782.55
67,1618.83,1618.83,0.0,1082.48
38,15009.34,10650.66,4358.68,3811.04
46,2055.01,1676.34,378.67,998.24
51,358.43,223.82,134.61,165.09
51,675.22,200.0,475.22,81.49
49,2294.17,2086.32,207.85,669.49
21,8022.74,5010.78,3011.96,2408.69
29,1185.15,434.98,750.17,163.34
47,1267.56,1093.51,174.05,532.01
25,1289.77,1241.63,48.14,387.55
19,2213.4,1925.47,287.93,516.04
18,2677.04,1364.72,1312.32,566.68
45,685.47,507.74,177.73,221.13
24,1790.73,1614.15,176.58,863.2
35,1496.97,1013.29,483.68,409.05
25,1631.49,950.54,680.95,459.71
35,604.24,371.13,233.11,91.76
23,5756.88,4612.64,1144.24,2207.65
59,1621.51,986.18,635.33,349.55
33,1593.48,1417.13,176.35,532.16
18,4592.41,4101.22,491.19,1493.6
44,1944.83,783.85,1160.98,342.49
25,842.47,767.29,75.18,300.15
46,819.53,642.78,176.75,392.12
42,2385.04,1958.17,426.87,454.28
28,1334.62,1069.05,265.57,358.97
48,540.28,540.28,0.0,246.56
32,1546.87,1012.66,534.21,513.36
18,1241.88,1094.06,147.82,408.32
32,3602.08,2885.57,716.51,922.64
42,1267.03,1084.88,182.15,642.03
55,2775.95,2000.26,775.69,581.62
36,245.56,200.0,45.56,78.74
22,6265.13,5122.09,1143.04,2748.75
75,1492.89,603.58,889.31,224.82
28,973.12,973.12,0.0,365.09
18,1197.23,684.08,513.15,136.29
39,598.88,357.51,241.37,129.98
22,1056.28,1056.28,0.0,479.45
26,626.82,330.37,296.45,53.52
55,1729.37,1234.5,494.87,595.14
34,2536.04,1991.46,544.58,657.79
26,3007.02,2186.36,820.66,852.41
45,2180.94,1435.64,745.3,332.84
26,1487.87,1024.16,463.71,235.42
38,576.24,200.0,376.24,80.77
20,696.19,200.0,496.19,111.03
43,1115.9,1115.9,0.0,545.52
40,3306.78,3262.81,43.97,991.77
27,526.25,310.08,216.17,102.88
45,1654.84,1061.45,593.39,500.61
37,2893.89,2714.67,179.22,1479.17
32,665.6,665.6,0.0,195.51
35,562.36,380.54,181.82,159.66
30,5280.49,3408.15,1872.34,1400.01
37,966.98,966.98,0.0,548.14
18,743.05,742.96,0.09,278.99
28,1161.9,373.33,788.57,116.17
29,2369.53,1841.62,527.91,872.62
30,1892.52,1195.83,696.69,750.05
40,3071.02,1896.49,1174.53,313.12
34,992.61,992.61,0.0,426.47
49,1842.26,1664.83,177.43,601.88
39,1758.19,1705.93,52.26,451.11
28,2357.99,1325.67,1032.32,378.58
26,1694.11,1331.85,362.26,774.87
27,1451.92,820.56,631.36,329.52
38,560.45,300.83,259.62,48.92
50,534.29,534.29,0.0,287.11
21,933.27,677.78,255.49,307.48
38,749.42,661.28,88.14,350.91
58,2465.71,2216.4,249.31,712.53
38,965.01,896.27,68.74,400.54
42,1214.5,881.47,333.03,417.3
18,587.13,587.13,0.0,243.29
74,1316.21,717.15,599.06,169.46
41,1957.22,1606.62,350.6,360.06
18,5586.87,4975.03,611.84,992.8
36,873.19,873.19,0.0,377.93
18,591.44,591.44,0.0,173.27
59,1744.15,1063.64,680.51,362.3
18,2839.78,2615.95,223.83,1220.89
27,2281.78,2065.23,216.55,763.47
48,1211.84,649.88,561.96,337.44
18,1182.9,774.85,408.05,241.06
18,1439.02,816.96,622.06,356.28
31,928.23,565.32,362.91,239.62
30,835.51,791.59,43.92,404.99
67,946.42,893.76,52.66,478.41
35,726.98,726.98,0.0,201.27
18,815.74,815.74,0.0,386.3
29,867.74,654.64,213.1,276.06
18,1732.51,1417.32,315.19,684.61
33,3699.3,2578.77,1120.53,1521.71
18,2463.29,2072.24,391.05,364.13
33,1149.7,766.09,383.61,279.11
39,1049.08,1049.08,0.0,299.91
18,526.35,526.35,0.0,280.8
26,4680.17,3155.86,1524.31,884.37
33,1857.51,1455.32,402.19,417.7
35,3724.82,2425.93,1298.89,779.63
27,3366.83,3366.83,0.0,1867.83
26,2660.14,1578.62,1081.52,569.44
55,1654.31,1654.31,0.0,836.6
39,1742.9,1742.9,0.0,909.33
45,2317.04,1819.84,497.2,791.5
39,853.54,853.54,0.0,155.52
62,1148.28,914.49,233.79,300.89
31,3179.26,3030.0,149.26,1519.71
36,3758.4,2415.03,1343.37,1154.04
27,995.85,695.89,299.96,219.82
46,3004.73,1928.35,1076.38,555.71
44,571.48,571.48,0.0,198.63
36,1183.46,1031.81,151.65,536.55
25,2875.36,2263.64,611.72,850.32
23,1078.06,934.19,143.87,149.27
18,1365.86,517.51,848.35,188.25
53,3069.57,1493.92,1575.65,672.6
25,656.1,561.36,94.74,172.85
27,948.36,948.36,0.0,534.62
27,1482.28,1419.41,62.87,810.83
36,352.09,220.2,131.89,15.58
53,1537.6,768.44,769.16,352.8
18,2697.59,2130.44,567.15,948.83
34,262.48,262.48,0.0,128.99
57,921.18,921.18,0.0,604.31
35,2286.8,704.66,1582.14,239.51
21,1455.47,993.97,461.5,285.26
28,3065.31,2445.27,620.04,503.59
40,1564.85,870.4,694.45,212.38
44,1466.18,1415.51,50.67,600.08
35,1577.56,678.61,898.95,397.57
50,2502.48,2080.37,422.11,790.9
18,2191.66,1395.06,796.6,696.17
33,2084.33,1662.68,421.65,580.77
43,908.29,327.13,581.16,18.4
18,1768.88,1548.24,220.64,571.45
41,3194.75,2518.24,676.51,1015.73
32,1562.73,1404.67,158.06,654.44
47,1370.36,984.85,385.51,154.95
47,407.94,407.94,0.0,297.29
18,149.79,149.79,0.0,81.25
30,463.67,200.0,263.67,50.87
24,1020.64,1020.64,0.0,334.52
18,4645.41,2619.11,2026.3,641.72
51,1804.53,1247.08,557.45,485.25
28,1715.18,875.85,839.33,237.22
18,1371.91,436.55,935.36,85.12
37,4209.18,2690.72,1518.46,696.89
36,1258.44,1079.34,179.1,400.04
22,2238.98,1656.49,582.49,894.37
37,3973.03,2804.34,1168.69,567.71
51,318.17,200.0,118.17,200.0
34,733.64,612.65,120.99,185.16
42,1742.37,1742.37,0.0,577.49
37,18227.95,11486.76,6741.19,6531.85
43,1914.95,1238.81,676.14,533.22
27,1048.83,769.74,279.09,379.89
18,1505.83,804.98,700.85,253.35
53,6390.89,4280.91,2109.98,2420.06
18,1891.36,1468.96,422.4,383.62
18,988.88,794.81,194.07,512.39
35,3520.89,2495.86,1025.03,943.16
46,1246.71,1045.08,201.63,525.0
18,3334.6,1801.37,1533.23,778.29
19,1234.77,1234.77,0.0,523.84
18,3125.96,2760.11,365.85,1666.89
55,2759.27,2160.95,598.32,547.13
36,1509.96,1115.3,394.66,216.98
59,579.47,579.47,0.0,174.05
40,3248.16,2664.96,583.2,1041.31
47,1930.99,1562.93,368.06,343.23
45,1009.97,592.78,417.19,412.87
54,3740.52,2576.08,1164.44,642.53
39,4094.09,2794.31,1299.78,604.89
38,1325.38,1325.38,0.0,283.57
40,717.89,717.89,0.0,453.78
33,3460.88,2781.12,679.76,744.0
46,1616.19,1007.83,608.36,685.61
44,3154.31,2364.99,789.32,1369.49
65,332.74,303.79,28.95,84.35
53,5126.13,3179.11,1947.02,1043.55
26,1420.16,844.85,575.31,440.13
26,2358.29,2085.7,272.59,423.9
36,162.77,162.77,0.0,71.36
44,1085.94,760.78,325.16,312.53
34,824.38,447.4,376.98,348.23
19,718.23,718.23,0.0,393.46
72,1590.47,1146.4,444.07,603.57
18,1025.45,1025.45,0.0,469.94
18,790.29,719.85,70.44,285.29
47,778.39,416.92,361.47,151.66
58,1107.86,477.82,630.04,84.91
34,5185.73,3681.52,1504.21,2043.89
18,4245.14,3613.87,631.27,953.08
23,1452.76,1443.86,8.9,455.27
39,448.95,448.95,0.0,158.11
42,1180.11,1180.11,0.0,647.04
36,3096.72,1994.95,1101.77,599.34
23,1630.84,1446.7,184.14,492.52
18,3585.31,2957.95,627.36,1248.69
18,3006.5,2750.49,256.01,1084.63
18,2502.66,2311.92,190.74,1028.89
46,1865.26,608.39,1256.87,121.36
62,1677.74,1360.44,317.3,657.63
36,3721.49,2948.27,773.22,828.37
38,1315.81,1315.81,0.0,261.11
45,1917.21,1165.86,751.35,385.87
41,3399.55,2648.59,750.96,640.18
55,3841.87,2574.13,1267.74,1061.52
25,1202.71,969.43,233.28,457.76
36,928.64,928.64,0.0,229.12
44,640.42,585.78,54.64,142.56
40,7851.89,5224.32,2627.57,1297.13
25,1284.88,1284.88,0.0,799.82
25,1588.73,1110.26,478.47,575.47
23,6563.38,5083.87,1479.51,2823.54
65,941.12,941.12,0.0,602.81
25,1018.51,836.4,182.11,206.4
18,1506.96,997.63,509.33,176.03
29,136.31,136.31,0.0,133.23
18,1943.91,1228.23,715.68,377.34
36,1042.15,1028.32,13.83,566.73
29,4786.53,3951.27,835.26,2397.93
50,327.14,327.14,0.0,112.22
58,1479.37,913.71,565.66,150.05
46,1896.84,1739.18,157.66,485.18
34,887.17,824.41,62.76,181.96
26,1477.3,616.59,860.71,225.96
36,565.37,565.37,0.0,296.58
37,1438.51,1277.59,160.92,606.11
28,2387.01,1668.98,718.03,787.98
42,2264.37,1664.28,600.09,562.57
26,5297.64,3438.87,1858.77,766.5
34,941.82,941.82,0.0,353.99
42,4810.73,3818.71,992.02,1132.35
23,1809.18,1286.72,522.46,690.57
48,1122.49,726.05,396.44,355.4
34,1806.33,1416.63,389.7,518.5
43,674.34,674.34,0.0,160.86
19,3081.41,2129.23,952.18,484.21
41,748.52,217.93,530.59,114.32
32,834.91,750.42,84.49,259.16
39,6853.72,5112.1,1741.62,2209.76
18,526.86,526.86,0.0,170.22
34,958.39,265.55,692.84,37.63
18,1494.92,1494.92,0.0,522.11
26,2511.77,2131.49,380.28,945.12
69,1564.6,1471.63,92.97,830.37
18,1482.51,1482.51,0.0,644.2
31,718.01,209.69,508.32,0.0
55,1066.8,429.05,637.75,246.11
25,1482.42,1221.93,260.49,270.84
41,1276.32,879.95,396.37,331.63
61,235.07,200.0,35.07,80.24
42,1857.69,1250.66,607.03,465.54
36,3391.82,2668.97,722.85,933.47
25,4388.52,4304.95,83.57,1516.79
43,709.25,352.05,357.2,128.11
55,5653.4,3927.97,1725.43,1692.82
60,889.74,547.67,342.07,184.94
57,369.01,369.01,0.0,96.4
40,4377.06,4186.98,190.08,1940.54
29,1678.97,1549.01,129.96,555.79
41,2209.26,1592.04,617.22,545.84
41,3004.92,2508.13,496.79,1284.6
34,1843.26,1645.11,198.15,437.63
29,510.94,478.53,32.41,0.0
20,3043.0,2932.49,110.51,1024.9
30,631.81,200.0,431.81,146.48
43,369.67,369.67,0.0,196.38
42,1046.83,695.27,351.56,237.35
18,4360.31,2627.1,1733.21,896.23
44,1685.32,1122.57,562.75,437.85
37,456.79,456.79,0.0,175.48
52,2347.69,2032.02,315.67,1049.67
38,333.41,333.41,0.0,262.98
48,2847.47,1862.55,984.92,1026.53
31,5242.04,3970.64,1271.4,1217.55
36,754.26,754.26,0.0,428.86
32,4789.83,4126.46,663.37,1792.02
47,2450.28,2378.51,71.77,1233.65
35,1037.63,947.96,89.67,428.39
22,926.02,422.01,504.01,108.79
49,1042.22,711.62,330.6,84.14
37,549.21,389.54,159.67,176.47
40,1183.98,486.87,697.11,233.06
42,1163.33,878.56,284.77,289.68
43,3162.3,2250.64,911.66,912.99
47,1593.23,1110.68,482.55,366.96
27,2764.44,1894.92,869.52,521.78
41,1913.78,1499.28,414.5,265.81
64,335.19,200.0,135.19,54.19
45,1450.35,1450.35,0.0,431.79
41,1748.9,1121.69,627.21,591.6
36,1628.13,1127.68,500.45,655.4
30,451.49,200.0,251.49,75.32
18,1905.76,1416.77,488.99,756.21
52,2384.99,1610.84,774.15,351.62
75,3925.7,2697.35,1228.35,1345.14
31,3071.76,2494.12,577.64,876.26
52,2675.96,2384.87,291.09,940.84
44,803.16,584.7,218.46,102.9
38,1481.03,1167.68,313.35,683.01
30,714.84,714.84,0.0,242.56
24,1041.74,535.32,506.42,117.55
18,1648.91,1006.36,642.55,327.45
41,3796.89,2398.03,1398.86,836.47
40,283.62,200.0,83.62,146.02
60,621.59,200.0,421.59,12.09
18,7960.18,5874.03,2086.15,1663.52
29,1655.07,832.66,822.41,502.02
24,3477.54,3071.57,405.97,1261.15
18,712.62,712.62,0.0,280.05
33,1907.99,1609.76,298.23,512.33
18,3550.41,3550.41,0.0,1278.36
42,2436.51,1455.8,980.71,504.64
28,3455.59,3233.9,221.69,1049.34
45,1200.21,721.75,478.46,256.66
47,2025.71,942.57,1083.14,310.68
26,1127.4,1127.4,0.0,383.12
18,588.52,267.25,321.27,83.63
32,1698.91,1403.48,295.43,420.79
37,2008.52,1028.36,980.16,302.01
18,5761.56,4011.68,1749.88,1712.51
39,7582.59,6756.05,826.54,3738.68
32,743.51,328.73,414.78,105.58
20,1587.77,1122.61,465.16,459.55
41,3394.38,2800.66,593.72,1633.49
61,1135.96,712.35,423.61,360.17
31,3393.63,2246.01,1147.62,714.39
50,4863.09,3440.69,1422.4,1038.02
39,1649.85,1010.84,639.01,483.19
29,5813.72,3971.05,1842.67,1784.73
56,2365.24,1453.88,911.36,279.97
43,455.53,398.15,57.38,219.74
46,748.59,273.61,474.98,100.19
18,720.79,401.06,319.73,167.03
21,3254.31,2738.42,515.89,1148.35
39,7609.76,6264.37,1345.39,1819.21
30,4387.26,3706.86,680.4,1910.2
33,925.49,462.0,463.49,253.84
19,737.29,562.46,174.83,263.41
61,1841.89,1528.23,313.66,584.62
28,1567.75,1240.53,327.22,399.43
61,1219.54,957.85,261.69,402.85
40,635.76,200.0,435.76,145.19
22,861.19,610.68,250.51,213.62
56,319.08,319.08,0.0,137.29
59,1491.83,1491.83,0.0,443.94
43,6230.02,5684.83,545.19,1958.1
18,490.5,232.19,258.31,98.17
44,4140.71,2411.05,1729.66,494.36
29,855.96,631.01,224.95,340.15
18,163.7,163.7,0.0,108.53
18,1398.48,1028.69,369.79,390.53
48,7089.67,5288.36,1801.31,2763.07
35,904.18,643.91,260.27,333.47
18,1805.16,1348.28,456.88,577.05
34,909.93,747.97,161.96,316.52
18,741.65,200.0,541.65,0.0
45,6144.62,4690.64,1453.98,1014.94
30,2443.99,1842.95,601.04,415.01
29,230.91,230.91,0.0,112.68
29,576.62,252.73,323.89,112.4
22,921.43,921.43,0.0,299.95
29,2698.14,2442.52,255.62,613.26
42,2511.61,1959.8,551.81,852.09
18,1381.05,984.8,396.25,491.43
25,639.23,569.16,70.07,85.84
40,513.09,254.59,258.5,176.67
56,427.39,343.51,83.88,0.0
19,388.92,352.43,36.49,44.59
29,3645.19,2455.36,1189.83,528.4
46,2275.4,1489.15,786.25,861.57
43,820.09,378.25,441.84,117.95
42,2011.97,1520.66,491.31,857.03
49,1982.79,1093.96,888.83,244.43
18,9496.98,7595.49,1901.49,2073.28
21,6482.5,5036.7,1445.8,2821.04
34,4111.39,3421.02,690.37,1230.7
18,506.81,200.0,306.81,93.36
46,594.66,317.9,276.76,208.35
18,999.04,510.41,488.63,336.7
58,1098.85,810.32,288.53,221.51
49,1516.7,1451.99,64.71,732.34
32,2917.04,2480.78,436.26,901.01
60,1802.56,923.31,879.25,194.02
18,456.38,200.0,256.38,70.31
50,1283.82,1010.76,273.06,304.12
44,1403.7,1342.32,61.38,298.09
37,606.51,595.15,11.36,186.47
39,1893.55,1478.74,414.81,476.43
33,722.73,562.5,160.23,316.95
52,1800.36,1744.91,55.45,617.97
24,6285.39,5590.7,694.69,2274.05
45,712.68,224.51,488.17,38.61
46,1198.8,1164.33,34.47,447.87
18,506.36,200.0,306.36,132.0
42,1538.5,1020.05,518.45,328.51
40,1501.37,672.08,829.29,311.88
47,5382.3,3565.54,1816.76,1996.49
21,799.79,761.04,38.75,269.24
53,602.09,602.09,0.0,232.61
32,2105.28,1949.46,155.82,1160.62
48,76.54,76.54,0.0,40.24
18,3379.48,2196.5,1182.98,1099.07
38,1591.62,1541.21,50.41,465.91
53,1005.29,908.89,96.4,409.64
27,1088.98,989.28,99.7,300.17
50,1816.65,1558.97,257.68,588.55
57,3724.27,3431.29,292.98,1865.45
21,1180.5,572.86,607.64,160.36
53,1405.99,801.48,604.51,332.67
27,1847.25,973.02,874.23,420.33
48,2119.46,1913.76,205.7,891.03
32,1354.53,1069.22,285.31,289.65
67,560.39,242.86,317.53,113.07
21,15609.52,9368.18,6241.34,3030.18
62,2670.63,2047.4,623.23,1261.08
50,6278.32,5881.38,396.94,1315.25
32,1272.24,979.3,292.94,365.79
38,1430.16,923.57,506.59,227.08
68,7715.09,4538.26,3176.83,1789.14
52,1361.75,1165.08,196.67,270.22
18,479.29,479.29,0.0,172.58
53,613.69,265.9,347.79,195.11
30,3043.45,2075.27,968.18,521.54
21,1508.72,1446.76,61.96,665.34
48,2890.44,1641.38,1249.06,828.66
40,1920.0,1551.84,368.16,417.03
31,4415.07,2739.0,1676.07,816.68
24,702.27,291.81,410.46,80.37
44,1064.01,599.79,464.22,349.13
40,1632.2,980.83,651.37,450.43
38,1524.71,1066.59,458.12,393.17
27,642.65,642.65,0.0,378.55
30,1091.11,618.53,472.58,253.82
41,4093.47,2561.49,1531.98,1053.93
26,794.6,794.6,0.0,458.23
54,5482.85,3854.41,1628.44,868.48
18,1332.01,1220.28,111.73,742.47
47,1961.19,1714.09,247.1,838.17
33,828.49,797.72,30.77,508.16
46,4491.36,3236.72,1254.64,1278.94
35,2822.57,1934.35,888.22,733.41
46,4770.15,3914.07,856.08,1343.36
39,1145.44,1048.14,97.3,729.07
18,1622.97,1622.97,0.0,450.12
26,1679.67,673.63,1006.04,326.23
26,1485.17,496.18,988.99,264.46
23,2021.9,1103.96,917.94,378.53
34,735.32,695.18,40.14,381.03
18,367.64,200.0,167.64,114.67
29,1066.93,757.64,309.29,307.13
63,6253.98,4609.88,1644.1,1401.12
46,4358.66,3105.25,1253.41,1265.56
50,2304.38,1815.23,489.15,800.9
53,888.01,305.61,582.4,148.9
42,1177.7,1067.83,109.87,357.38
69,2543.46,1981.96,561.5,605.51
18,1822.67,1378.64,444.03,789.52
18,5597.54,4958.7,638.84,2085.32
23,395.99,362.98,33.01,24.49
42,649.75,649.75,0.0,256.55
22,806.54,806.54,0.0,321.32
42,2478.08,1727.1,750.98,562.06
31,6685.19,5131.01,1554.18,2245.05
27,1415.5,1091.24,324.26,611.73
67,374.32,200.0,174.32,0.0
24,1109.52,997.86,111.66,363.44
20,5881.06,4439.2,1441.86,1846.66
18,1318.8,1181.33,137.47,278.51
28,1473.45,1201.38,272.07,382.38
53,3839.72,3496.46,343.26,960.18
30,451.74,220.19,231.55,17.74
40,2335.87,1468.36,867.51,899.85
38,752.97,303.37,449.6,66.9
50,554.1,337.98,216.12,123.24
36,622.3,622.3,0.0,319.44
41,3712.56,2412.11,1300.45,825.19
21,979.28,979.28,0.0,411.65
43,3347.89,3119.99,227.9,1043.67
45,329.1,200.0,129.1,8.61
35,3814.05,3647.41,166.64,1219.34
57,523.47,523.47,0.0,39.48
53,259.03,259.03,0.0,0.0
37,4032.22,2441.21,1591.01,1106.42
18,519.99,200.0,319.99,105.01
18,770.99,689.03,81.96,152.14
49,1532.93,1203.66,329.27,563.04
18,493.44,200.0,293.44,120.63
32,936.73,858.86,77.87,251.21
46,2927.85,2266.99,660.86,511.99
49,5626.39,4341.47,1284.92,1506.16
50,1626.58,1626.58,0.0,730.11
18,746.85,200.0,546.85,19.74
26,1747.9,1364.62,383.28,787.66
28,2416.3,2220.03,196.27,1000.75
51,2632.14,2056.3,575.84,539.53
29,1714.6,1137.3,577.3,642.08
18,7463.62,5559.74,1903.88,2387.62
39,1841.05,1245.64,595.41,630.53
48,1715.77,1112.28,603.49,556.94
45,396.64,396.64,0.0,152.73
37,16049.94,10087.82,5962.12,5224.79
66,4362.08,3108.91,1253.17,1264.72
51,3252.86,2287.24,965.62,887.97
24,588.34,551.4,36.94,192.96
65,4575.72,4186.53,389.19,1553.46
47,5575.29,4522.47,1052.82,1679.77
49,2302.53,2261.25,41.28,1220.65
44,4338.04,4112.07,225.97,1356.58
24,1347.72,1155.34,192.38,676.28
43,1017.22,200.0,817.22,133.08
33,4884.54,4321.32,563.22,1851.86
22,921.71,200.0,721.71,29.9
30,5183.35,3718.95,1464.4,1113.41
18,494.82,200.0,294.82,78.67
30,1659.2,1153.4,505.8,298.8
26,1065.78,731.65,334.13,393.08
51,9640.04,6259.56,3380.48,1622.18
18,3102.94,2844.15,258.79,903.32
34,919.17,759.59,159.58,132.2
29,1579.21,1281.8,297.41,691.05
18,1133.98,834.74,299.24,438.69
58,1059.82,1059.82,0.0,368.63
55,676.81,200.0,476.81,89.11
26,1372.9,943.57,429.33,223.4
45,925.62,925.62,0.0,603.48
19,810.27,810.27,0.0,288.36
37,2299.69,1713.21,586.48,914.53
26,551.29,442.41,108.88,51.39
18,1018.8,976.39,42.41,475.14
21,5124.49,3167.23,1957.26,1487.33
61,697.87,394.92,302.95,139.75
43,229.29,200.0,29.29,132.02
18,719.7,719.7,0.0,271.69
33,1756.94,1207.07,549.87,472.83
21,2677.53,1980.78,696.75,969.17
27,1427.66,969.32,458.34,561.68
38,2510.49,2510.49,0.0,1131.22
20,1053.89,757.34,296.55,415.1
18,480.97,200.0,280.97,131.09
20,4428.85,3986.21,442.64,2084.34
38,1274.81,929.22,345.59,239.86
18,2059.24,1553.98,505.26,429.38
18,2193.96,1851.62,342.34,1137.86
34,824.26,698.46,125.8,386.02
51,1412.56,778.16,634.4,158.19
52,3903.24,2417.21,1486.03,1275.3
22,2681.46,2578.82,102.64,1011.16
68,3343.26,2171.94,1171.32,956.7
35,3044.63,3044.63,0.0,685.5
54,2049.43,2036.6,12.83,949.36
48,4377.02,3245.84,1131.18,1024.59
18,196.25,196.25,0.0,0.0
60,548.7,459.29,89.41,215.38
35,1766.4,802.72,963.68,284.41
21,3105.74,2192.16,913.58,649.92
23,914.25,853.79,60.46,447.15
31,4314.89,2807.18,1507.71,624.57
40,561.5,275.41,286.09,141.18
57,619.22,373.23,245.99,131.01
25,8290.51,5837.44,2453.07,2493.12
39,1010.44,797.34,213.1,429.26
39,3078.57,2739.42,339.15,1422.85
38,779.08,509.43,269.65,118.35
41,8514.85,6622.93,1891.92,1595.91
56,2515.67,1875.69,639.98,442.38
37,407.32,200.0,207.32,95.69
33,699.86,699.86,0.0,128.87
18,3761.25,2097.12,1664.13,630.09
18,1864.9,1045.72,819.18,566.6
45,2888.42,735.58,2152.84,435.04
39,1180.96,1094.46,86.5,523.12
38,466.41,449.38,17.03,275.78
18,3963.8,2522.62,1441.18,1302.68
18,3615.83,2824.13,791.7,1590.26
52,1420.42,1031.35,389.07,500.87
26,1010.51,1010.51,0.0,367.2
63,3869.2,2548.66,1320.54,1379.67
45,1203.69,1157.28,46.41,557.24
27,1457.59,1131.86,325.73,229.53
41,550.83,550.83,0.0,379.83
48,951.44,894.53,56.91,219.33
18,1816.58,1498.0,318.58,784.8
18,3787.61,2285.59,1502.02,595.6
37,3016.86,2304.3,712.56,1042.43
27,1519.33,1286.51,232.82,425.11
30,900.65,898.5,2.15,59.97
18,1085.08,980.86,104.22,259.0
24,2169.15,1501.74,667.41,651.25
23,790.21,332.28,457.93,156.24
33,3740.93,2981.95,758.98,666.7
31,1035.23,200.0,835.23,161.65
38,1405.22,1405.22,0.0,632.44
36,549.18,200.0,349.18,200.0
41,1149.9,1149.9,0.0,356.07
44,5697.82,3668.03,2029.79,1074.03
66,2670.42,2007.13,663.29,838.82
18,2669.62,1799.73,869.89,952.34
46,4977.24,3991.57,985.67,2268.15
18,4248.61,2983.02,1265.59,632.74
52,1768.99,1398.18,370.81,716.57
41,1589.31,876.33,712.98,281.99
34,541.76,404.59,137.17,130.2
18,1715.88,770.71,945.17,289.94
20,1293.87,541.88,751.99,116.98
19,327.31,327.31,0.0,256.34
32,852.19,246.42,605.77,155.46
33,524.91,200.0,324.91,112.64
42,2692.21,1859.94,832.27,788.73
18,1800.79,1059.86,740.93,334.07
37,1980.85,1134.22,846.63,317.92
42,1792.84,1084.76,708.08,213.19
36,1746.44,1221.55,524.89,578.8
47,707.92,200.0,507.92,30.18
23,2320.25,1614.94,705.31,415.86
75,8349.99,5838.27,2511.72,1461.93
44,1700.73,967.54,733.19,491.95
60,3775.38,2467.97,1307.41,1408.81
54,1124.35,1122.52,1.83,618.14
45,5820.43,3924.11,1896.32,1543.36
46,1741.62,1338.29,403.33,579.71
42,1057.88,588.24,469.64,203.81
47,4304.62,3633.41,671.21,1423.84
27,2241.46,1651.46,590.0,678.45
25,767.1,200.0,567.1,37.41
39,1546.16,1546.16,0.0,469.02
18,2008.77,1652.34,356.43,519.89
33,933.63,711.33,222.3,153.22
46,1947.98,974.08,973.9,612.21
57,1592.82,775.13,817.69,288.47
39,408.49,200.0,208.49,77.28
18,1755.49,1460.24,295.25,738.51
52,1585.28,1415.2,170.08,861.15
58,2784.28,2520.0,264.28,1200.92
21,342.86,200.0,142.86,63.34
38,1232.0,1125.21,106.79,505.85
31,2011.8,2011.8,0.0,988.14
25,3042.77,1798.32,1244.45,782.69
41,3583.21,3235.05,348.16,1264.74
29,1142.27,747.66,394.61,299.71
26,3183.36,2025.99,1157.37,542.54
18,1536.37,689.36,847.01,219.06
26,1708.45,1206.51,501.94,603.99
36,1250.65,602.73,647.92,85.47
24,459.27,295.09,164.18,131.9
28,2311.48,1116.46,1195.02,493.27
25,1587.08,1238.69,348.39,537.79
26,809.95,517.4,292.55,80.27
62,2489.58,1754.68,734.9,1043.88
34,1189.52,1189.52,0.0,448.76
75,649.21,649.21,0.0,230.8
46,8857.58,7166.79,1690.79,4179.6
53,427.63,427.63,0.0,134.92
18,3998.18,3413.72,584.46,1313.29
19,1068.39,1068.39,0.0,194.67
33,666.24,200.0,466.24,62.29
37,1470.76,1180.74,290.02,489.87
18,1075.4,209.21,866.19,45.78
19,1821.9,1444.21,377.69,767.08
46,3538.18,2294.91,1243.27,869.21
18,720.63,720.63,0.0,298.75
24,861.25,861.25,0.0,201.7
57,1067.12,790.5,276.62,403.07
18,1343.29,670.77,672.52,108.01
44,1824.84,1187.41,637.43,565.57
34,601.28,601.28,0.0,158.7
62,2780.91,1371.6,1409.31,803.44
53,2750.37,1949.52,800.85,989.42
50,2092.89,1087.67,1005.22,339.26
46,2709.73,819.59,1890.14,375.61
37,3944.12,3595.34,348.78,986.76
33,8485.68,7820.93,664.75,3560.6
51,1169.51,515.73,653.78,120.26
31,461.29,461.29,0.0,119.69
39,2300.91,2016.16,284.75,689.91
42,1132.69,576.49,556.2,176.79
18,419.63,419.63,0.0,191.98
34,2677.6,2677.6,0.0,1357.22
38,1836.11,1095.22,740.89,668.86
52,13375.78,9365.15,4010.63,2650.9
18,400.75,400.75,0.0,65.25
24,3662.14,2615.36,1046.78,1257.8
18,2889.85,2648.87,240.98,1353.86
34,1098.26,572.47,525.79,300.29
45,1755.37,1471.49,283.88,812.7
34,974.99,974.99,0.0,299.96
36,1066.66,1066.66,0.0,589.86
26,773.76,270.23,503.53,101.31
56,2922.06,2456.28,465.78,1136.33
43,2720.17,2186.19,533.98,1162.25
26,144.77,144.77,0.0,33.07
46,3115.84,2170.09,945.75,705.2
42,1668.83,1414.65,254.18,549.35
18,3078.4,2584.25,494.15,1501.77
23,3303.02,2199.74,1103.28,647.57
20,2037.21,1497.66,539.55,327.53
19,1174.54,1118.0,56.54,550.84
37,1101.68,603.23,498.45,339.92
40,1723.16,956.32,766.84,255.77
18,2467.29,737.76,1729.53,119.84
48,503.06,311.26,191.8,105.37
47,610.16,467.57,142.59,203.35
53,2001.28,1421.94,579.34,405.49
18,1891.26,1891.26,0.0,808.28
44,1426.29,1219.78,206.51,671.26
20,1287.7,355.89,931.81,178.3
18,837.43,572.89,264.54,224.83
53,792.23,792.23,0.0,206.3
30,341.23,296.88,44.35,54.84
25,1621.89,1621.89,0.0,676.9
69,513.86,513.86,0.0,184.4
43,1898.23,1898.23,0.0,862.8
41,2640.43,2013.54,626.89,1119.47
37,1400.89,1400.89,0.0,320.01
65,3069.74,2751.65,318.09,682.07
34,3176.35,2154.35,1022.0,652.16
39,3032.78,1845.85,1186.93,388.75
57,1082.37,217.8,864.57,79.33
38,833.37,505.97,327.4,342.56
55,3574.66,2708.46,866.2,727.99
32,4376.24,2503.4,1872.84,901.64
21,641.27,470.8,170.47,173.73
35,1467.36,1003.84,463.52,521.24
47,1705.15,743.75,961.4,145.56
29,8163.53,6841.32,1322.21,3455.38
19,1492.91,1276.45,216.46,302.47
53,2365.59,1661.27,704.32,564.24
20,2617.18,2105.41,511.77,955.36
45,684.9,684.9,0.0,242.31
19,2145.85,1443.56,702.29,699.37
43,3167.36,2783.89,383.47,1178.85
43,1560.36,716.39,843.97,139.96
38,1812.9,1812.9,0.0,1123.99
50,1159.31,785.36,373.95,83.68
43,4795.52,3539.22,1256.3,1320.78
26,1411.39,860.55,550.84,407.81
36,2250.54,2034.3,216.24,940.92
18,2349.31,1402.41,946.9,718.0
18,1373.11,806.42,566.69,434.18
62,2111.65,1754.71,356.94,905.72
24,1570.14,662.01,908.13,382.61
43,1023.18,993.91,29.27,409.9
39,1555.46,1048.93,506.53,306.34
40,807.99,720.1,87.89,325.69
21,1389.55,1389.55,0.0,575.72
30,1621.46,663.3,958.16,362.85
25,724.5,588.75,135.75,192.55
45,2541.74,1692.5,849.24,493.24
18,1304.89,436.91,867.98,147.4
18,244.6,200.0,44.6,121.93
49,596.76,200.0,396.76,37.94
18,310.43,310.43,0.0,130.28
49,5439.75,3874.22,1565.53,1860.91
36,1744.28,1744.28,0.0,898.54
18,5098.55,4762.58,335.97,1983.08
31,2478.57,1605.74,872.83,766.3
18,1514.02,694.91,819.11,286.76
37,1503.89,1131.28,372.61,219.93
37,955.36,706.23,249.13,294.7
36,6550.48,4559.55,1990.93,2206.01
18,2657.18,1969.77,687.41,824.63
32,1825.89,1304.21,521.68,401.44
22,971.2,891.56,79.64,327.88
38,1226.25,846.11,380.14,298.41
45,2982.98,2015.9,967.08,575.57
18,2322.99,1273.61,1049.38,571.86
38,1635.6,1313.02,322.58,485.37
53,2857.74,2425.6,432.14,1062.14
42,2270.11,1647.28,622.83,443.02
65,824.94,574.31,250.63,176.39
35,782.15,782.15,0.0,304.55
24,1661.12,938.97,722.15,518.0
18,925.59,879.85,45.74,565.99
23,1587.85,905.82,682.03,198.82
31,1261.54,947.11,314.43,313.24
53,4988.14,3689.5,1298.64,1206.83
53,547.06,511.86,35.2,201.89
38,1315.08,1315.08,0.0,765.77
60,1073.03,1073.03,0.0,259.73
46,899.75,580.35,319.4,168.13
44,3222.57,2726.61,495.96,1638.39
18,1607.95,976.47,631.48,164.29
42,334.06,334.06,0.0,183.02
18,1145.04,1095.32,49.72,636.04
18,627.16,200.0,427.16,69.45
26,2838.8,1206.0,1632.8,378.91
45,985.72,985.72,0.0,328.07
30,513.12,513.12,0.0,106.87
42,3285.78,2314.75,971.03,522.44
27,3274.46,2741.81,532.65,660.24
21,1243.42,975.3,268.12,207.68
49,932.63,475.92,456.71,38.28
52,2278.05,1617.24,660.81,482.11
60,497.99,497.99,0.0,145.93
48,2786.23,2631.66,154.57,1152.66
30,1081.92,200.0,881.92,11.48
37,1140.98,499.29,641.69,255.16
18,1047.06,400.01,647.05,200.73
23,845.94,200.0,645.94,133.87
35,1717.82,1416.43,301.39,472.62
18,3683.6,2236.92,1446.68,1114.39
45,824.83,824.83,0.0,258.92
43,950.65,658.16,292.49,376.3
32,1618.03,1171.17,446.86,333.23
40,4492.74,2835.23,1657.51,634.41
21,1595.15,1074.04,521.11,248.98
47,980.43,782.33,198.1,267.56
21,2756.68,1243.04,1513.64,378.07
18,18209.29,10887.93,7321.36,2241.06
23,306.07,306.07,0.0,100.52
30,2036.43,1320.28,716.15,588.61
22,631.21,423.34,207.87,183.96
32,2949.65,2091.71,857.94,485.46
55,627.97,369.79,258.18,138.1
32,2179.92,1468.36,711.56,776.22
61,2576.11,2232.1,344.01,938.28
18,8854.42,7474.78,1379.64,2948.63
57,2043.97,1775.86,268.11,551.38
32,441.73,421.4,20.33,253.74
39,1516.25,1198.51,317.74,454.02
41,2379.45,1990.35,389.1,543.96
33,1033.88,908.49,125.39,307.82
27,503.76,226.95,276.81,93.18
42,991.14,562.01,429.13,313.72
18,3021.42,2309.79,711.63,1088.27
36,2670.9,1681.37,989.53,885.05
39,1840.07,1471.27,368.8,686.15
18,1132.41,549.69,582.72,150.85
23,8981.45,7659.33,1322.12,4351.46
32,1047.53,697.08,350.45,64.68
18,1395.43,200.0,1195.43,157.19
60,5527.16,3683.03,1844.13,1313.67
33,2738.31,2336.04,402.27,882.07
29,1270.02,998.24,271.78,417.81
32,1288.64,851.0,437.64,479.86
37,989.06,926.74,62.32,511.51
38,469.09,469.09,0.0,158.66
41,587.95,200.0,387.95,155.26
18,703.97,399.34,304.63,223.71
36,3100.3,1843.47,1256.83,812.78
36,928.11,758.09,170.02,233.98
32,1354.54,818.69,535.85,354.72
48,719.12,311.43,407.69,186.55
18,1310.5,1174.27,136.23,277.65
41,948.1,452.23,495.87,116.04
32,5077.34,4018.75,1058.59,2395.94
18,1071.9,628.94,442.96,391.22
47,1622.89,1442.72,180.17,631.87
43,3366.69,2722.99,643.7,932.87
18,1586.08,953.06,633.02,203.86
53,4712.67,3383.23,1329.44,1379.75
42,10839.19,7015.05,3824.14,2669.27
33,643.0,643.0,0.0,296.12
28,979.27,979.27,0.0,281.07
58,6131.21,5082.41,1048.8,1057.03
57,2477.68,2298.02,179.66,1161.11
48,4490.8,3556.26,934.54,877.08
24,1766.48,1223.03,543.45,621.09
31,820.02,397.65,422.37,36.03
25,1135.27,794.03,341.24,189.69
32,866.1,582.44,283.66,176.5
18,1396.63,287.65,1108.98,122.15
27,1215.62,644.6,571.02,227.12
18,514.6,514.6,0.0,186.2
31,1590.87,959.4,631.47,279.53
38,799.98,289.28,510.7,230.69
23,866.91,575.2,291.71,134.14
35,2217.28,1584.84,632.44,375.93
29,5061.07,4041.68,1019.39,1485.83
35,789.2,461.6,327.6,155.87
36,1001.09,884.81,116.28,236.86
18,1131.79,806.01,325.78,196.93
34,1376.17,1376.17,0.0,898.93
36,1015.48,1015.48,0.0,374.19
37,740.98,243.77,497.21,159.43
30,163.49,163.49,0.0,62.46
18,446.83,200.0,246.83,44.24
48,1801.57,1363.24,438.33,754.19
32,453.92,453.92,0.0,177.88
42,2336.23,1698.29,637.94,805.43
59,934.2,228.5,705.7,84.75
30,804.03,590.9,213.13,355.87
31,1402.64,378.7,1023.94,58.11
25,1348.75,882.07,466.68,114.8
39,482.83,228.3,254.53,83.07
44,3622.71,3434.02,188.69,1608.62
25,1231.71,676.98,554.73,237.77
54,666.82,200.0,466.82,112.13
52,6332.7,4773.1,1559.6,2471.67
18,3029.62,2866.48,163.14,1375.78
31,2470.86,1509.29,961.57,456.57
48,873.26,488.71,384.55,181.79
36,495.55,200.0,295.55,81.58
19,1447.5,1328.88,118.62,707.16
18,821.72,472.46,349.26,79.96
57,548.46,548.46,0.0,75.39
18,538.06,538.06,0.0,144.72
32,2406.5,1945.31,461.19,1060.24
36,5526.85,4356.63,1170.22,1300.98
18,832.73,525.75,306.98,264.13
35,9042.17,7588.93,1453.24,1794.05
45,1447.62,1184.92,262.7,416.57
53,917.93,828.84,89.09,273.31
21,2297.27,1496.36,800.91,642.61
34,2580.81,2349.59,231.22,1290.69
36,2151.43,1892.25,259.18,708.62
50,836.46,689.51,146.95,283.0
34,2055.56,1199.83,855.73,659.55
33,3189.87,1819.46,1370.41,858.98
57,564.17,262.52,301.65,0.0
48,793.54,328.96,464.58,106.37
33,1374.8,829.67,545.13,158.63
36,2851.99,2457.45,394.54,1268.18
31,2086.34,1756.29,330.05,675.39
18,1637.7,1318.91,318.79,536.72
27,1554.91,1554.91,0.0,650.71
54,1640.72,1164.65,476.07,193.73
26,2070.55,1784.63,285.92,1069.22
45,2243.4,1390.9,852.5,646.45
35,2500.05,1634.23,865.82,788.46
18,826.59,755.26,71.33,138.56
24,1828.12,1089.89,738.23,485.78
18,451.69,200.0,251.69,93.21
26,2631.56,1751.92,879.64,569.61
27,919.01,418.07,500.94,194.56
51,4184.27,1967.68,2216.59,661.3
59,1645.23,1212.63,432.6,656.13
18,3604.23,3465.6,138.63,1016.85
18,762.89,740.37,22.52,300.82
27,942.46,617.06,325.4,179.65
37,1121.94,1100.06,21.88,576.59
54,986.41,637.59,348.82,135.8
47,652.89,310.44,342.45,123.37
54,1492.97,1205.45,287.52,419.26
42,865.01,865.01,0.0,199.63
40,3402.83,2760.83,642.0,795.43
35,1893.71,1106.64,787.07,591.49
38,1356.57,1069.13,287.44,528.03
43,1291.11,1034.51,256.6,628.77
37,2674.1,1031.13,1642.97,285.59
57,1549.39,1549.39,0.0,504.06
34,1672.56,1499.39,173.17,445.62
51,463.81,200.0,263.81,89.39
18,4883.77,3817.44,1066.33,1258.58
18,1421.53,1075.65,345.88,464.57
56,2572.36,2499.42,72.94,994.89
25,1046.21,1046.21,0.0,539.49
19,4175.61,1789.36,2386.25,976.85
48,1159.53,513.04,646.49,166.81
18,3876.0,3694.42,181.58,1260.43
18,1711.69,881.59,830.1,425.44
33,1093.0,618.62,474.38,293.26
42,471.32,401.05,70.27,62.01
31,1654.1,1315.39,338.71,770.36
56,2035.56,1511.85,523.71,578.49
20,1123.99,676.17,447.82,182.09
39,1181.06,797.87,383.19,285.89
54,2034.97,1794.51,240.46,595.95
25,3948.08,2733.83,1214.25,1042.02
19,249.03,200.0,49.03,76.79
40,3212.64,2250.35,962.29,1148.85
52,1029.36,990.72,38.64,376.83
18,3186.89,2627.68,559.21,984.26
61,5073.63,4182.46,891.17,958.83
31,1132.12,1046.98,85.14,514.62
46,748.29,275.31,472.98,133.93
33,4060.94,2829.4,1231.54,1521.63
22,672.27,200.0,472.27,31.78
48,740.93,483.85,257.08,152.14
44,401.13,200.0,201.13,131.72
18,2524.4,1977.42,546.98,988.2
25,957.29,571.03,386.26,342.66
18,1717.53,1717.53,0.0,715.59
34,2896.53,2258.95,637.58,1094.81
45,293.61,293.61,0.0,29.58
26,1268.92,705.12,563.8,151.25
18,406.18,334.38,71.8,103.49
49,4427.6,3252.15,1175.45,1393.35
29,1686.87,1145.71,541.16,485.21
48,1812.75,1106.57,706.18,579.61
36,4312.91,3167.64,1145.27,1650.01
24,1763.85,1399.95,363.9,836.35
47,1198.41,989.73,208.68,547.96
32,1014.87,609.12,405.75,273.66
34,532.74,387.41,145.33,187.64
39,2708.45,1526.09,1182.36,710.58
18,2557.19,2237.38,319.81,657.88
48,298.39,200.0,98.39,84.69
28,1070.62,800.64,269.98,383.87
44,3661.83,3149.09,512.74,953.5
54,2359.83,1444.7,915.13,380.9
18,1830.9,1182.92,647.98,641.88
36,1807.87,997.65,810.22,349.82
32,1970.94,1628.75,342.19,870.03
53,365.71,247.57,118.14,142.72
36,339.12,339.12,0.0,74.88
49,811.95,503.94,308.01,310.89
42,5252.89,4243.88,1009.01,1394.36
39,2420.24,1946.92,473.32,1101.48
64,1541.35,998.31,543.04,226.3
40,2950.8,2016.92,933.88,456.88
38,539.38,539.38,0.0,170.21
25,1465.28,1267.88,197.4,268.07
62,3422.0,2240.23,1181.77,1019.49
35,2815.23,2314.13,501.1,1189.47
35,394.74,394.74,0.0,199.69
43,1934.21,1505.25,428.96,796.09
39,409.49,381.82,27.67,76.3
47,911.12,911.12,0.0,262.84
46,879.39,879.39,0.0,412.3
36,4215.03,3318.45,896.58,1726.27
68,4638.85,4194.04,444.81,823.46
36,2037.9,1786.91,250.99,497.59
55,1346.95,1346.95,0.0,560.49
35,623.87,200.0,423.87,21.74
47,1414.55,1414.55,0.0,707.25
36,5376.63,3103.96,2272.67,1541.25
50,2327.64,1782.76,544.88,350.57
74,4635.94,4145.78,490.16,1883.84
52,2423.68,1313.18,1110.5,409.59
26,3038.97,1700.83,1338.14,425.0
35,717.02,200.0,517.02,121.07
57,1029.14,656.73,372.41,267.45
55,334.15,334.15,0.0,155.87
33,3002.04,2101.74,900.3,1138.54
52,719.94,719.94,0.0,365.58
43,1816.79,1158.26,658.53,457.23
63,3751.59,2256.71,1494.88,1218.14
39,1027.29,328.23,699.06,102.96
37,3149.64,2843.63,306.01,1363.57
52,1196.97,886.61,310.36,330.13
18,1008.41,848.18,160.23,304.54
43,5054.01,2996.49,2057.52,1576.92
41,1060.42,621.64,438.78,203.23
23,694.36,508.22,186.14,408.5
28,350.08,200.0,150.08,19.7
20,9514.11,7241.12,2272.99,3422.13
29,1456.79,902.09,554.7,463.89
33,1503.43,1105.55,397.88,509.03
43,4120.62,3407.52,713.1,1874.29
29,1153.34,466.31,687.03,196.97
24,5853.38,4895.82,957.56,1237.59
49,1501.35,1145.27,356.08,482.11
30,1250.96,865.92,385.04,312.74
18,2248.2,1783.66,464.54,522.88
20,1981.99,1306.86,675.13,252.03
54,755.68,755.68,0.0,298.6
40,4848.93,2866.89,1982.04,1282.7
35,3457.19,2281.93,1175.26,561.12
18,2742.94,1827.61,915.33,654.8
25,3914.48,3088.93,825.55,1411.79
18,2446.89,1583.92,862.97,358.48
40,541.98,340.46,201.52,131.63
59,1295.15,1265.02,30.13,485.4
47,1315.08,719.2,595.88,303.14
38,8947.66,5907.61,3040.05,3065.97
18,437.48,200.0,237.48,0.0
53,3459.94,2876.94,583.0,856.97
30,1270.17,464.68,805.49,175.87
45,406.5,406.5,0.0,181.11
41,4851.85,3393.02,1458.83,1820.38
42,844.03,747.72,96.31,424.04
51,589.46,200.0,389.46,54.34
35,2843.92,1803.37,1040.55,683.55
20,1994.8,1519.07,475.73,728.14
38,929.03,929.03,0.0,346.54
43,1651.11,1116.37,534.74,600.18
30,1689.5,1610.07,79.43,517.07
21,2490.35,1533.05,957.3,608.21
27,1448.93,975.52,473.41,542.44
37,2196.37,1148.74,1047.63,525.93
45,1975.15,1949.64,25.51,474.13
34,2229.62,2194.3,35.32,1225.86
30,2354.37,1552.72,801.65,603.4
28,917.95,917.95,0.0,526.73
40,482.02,482.02,0.0,50.73
25,875.71,629.75,245.96,337.01
62,1387.35,686.44,700.91,217.53
60,1006.61,1006.61,0.0,270.8
25,5310.49,4891.62,418.87,1958.74
36,2672.02,2185.87,486.15,1202.64
28,3912.5,3430.21,482.29,1871.54
28,2662.67,1761.73,900.94,875.39
51,1216.24,495.92,720.32,258.53
18,490.22,391.71,98.51,215.14
18,2592.37,1626.43,965.94,764.91
49,2436.59,2342.28,94.31,464.53
18,3377.9,2581.47,796.43,745.11
28,3527.11,3076.96,450.15,1656.89
38,725.77,637.48,88.29,207.91
30,915.59,915.59,0.0,193.06
32,1736.92,1708.02,28.9,927.15
39,852.33,852.33,0.0,342.59
18,350.12,200.0,150.12,72.29
36,2644.73,1144.25,1500.48,585.82
55,836.09,836.09,0.0,453.95
44,2042.32,1946.77,95.55,439.96
33,1973.77,1501.95,471.82,477.04
36,1301.22,855.89,445.33,281.35
18,312.24,200.0,112.24,122.15
35,1250.34,412.28,838.06,153.24
53,483.54,200.0,283.54,149.08
36,3101.89,1426.13,1675.76,326.49
27,530.13,530.13,0.0,94.16
43,1921.43,1575.83,345.6,480.92
40,1799.54,810.68,988.86,386.44
67,3253.17,1271.84,1981.33,733.21
26,10438.33,9715.52,722.81,4202.2
46,178.19,178.19,0.0,110.2
20,587.4,587.4,0.0,151.02
21,2728.75,1988.92,739.83,437.88
29,1779.41,1446.03,333.38,620.38
38,1824.61,889.13,935.48,229.43
38,2313.61,2178.21,135.4,569.11
27,711.74,711.74,0.0,416.83
25,2440.29,1542.58,897.71,234.28
18,1010.09,746.86,263.23,409.16
31,1443.18,1010.91,432.27,425.01
24,1186.14,1006.43,179.71,306.4
40,275.1,200.0,75.1,165.25
29,1223.8,901.49,322.31,371.25
53,457.79,350.72,107.07,185.03
18,2183.5,1306.04,877.46,332.67
48,910.67,910.67,0.0,209.04
34,2785.46,2423.17,362.29,594.13
44,2622.52,2087.5,535.02,862.01
39,965.72,831.91,133.81,295.22
26,1689.25,800.86,888.39,448.42
33,909.16,200.0,709.16,90.25
27,2749.75,2177.1,572.65,737.66
26,913.6,375.98,537.62,125.16
48,834.23,834.23,0.0,407.56
18,1550.07,1357.63,192.44,739.87
24,464.82,464.82,0.0,186.94
26,360.15,200.0,160.15,144.2
35,7356.91,4809.0,2547.91,2165.53
34,1123.15,602.01,521.14,369.81
31,450.4,200.0,250.4,44.96
24,997.37,856.81,140.56,521.95
24,496.95,440.97,55.98,255.52
30,633.23,556.88,76.35,235.26
30,1595.72,1385.31,210.41,654.4
56,1990.04,1674.54,315.5,716.21
26,1098.3,956.32,141.98,241.99
38,2427.72,1439.49,988.23,361.4
48,1394.8,1391.66,3.14,391.08
18,1215.41,980.37,235.04,549.35
48,746.16,535.28,210.88,134.35
52,1304.62,803.48,501.14,417.66
35,430.74,430.74,0.0,84.33
23,2739.07,1609.49,1129.58,716.23
33,885.19,885.19,0.0,380.05
40,2306.96,1474.99,831.97,573.72
18,1465.3,329.86,1135.44,45.39
25,1895.64,1429.79,465.85,589.39
26,1344.29,1313.77,30.52,689.08
61,395.49,200.0,195.49,72.78
32,2706.45,2069.63,636.82,399.03
18,3141.59,2362.07,779.52,687.74
18,1058.18,744.47,313.71,366.8
23,1608.73,1501.33,107.4,790.16
52,201.29,201.29,0.0,68.28
44,1942.58,1016.75,925.83,669.06
33,2561.18,1766.62,794.56,928.67
34,437.52,200.0,237.52,106.86
32,9933.19,7519.61,2413.58,4305.99
18,568.42,279.21,289.21,62.21
38,328.41,328.41,0.0,87.3
48,1009.77,747.16,262.61,325.72
37,1135.08,977.37,157.71,349.85
53,1518.72,1355.53,163.19,832.91
45,396.68,396.68,0.0,271.58
31,3577.54,3040.36,537.18,1719.47
40,2054.53,1783.72,270.81,625.13
42,4152.07,3401.99,750.08,1235.18
41,2994.22,2330.72,663.5,568.39
21,126.79,126.79,0.0,96.49
55,7416.61,6105.39,1311.22,2581.09
53,1434.7,984.35,450.35,509.5
18,1833.53,1084.03,749.5,146.92
33,6429.32,4774.02,1655.3,2137.87
39,827.8,827.8,0.0,419.47
37,1959.07,1586.78,372.29,1026.16
33,1793.95,1718.39,75.56,580.48
19,3834.39,2649.8,1184.59,1353.28
34,1638.89,1009.78,629.11,483.99
54,997.73,399.45,598.28,110.93
41,1706.17,1706.17,0.0,885.88
60,3113.98,2264.18,849.8,779.5
21,1467.76,1467.76,0.0,277.81
55,661.31,661.31,0.0,231.22
65,839.21,839.21,0.0,162.51
48,702.88,200.0,502.88,88.74
55,1563.82,1159.21,404.61,616.98
26,1477.03,925.67,551.36,515.0
39,2220.35,1948.01,272.34,609.4
45,1998.6,1651.55,347.05,588.43
18,5609.34,3500.43,2108.91,1965.8
58,846.92,200.0,646.92,113.28
55,4568.12,2882.61,1685.51,1471.87
59,1247.37,1247.37,0.0,348.89
36,874.44,316.4,558.04,102.85
45,1190.46,952.94,237.52,507.01
31,1225.49,487.39,738.1,183.52
42,2626.22,2510.6,115.62,1188.93
53,502.04,238.0,264.04,152.4
25,792.8,792.8,0.0,188.84
43,3245.84,2379.19,866.65,542.99
30,647.9,404.33,243.57,78.51
31,426.69,244.48,182.21,88.42
18,3420.13,2757.96,662.17,1432.52
21,1059.14,1059.14,0.0,302.57
30,1913.73,1913.73,0.0,754.95
47,1319.52,1218.48,101.04,567.48
39,6995.6,4044.14,2951.46,1756.69
30,1255.68,520.78,734.9,121.38
29,1727.64,391.07,1336.57,152.16
20,1535.62,1523.3,12.32,505.8
37,5369.89,4081.06,1288.83,2426.54
51,648.61,200.0,448.61,94.82
49,2005.19,1421.64,583.55,679.27
45,1781.44,1434.38,347.06,420.31
59,953.87,552.95,400.92,193.36
18,3199.33,2140.35,1058.98,476.18
56,544.92,200.0,344.92,173.38
35,1334.03,1173.68,160.35,444.2
33,1264.99,962.03,302.96,599.93
18,6040.79,4591.57,1449.22,1250.75
33,1698.13,883.48,814.65,520.84
26,1190.64,1109.34,81.3,612.1
44,1704.23,1588.79,115.44,781.67
34,1489.62,1429.89,59.73,784.33
55,3728.64,3086.67,641.97,1381.25
18,371.29,371.29,0.0,103.73
23,155.22,155.22,0.0,0.0
33,6055.86,5277.32,778.54,2451.61
55,678.99,254.49,424.5,123.77
46,1042.34,699.26,343.08,259.94
18,2350.71,1820.57,530.14,627.52
18,1487.25,1487.25,0.0,643.14
18,792.91,554.71,238.2,315.28
38,1444.14,1233.45,210.69,383.8
33,4560.29,2551.32,2008.97,436.02
28,1498.69,922.9,575.79,311.66
34,1397.23,1149.41,247.82,699.51
32,1411.61,1411.61,0.0,483.17
19,2033.48,1866.78,166.7,557.86
18,1908.23,1080.48,827.75,311.45
75,1017.3,429.46,587.84,254.8
52,2266.57,1362.9,903.67,735.3
54,1392.07,1384.61,7.46,774.25
58,652.33,200.0,452.33,11.34
18,3340.06,2005.89,1334.17,1075.41
39,1165.84,1165.84,0.0,657.02
18,4619.29,3564.19,1055.1,1891.44
18,1790.56,1475.91,314.65,796.88
21,996.34,453.25,543.09,178.93
35,2327.02,1805.69,521.33,586.07
22,1716.57,767.59,948.98,388.88
42,5498.17,4151.88,1346.29,1125.6
18,2396.64,2072.16,324.48,864.91
37,3175.14,1808.08,1367.06,600.98
31,5442.39,2933.17,2509.22,605.06
39,1636.73,914.14,722.59,285.68
20,1165.84,1105.21,60.63,385.14
39,3537.5,2556.52,980.98,1314.59
18,868.29,801.87,66.42,200.21
21,2183.89,1588.39,595.5,380.98
49,638.72,200.0,438.72,84.17
27,4586.18,3698.54,887.64,1822.98
50,1242.01,612.51,629.5,310.73
51,1022.21,902.7,119.51,409.39
35,288.65,288.65,0.0,152.66
18,1688.66,1354.74,333.92,662.43
37,1006.3,399.16,607.14,191.68
39,665.4,665.4,0.0,233.61
18,590.82,343.65,247.17,89.09
33,663.59,663.59,0.0,232.78
21,203.4,203.4,0.0,107.64
24,2990.52,2711.37,279.15,672.69
30,2068.05,1164.97,903.08,310.34
28,1710.69,1339.2,371.49,376.43
42,633.96,597.33,36.63,234.65
28,1405.82,1237.54,168.28,424.87
46,2131.01,1692.97,438.04,482.89
47,2904.59,2904.59,0.0,987.62
47,1239.63,433.78,805.85,374.69
22,8904.45,7953.86,950.59,4300.53
33,2915.9,1904.16,1011.74,903.79
25,978.06,341.65,636.41,170.46
18,1595.99,1061.93,534.06,241.78
48,357.99,357.99,0.0,102.66
42,980.83,980.83,0.0,219.97
28,2886.99,2318.87,568.12,581.58
18,2175.79,1297.68,878.11,769.73
25,1368.97,539.46,829.51,397.31
38,2836.89,1762.98,1073.91,878.77
29,600.57,220.35,380.22,80.73
18,895.28,582.83,312.45,286.37
54,2022.93,1774.97,247.96,768.9
21,2481.32,2381.61,99.71,496.65
35,1655.67,1476.58,179.09,751.1
27,622.72,461.82,160.9,124.62
32,456.03,302.69,153.34,13.69
42,3766.43,2789.42,977.01,1401.84
18,2779.51,2176.5,603.01,1205.0
18,959.03,585.89,373.14,226.94
36,5841.82,4642.68,1199.14,1700.56
22,8963.12,8173.61,789.51,2847.87
18,4090.56,2463.83,1626.73,1329.46
42,269.47,200.0,69.47,158.75
35,4096.27,2467.75,1628.52,1325.54
31,3618.3,2626.12,992.18,1345.66
44,689.98,689.98,0.0,284.38
32,2985.45,1755.76,1229.69,1121.6
46,1076.78,713.01,363.77,343.75
31,1485.12,1030.26,454.86,184.47
46,2020.64,674.07,1346.57,243.83
21,625.46,625.46,0.0,219.28
21,2797.84,1650.52,1147.32,495.61
32,539.89,387.39,152.5,182.21
32,575.17,200.0,375.17,115.18
26,1252.65,1145.17,107.48,372.93
41,5743.91,5510.17,233.74,2963.46
37,1766.34,1458.59,307.75,460.49
18,834.75,648.82,185.93,292.44
27,5145.52,3229.09,1916.43,828.91
18,2851.92,1727.64,1124.28,350.09
34,836.21,200.0,636.21,92.56
18,5039.49,3252.74,1786.75,1685.48
41,1901.08,1901.08,0.0,633.22
31,2034.51,1692.89,341.62,739.58
46,963.39,568.39,395.0,337.05
18,3245.37,2169.94,1075.43,774.38
38,2800.34,2399.75,400.59,1199.87
43,638.31,487.72,150.59,338.8
30,887.77,232.75,655.02,96.45
18,5970.43,3711.39,2259.04,1343.99
28,869.01,757.55,111.46,516.75
18,1024.58,207.55,817.03,108.17
45,3133.66,1845.58,1288.08,420.65
23,698.93,698.93,0.0,408.26
60,1088.22,646.99,441.23,150.46
51,645.08,579.12,65.96,293.1
42,827.4,578.46,248.94,176.82
43,5465.07,3397.05,2068.02,2084.24
20,3563.25,2165.03,1398.22,752.76
28,865.23,865.23,0.0,297.46
54,1471.37,1125.2,346.17,314.35
23,972.45,731.41,241.04,395.08
18,3241.77,2002.97,1238.8,881.11
26,883.6,883.6,0.0,313.95
18,1556.02,1284.21,271.81,322.42
18,848.0,848.0,0.0,427.01
53,1930.2,1084.85,845.35,344.28
39,787.22,531.52,255.7,312.25
18,391.3,200.0,191.3,58.32
55,426.05,203.25,222.8,111.58
21,2517.01,1525.9,991.11,736.37
18,2421.91,1601.09,820.82,752.71
44,3667.34,1871.15,1796.19,561.34
35,339.33,200.0,139.33,0.0
27,1788.95,793.58,995.37,418.29
23,1681.5,760.25,921.25,292.38
46,3147.17,2594.86,552.31,476.76
47,2360.6,1328.88,1031.72,752.05
41,562.24,200.0,362.24,59.47
18,1479.8,944.79,535.01,349.69
47,1451.61,1451.61,0.0,677.7
52,2295.05,1595.54,699.51,463.81
56,2219.08,2219.08,0.0,983.61
33,864.15,722.68,141.47,321.99
52,1210.49,1210.49,0.0,336.02
48,1207.19,433.09,774.1,106.51
21,2800.75,1887.09,913.66,565.99
18,5292.65,4685.82,606.83,2753.7
38,3696.44,2269.84,1426.6,1239.76
35,1967.86,1141.76,826.1,691.53
18,2233.38,1664.45,568.93,652.72
34,866.56,813.95,52.61,361.25
42,3618.05,2879.04,739.01,1543.7
21,1034.02,913.98,120.04,516.25
46,2110.8,1699.18,411.62,466.62
18,4900.18,3085.98,1814.2,1355.31
18,3182.85,2115.0,1067.85,688.03
18,1047.46,687.24,360.22,329.67
32,1081.5,428.01,653.49,121.51
22,1518.03,1503.85,14.18,844.1
18,3338.04,2499.76,838.28,833.73
26,664.09,664.09,0.0,207.51
33,679.06,200.0,479.06,84.44
21,1143.18,668.68,474.5,124.92
40,2970.08,2010.79,959.29,1022.92
24,2092.38,1812.28,280.1,852.29
20,2283.39,1792.36,491.03,732.19
49,709.58,455.63,253.95,248.15
40,335.4,335.4,0.0,94.98
45,2803.99,2256.18,547.81,971.08
18,547.03,547.03,0.0,93.88
32,2841.14,2306.92,534.22,1460.3
44,437.33,200.0,237.33,50.53
18,2856.73,2360.66,496.07,1086.77
23,958.83,471.98,486.85,384.32
18,10131.73,6837.78,3293.95,1684.69
33,2866.0,2866.0,0.0,1429.0
18,1903.76,1482.58,421.18,702.29
18,1482.0,940.75,541.25,374.75
18,3974.45,3197.52,776.93,732.0
21,680.34,680.34,0.0,288.78
23,2785.02,2785.02,0.0,1394.67
18,824.54,448.66,375.88,257.66
24,3335.41,2548.51,786.9,694.68
18,1561.47,1105.41,456.06,540.02
18,2409.48,2409.48,0.0,1131.73
25,880.3,880.3,0.0,526.74
29,2209.58,1560.84,648.74,511.54
28,1980.09,1401.06,579.03,708.73
35,3611.98,3212.66,399.32,1386.21
21,760.89,402.72,358.17,138.0
51,1029.42,366.36,663.06,88.27
58,2492.31,1886.52,605.79,626.46
41,3702.02,2395.51,1306.51,1162.64
32,1319.97,1111.8,208.17,324.88
24,1823.0,979.09,843.91,279.21
18,2679.49,1967.89,711.6,845.96
18,251.06,200.0,51.06,123.28
18,512.11,204.97,307.14,117.97
26,552.37,552.37,0.0,142.29
26,1291.23,992.88,298.35,491.2
28,806.36,806.36,0.0,336.94
49,810.83,361.29,449.54,258.35
33,1081.22,851.43,229.79,509.98
45,1441.24,398.57,1042.67,187.52
75,1012.27,1012.27,0.0,403.32
18,692.15,200.0,492.15,68.51
27,2266.69,1943.93,322.76,701.41
51,835.78,278.13,557.65,82.13
18,853.01,401.01,452.0,151.1
51,2288.12,1651.3,636.82,740.22
18,833.15,833.15,0.0,428.56
44,1071.38,688.39,382.99,322.7
57,1647.55,1022.26,625.29,484.36
19,2834.69,1786.93,1047.76,896.0
32,4185.54,3361.52,824.02,1969.69
32,477.64,200.0,277.64,91.42
59,640.81,496.45,144.36,144.69
36,2249.15,1452.6,796.55,312.97
21,2211.67,1719.97,491.7,787.13
18,447.83,200.0,247.83,73.6
46,1660.58,1652.53,8.05,783.29
53,2918.51,2002.68,915.83,983.77
31,1695.74,1008.38,687.36,227.46
55,1243.68,1243.68,0.0,219.49
18,7721.77,5922.83,1798.94,1860.96
18,957.21,943.62,13.59,478.55
25,2736.48,2486.55,249.93,1123.72
38,347.08,200.0,147.08,103.87
38,148.76,148.76,0.0,107.15
18,1544.5,817.35,727.15,319.06
40,1592.04,1119.81,472.23,259.52
59,587.12,200.0,387.12,28.62
24,2792.48,2348.74,443.74,1298.07
30,958.28,200.0,758.28,177.02
33,1029.28,1011.71,17.57,608.25
18,5426.84,2911.46,2515.38,1060.25
27,1481.0,1260.2,220.8,687.73
57,3111.28,2201.48,909.8,550.67
45,2520.16,1416.86,1103.3,345.59
25,3707.37,3338.12,369.25,2042.15
55,2305.47,1696.38,609.09,310.33
32,860.61,415.48,445.13,14.25
28,779.13,444.4,334.73,221.95
27,1222.6,1222.6,0.0,593.03
42,2592.7,1844.25,748.45,690.61
25,1497.53,1011.88,485.65,448.3
38,1037.65,1037.65,0.0,344.31
29,1028.42,1028.42,0.0,336.11
27,2297.67,1745.19,552.48,661.54
31,991.87,603.57,388.3,270.69
39,1881.09,1691.8,189.29,919.6
58,1791.59,1044.28,747.31,653.87
36,686.63,265.36,421.27,49.09
32,571.1,571.1,0.0,362.54
18,596.03,200.0,396.03,41.27
36,488.66,358.17,130.49,164.91
23,828.87,462.33,366.54,191.39
39,900.74,900.74,0.0,267.13
22,4651.58,3899.86,751.72,2265.18
50,852.24,852.24,0.0,536.99
42,822.57,303.37,519.2,0.0
53,5301.94,4353.0,948.94,1224.08
40,2795.16,2050.29,744.87,492.0
36,2012.32,1041.89,970.43,518.86
35,420.93,296.89,124.04,138.5
18,6975.53,5484.93,1490.6,2510.9
34,3977.33,2933.3,1044.03,1780.44
52,456.15,200.0,256.15,18.7
40,4129.18,2877.65,1251.53,934.36
50,3674.23,3291.83,382.4,932.01
18,5691.01,4743.25,947.76,2176.11
53,5708.89,3520.99,2187.9,1316.4
39,1307.66,836.77,470.89,471.65
18,968.01,968.01,0.0,312.04
27,495.25,231.29,263.96,0.0
37,2564.08,2503.69,60.39,765.28
57,479.99,200.0,279.99,0.0
47,1477.6,904.56,573.04,404.78
44,2105.83,1652.11,453.72,456.09
18,1400.19,1400.19,0.0,627.17
18,2402.18,2085.89,316.29,578.93
24,2849.31,2653.58,195.73,1463.19
39,6060.63,5032.05,1028.58,2705.44
34,1055.24,1055.24,0.0,601.67
51,1279.84,851.43,428.41,253.82
30,1397.54,891.15,506.39,381.86
18,1313.2,1313.2,0.0,362.45
37,1855.8,1223.02,632.78,621.7
23,1889.0,959.12,929.88,269.76
36,638.11,460.26,177.85,113.57
41,6668.59,4354.19,2314.4,2361.28
21,5220.12,4349.11,871.01,856.34
24,274.38,200.0,74.38,115.51
33,5121.15,3427.61,1693.54,1402.14
53,4774.58,4012.17,762.41,1703.56
27,2390.12,2181.02,209.1,816.05
32,1039.47,1039.47,0.0,394.89
43,1823.94,1823.94,0.0,830.23
18,1065.43,863.19,202.24,315.61
50,3108.35,2094.03,1014.32,414.88
58,5238.04,3710.87,1527.17,1823.35
24,5242.26,4106.18,1136.08,1242.53
33,1468.57,1468.57,0.0,754.18
29,1624.17,1136.07,488.1,578.27
52,3547.39,2292.55,1254.84,681.66
32,1029.1,1006.98,22.12,304.98
40,2174.37,1438.66,735.71,407.96
35,3174.26,2816.47,357.79,956.81
44,1300.0,1034.59,265.41,216.07
18,895.96,557.51,338.45,282.82
26,938.77,938.77,0.0,553.31
27,538.35,200.0,338.35,89.53
41,4934.7,3372.63,1562.07,1303.5
24,16462.41,13235.3,3227.11,2831.26
57,669.53,421.76,247.77,118.99
44,3396.0,2668.52,727.48,1120.07
18,1427.13,1427.13,0.0,660.82
38,1679.29,1140.22,539.07,595.42
18,283.92,200.0,83.92,123.38
37,1091.4,699.72,391.68,328.93
38,976.98,360.44,616.54,173.77
25,628.05,200.0,428.05,14.1
25,405.59,332.45,73.14,146.41
36,319.16,200.0,119.16,0.0
21,2153.56,1897.44,256.12,926.38
39,700.17,437.45,262.72,200.4
40,1922.38,1431.93,490.45,558.23
38,932.81,790.49,142.32,279.93
37,4648.14,2738.3,1909.84,1379.59
29,2426.27,2051.18,375.09,383.09
19,2827.97,1937.16,890.81,607.93
20,1223.96,1060.01,163.95,591.71
52,1944.9,1452.77,492.13,737.12
29,1615.56,867.89,747.67,475.76
18,3305.22,2805.19,500.03,1623.97
24,1213.81,534.36,679.45,217.94
19,1659.02,1366.52,292.5,515.24
18,2526.0,2374.85,151.15,1287.08
22,3082.62,2131.12,951.5,870.37
32,2405.13,2082.04,323.09,829.46
18,1320.95,1320.95,0.0,598.41
28,1455.02,1110.31,344.71,484.2
18,5967.87,3360.91,2606.96,1401.3
21,326.87,286.2,40.67,151.37
25,1741.46,977.04,764.42,520.65
38,563.76,536.07,27.69,79.02
44,661.18,575.4,85.78,235.87
18,2508.37,1848.0,660.37,657.65
19,384.09,232.02,152.07,140.34
38,2156.78,2156.78,0.0,798.27
73,610.13,610.13,0.0,268.33
43,1954.83,1334.13,620.7,700.33
45,8037.08,5147.44,2889.64,2092.34
41,3925.03,3250.67,674.36,1407.85
40,232.45,232.45,0.0,105.88
34,1577.98,1492.12,85.86,763.24
18,589.2,589.2,0.0,391.86
18,2012.42,1530.38,482.04,781.05
58,2297.05,2101.52,195.53,839.72
42,1045.19,704.23,340.96,449.91
19,2310.88,1643.42,667.46,837.16
18,1018.5,556.2,462.3,196.07
18,938.72,322.24,616.48,91.45
51,6487.84,5141.24,1346.6,1266.72
28,1933.27,1066.81,866.46,533.18
45,2999.63,1782.15,1217.48,417.65
28,1259.81,1113.38,146.43,485.51
27,432.79,432.79,0.0,310.9
36,854.18,564.22,289.96,81.01
34,1589.85,1215.66,374.19,448.64
30,3006.38,1768.68,1237.7,867.5
57,1307.06,1307.06,0.0,282.89
31,1475.98,664.21,811.77,169.93
43,1447.75,994.61,453.14,507.35
45,964.95,530.85,434.1,168.1
55,404.93,404.93,0.0,253.05
26,2257.81,1409.68,848.13,471.84
36,2799.1,1298.14,1500.96,227.36
41,5126.49,4572.95,553.54,2710.74
26,1220.4,1220.4,0.0,339.11
18,2250.79,1433.68,817.11,617.64
33,1774.12,1515.82,258.3,578.02
18,5292.45,3771.42,1521.03,1910.5
62,1838.09,1387.58,450.51,346.27
36,4007.41,3189.48,817.93,1433.7
31,1106.29,614.96,491.33,310.49
25,2000.24,1010.07,990.17,453.7
38,699.47,518.47,181.0,200.04
25,1624.52,1116.1,508.42,572.42
40,1331.11,539.66,791.45,198.12
46,825.61,510.47,315.14,239.95
28,754.57,200.0,554.57,5.19
44,758.53,758.53,0.0,371.24
18,6107.9,5131.46,976.44,2656.77
47,3007.66,1442.65,1565.01,381.31
37,317.79,200.0,117.79,0.0
32,3768.52,2746.81,1021.71,1298.88
18,3415.47,2349.99,1065.48,618.37
40,1264.72,629.86,634.86,291.83
42,1527.78,1101.81,425.97,372.7
28,323.99,323.99,0.0,162.74
39,823.37,823.37,0.0,275.14
29,1599.13,1599.13,0.0,862.07
30,1493.47,1224.02,269.45,575.12
30,1658.89,1035.46,623.43,660.16
38,472.97,472.97,0.0,273.87
40,1473.17,518.63,954.54,331.57
40,347.09,347.09,0.0,147.25
36,928.58,200.0,728.58,52.04
28,1977.52,1499.71,477.81,632.01
32,1974.25,1538.88,435.37,385.44
22,2568.49,2568.49,0.0,1208.65
18,3975.77,2951.75,1024.02,779.09
37,4565.25,2614.05,1951.2,928.53
38,998.52,258.62,739.9,163.0
31,1071.15,1000.96,70.19,366.49
36,1761.38,908.24,853.14,153.93
50,1282.71,794.01,488.7,235.79
50,2320.19,1686.77,633.42,819.81
70,273.48,273.48,0.0,140.95
20,2852.59,2155.92,696.67,1247.85
71,317.95,317.95,0.0,127.15
46,2338.3,1835.72,502.58,475.32
46,2174.25,1833.89,340.36,882.75
18,6452.84,6452.84,0.0,3611.38
39,1816.03,1523.69,292.34,410.97
44,3131.18,2380.31,750.87,974.53
54,1795.63,1387.41,408.22,470.04
18,586.41,277.86,308.55,80.71
24,954.93,713.66,241.27,193.93
35,3272.8,2906.72,366.08,1400.56
24,1223.3,859.86,363.44,372.7
39,849.19,803.91,45.28,147.03
37,2179.05,898.15,1280.9,173.39
58,956.83,613.76,343.07,244.64
33,3365.91,2368.01,997.9,1206.15
21,3576.81,2863.87,712.94,545.96
37,1557.73,991.34,566.39,422.22
52,3477.84,2901.52,576.32,733.15
18,3998.49,3595.74,402.75,1506.92
46,789.99,269.79,520.2,54.89
21,532.93,532.93,0.0,177.65
18,2290.6,1534.32,756.28,721.97
28,2893.59,2026.03,867.56,488.12
68,2139.91,1528.42,611.49,539.52
41,2040.97,1432.72,608.25,732.99
20,969.02,969.02,0.0,555.22
30,1706.49,1298.07,408.42,629.46
44,713.14,713.14,0.0,340.21
38,2204.14,1243.09,961.05,487.99
39,1405.23,1376.19,29.04,320.27
26,996.42,633.81,362.61,204.31
19,5312.47,4425.46,887.01,1986.98
34,745.38,462.58,282.8,136.23
35,802.47,200.0,602.47,200.0
37,2264.46,2094.21,170.25,1244.17
29,1201.41,639.46,561.95,122.0
43,916.56,825.51,91.05,244.25
25,2165.98,1885.73,280.25,821.07
31,2438.8,2438.8,0.0,970.41
45,1492.02,721.07,770.95,407.73
27,936.98,412.72,524.26,152.14
46,2019.92,1737.35,282.57,538.71
20,369.78,200.0,169.78,181.43
65,1291.23,1170.49,120.74,377.12
64,536.08,331.6,204.48,24.05
35,2115.8,1788.05,327.75,1067.6
54,780.39,200.0,580.39,39.47
51,2540.55,2446.8,93.75,810.31
39,3070.77,1788.2,1282.57,911.39
41,1257.04,906.67,350.37,185.14
24,1937.52,1366.8,570.72,801.11
36,2662.52,1876.61,785.91,837.08
18,2798.7,2270.37,528.33,964.15
31,2607.81,2061.61,546.2,1009.07
26,1210.46,959.51,250.95,203.83
48,2218.27,1879.64,338.63,684.3
49,2101.54,1785.38,316.16,1100.96
29,418.42,418.42,0.0,67.3
36,442.26,212.6,229.66,58.06
51,599.85,599.85,0.0,320.91
18,4630.99,2229.97,2401.02,717.97
19,1574.75,859.29,715.46,384.83
54,1771.61,1475.08,296.53,465.51
50,1058.38,747.47,310.91,364.06
36,5521.59,3867.36,1654.23,1754.37
34,1184.59,799.6,384.99,510.83
33,472.49,472.49,0.0,237.4
18,472.04,400.88,71.16,85.1
40,1355.04,1038.46,316.58,289.15
18,1893.94,1450.08,443.86,797.08
28,1541.76,1047.0,494.76,288.51
40,1726.94,1466.33,260.61,424.01
54,969.65,710.8,258.85,324.79
27,1374.2,742.44,631.76,433.38
18,816.27,774.9,41.37,166.65
25,1385.41,1385.41,0.0,638.51
27,3575.83,2747.03,828.8,822.66
29,1616.76,697.74,919.02,255.11
24,1690.47,1364.12,326.35,837.74
27,5222.55,3977.13,1245.42,2252.15
35,3596.17,2630.07,966.1,1443.48
24,1525.15,759.41,765.74,421.51
46,1173.24,1173.24,0.0,465.46
32,626.32,553.85,72.47,258.15
21,3326.0,3238.47,87.53,1422.74
40,628.59,212.66,415.93,81.7
37,1976.08,1746.48,229.6,898.08
18,1188.76,239.64,949.12,55.63
44,4731.43,2854.07,1877.36,1495.25
41,3604.97,2567.86,1037.11,549.04
24,822.44,200.0,622.44,50.92
56,2811.68,1842.75,968.93,1050.5
21,1183.88,982.42,201.46,376.96
23,1511.09,1040.38,470.71,258.09
46,9387.76,8615.95,771.81,2961.63
39,2487.1,2286.75,200.35,934.55
33,1759.07,775.99,983.08,504.83
41,1484.26,1127.86,356.4,494.54
63,4723.83,3300.33,1423.5,1661.88
53,1127.73,726.51,401.22,330.7
27,3199.6,2770.5,429.1,1661.76
24,846.33,846.33,0.0,98.77
53,5466.33,3877.03,1589.3,1620.83
39,1546.32,1546.32,0.0,488.39
24,1279.03,838.91,440.12,337.12
19,1064.23,722.18,342.05,278.81
46,1486.09,734.19,751.9,142.92
27,979.55,642.95,336.6,178.24
21,1167.11,869.3,297.81,296.42
34,4372.92,2674.32,1698.6,889.89
34,2758.41,2592.9,165.51,966.16
51,1385.2,1385.2,0.0,703.12
22,304.56,200.0,104.56,77.91
41,985.37,354.07,631.3,103.09
23,1455.34,958.55,496.79,442.46
60,1409.57,287.56,1122.01,64.64
37,3493.9,2645.82,848.08,627.97
23,3063.96,2289.25,774.71,526.82
18,754.93,754.93,0.0,477.26
26,173.93,173.93,0.0,0.0
36,441.33,200.0,241.33,92.93
68,657.37,598.71,58.66,361.66
25,721.21,721.21,0.0,104.67
36,1534.04,1534.04,0.0,522.53
40,3007.67,1782.71,1224.96,498.68
30,3826.46,2624.68,1201.78,941.69
58,1964.89,1745.92,218.97,637.45
50,1270.68,318.55,952.13,25.06
31,505.19,505.19,0.0,184.88
26,585.18,585.18,0.0,109.75
18,449.07,322.96,126.11,152.53
32,1334.69,1334.69,0.0,700.89
36,1393.92,1162.55,231.37,575.5
31,955.08,594.82,360.26,274.19
65,2125.03,1738.88,386.15,277.23
47,961.75,961.75,0.0,517.4
49,896.41,563.42,332.99,373.34
43,1494.67,1179.85,314.82,702.25
18,1552.26,1552.26,0.0,827.16
39,2281.87,1998.93,282.94,592.36
18,1641.61,1641.61,0.0,515.12
50,4058.41,3161.71,896.7,781.46
18,3103.41,2763.42,339.99,821.48
40,423.93,423.93,0.0,167.97
30,1409.88,693.77,716.11,341.26
18,1965.53,1161.66,803.87,547.9
37,2067.31,1428.93,638.38,293.84
31,3773.05,2268.53,1504.52,997.61
18,934.08,741.28,192.8,294.88
18,1186.54,1128.31,58.23,672.18
30,3985.58,2431.84,1553.74,797.96
39,540.46,391.12,149.34,329.85
48,985.76,753.47,232.29,446.37
61,511.02,200.0,311.02,7.74
26,3074.54,1883.96,1190.58,1254.86
52,8479.59,5424.89,3054.7,2598.25
45,599.54,292.43,307.11,173.42
52,1989.84,1806.82,183.02,958.13
45,635.85,635.85,0.0,281.31
18,1577.79,1264.66,313.13,558.77
18,1468.78,1312.79,155.99,312.17
55,5144.0,4270.02,873.98,1295.61
19,1212.28,1212.28,0.0,543.65
38,612.97,200.0,412.97,124.64
55,441.47,235.95,205.52,55.45
57,3891.11,2752.48,1138.63,1388.24
44,1410.15,787.34,622.81,274.37
18,1209.95,1209.95,0.0,597.13
43,430.62,200.0,230.62,138.47
55,2906.26,1765.42,1140.84,754.13
18,5427.21,4164.17,1263.04,2398.26
18,1852.59,1313.47,539.12,566.01
49,1648.86,1451.34,197.52,818.61
19,1218.63,783.29,435.34,244.7
18,1752.28,1459.69,292.59,465.02
26,3904.52,3123.51,781.01,1425.76
55,543.83,543.83,0.0,244.94
44,462.28,462.28,0.0,135.54
33,581.35,581.35,0.0,188.0
21,1151.59,602.22,549.37,216.9
43,632.76,404.54,228.22,186.58
27,4423.76,3333.63,1090.13,1547.27
38,1417.98,1275.72,142.26,666.18
39,2725.45,1731.01,994.44,637.91
18,719.83,632.87,86.96,109.43
18,1178.51,444.15,734.36,185.2
44,5083.9,3106.9,1977.0,1123.01
48,853.75,853.75,0.0,188.72
45,3175.3,2122.23,1053.07,1075.25
52,8311.4,6568.72,1742.68,2969.13
18,5266.14,4287.3,978.84,1150.59
52,1075.69,1051.69,24.0,499.26
46,1222.39,1222.39,0.0,630.06
36,1690.62,1414.99,275.63,387.93
56,1714.2,1563.01,151.19,604.12
42,3307.61,2720.63,586.98,1409.5
18,704.81,704.81,0.0,141.18
29,775.18,334.79,440.39,23.03
18,511.26,200.0,311.26,64.51
40,1398.33,1303.11,95.22,730.54
46,1259.14,1259.14,0.0,674.96
35,1992.92,1896.35,96.57,927.05
33,1002.2,881.34,120.86,314.97
18,501.76,263.73,238.03,111.57
24,612.93,539.57,73.36,166.73
29,1312.92,1186.8,126.12,762.41
45,4417.61,3537.38,880.23,1917.12
18,7484.54,5744.88,1739.66,2367.84
19,559.61,559.61,0.0,279.12
26,2298.28,1832.04,466.24,495.37
18,1282.93,439.31,843.62,116.62
27,2051.8,2051.8,0.0,574.98
18,3360.22,2898.08,462.14,1373.16
41,953.6,953.6,0.0,495.78
47,3574.8,2290.84,1283.96,550.92
32,666.77,666.77,0.0,266.91
20,571.69,571.69,0.0,195.73
18,1902.63,1408.5,494.13,334.97
23,3742.33,3152.4,589.93,1740.4
47,584.46,439.23,145.23,235.46
42,1782.86,1782.86,0.0,563.3
53,9779.95,6468.18,3311.77,3409.6
54,1173.54,610.98,562.56,163.79
30,2159.33,990.33,1169.0,517.08
18,1299.09,1299.09,0.0,568.74
43,1878.32,1878.32,0.0,625.49
46,951.87,951.87,0.0,311.72
52,1471.8,1436.77,35.03,347.69
24,4923.56,3945.71,977.85,1275.24
52,2568.81,1867.6,701.21,785.62
18,1722.3,1548.39,173.91,664.2
18,8619.06,6631.17,1987.89,3427.42
60,847.55,345.2,502.35,97.7
33,3059.34,2574.17,485.17,1273.05
32,4700.66,3142.72,1557.94,698.04
65,871.38,731.28,140.1,331.04
38,1332.61,1195.87,136.74,496.55
24,1845.55,1845.55,0.0,965.86
18,2981.57,2928.83,52.74,803.57
30,5373.77,3062.02,2311.75,1612.88
59,380.22,380.22,0.0,276.67
42,2205.85,1918.73,287.12,1082.87
29,670.16,670.16,0.0,271.57
29,1305.06,1305.06,0.0,563.37
18,323.27,257.04,66.23,17.61
25,2035.09,1793.15,241.94,801.13
62,482.28,320.19,162.09,163.06
29,1908.44,1787.17,121.27,1022.97
19,1537.41,1455.08,82.33,413.32
38,3577.78,2666.39,911.39,1097.57
32,2803.67,2262.8,540.87,483.08
48,608.01,608.01,0.0,362.03
18,3607.21,2134.66,1472.55,722.5
44,1156.54,344.63,811.91,275.5
34,637.97,637.97,0.0,327.7
24,915.45,664.55,250.9,203.15
41,311.54,200.0,111.54,98.88
24,817.96,817.96,0.0,385.71
48,890.23,524.28,365.95,285.59
25,2087.92,1332.44,755.48,332.19
41,2458.29,2443.81,14.48,737.56
18,1381.63,752.32,629.31,370.65
18,1427.79,853.86,573.93,507.9
18,2967.67,1666.32,1301.35,793.3
35,2616.23,2303.77,312.46,1339.09
48,1556.5,1321.73,234.77,336.39
23,4985.14,4035.09,950.05,2014.97
18,1206.03,1108.23,97.8,502.96
18,695.93,695.93,0.0,106.01
72,4334.27,3846.07,488.2,1471.88
25,776.01,200.0,576.01,87.42
35,1532.36,956.18,576.18,633.25
35,2019.31,1690.99,328.32,390.95
41,7105.39,4086.27,3019.12,2312.88
30,850.18,370.88,479.3,248.87
50,991.45,991.45,0.0,564.86
61,7593.76,6100.55,1493.21,3416.8
36,4548.27,3548.28,999.99,1040.81
25,1681.0,982.29,698.71,526.27
22,596.53,200.0,396.53,88.15
41,2677.13,1535.71,1141.42,837.62
40,1167.36,562.56,604.8,126.8
38,1318.53,650.92,667.61,272.06
38,1990.59,1317.52,673.07,430.27
48,682.22,354.59,327.63,146.26
18,1677.01,852.64,824.37,389.33
18,1039.41,1039.41,0.0,523.85
36,840.51,304.42,536.09,117.32
42,1537.95,1362.34,175.61,738.78
18,2712.22,2403.1,309.12,1262.3
29,2736.67,1939.39,797.28,660.06
44,1447.86,904.75,543.11,441.81
41,1093.53,778.04,315.49,215.63
51,1759.45,748.65,1010.8,346.24
26,513.54,513.54,0.0,248.12
32,1382.69,991.83,390.86,567.55
18,1739.63,1466.7,272.93,778.71
28,237.37,237.37,0.0,152.85
21,1953.13,1590.27,362.86,818.46
40,4336.11,3186.9,1149.21,1575.66
29,1264.29,1264.29,0.0,751.36
32,586.16,300.61,285.55,125.59
55,3543.42,2842.67,700.75,1266.61
28,669.13,200.0,469.13,128.03
56,1798.48,1525.52,272.96,464.54
18,2003.06,948.08,1054.98,249.18
31,1003.46,984.85,18.61,504.1
34,9295.48,6683.57,2611.91,2682.37
27,2161.68,1623.84,537.84,814.57
22,1717.93,1717.93,0.0,556.48
48,1253.09,1007.8,245.29,508.26
23,757.27,757.27,0.0,425.19
30,998.83,983.67,15.16,280.66
55,1129.58,1031.38,98.2,495.52
23,1282.66,1101.95,180.71,531.11
35,2379.53,1567.4,812.13,678.68
18,2221.54,1278.24,943.3,595.62
61,836.56,836.56,0.0,473.67
36,1144.55,1021.72,122.83,421.88
30,1701.74,1017.2,684.54,263.57
53,800.88,358.3,442.58,91.1
34,654.52,338.05,316.47,114.49
46,412.75,200.0,212.75,64.09
18,1228.96,708.07,520.89,374.42
18,1084.43,666.78,417.65,173.34
30,1682.73,1534.51,148.22,470.52
31,1454.86,1088.46,366.4,416.39
29,1471.15,1471.15,0.0,616.95
32,2396.25,1530.58,865.67,379.95
26,4046.88,4046.88,0.0,1070.04
26,422.99,200.0,222.99,140.77
55,890.31,547.97,342.34,186.69
72,1883.02,1883.02,0.0,451.69
36,1470.4,1178.77,291.63,325.34
48,4748.57,4052.13,696.44,1003.59
40,1900.94,1379.57,521.37,611.95
38,2062.84,1516.51,546.33,740.8
56,1205.29,1205.29,0.0,311.35
34,5391.25,4513.55,877.7,2381.53
61,2470.54,1449.6,1020.94,490.81
40,2376.34,1821.57,554.77,623.61
50,2357.99,1425.02,932.97,748.04
66,732.45,679.89,52.56,136.79
40,2012.68,1674.29,338.39,619.16
75,389.62,200.0,189.62,24.02
41,1341.68,1028.63,313.05,431.53
22,1803.74,1388.18,415.56,341.99
51,1256.42,972.3,284.12,534.08
25,4604.09,3510.0,1094.09,739.96
19,2587.5,1477.04,1110.46,852.71
31,837.32,248.4,588.92,106.72
31,2719.9,1744.39,975.51,833.77
18,774.44,768.15,6.29,310.14
42,1394.69,1394.69,0.0,608.98
34,530.66,200.92,329.74,78.39
18,1254.81,304.93,949.88,135.57
33,1691.77,1141.93,549.84,262.95
37,895.05,715.14,179.91,393.37
18,1291.78,907.14,384.64,212.39
44,1538.84,1087.18,451.66,586.38
22,1723.82,1038.6,685.22,257.55
33,1491.58,1455.35,36.23,414.26
42,1296.92,954.92,342.0,587.62
53,4563.55,3284.77,1278.78,1699.38
44,590.57,387.06,203.51,145.16
18,2296.59,2296.59,0.0,1272.57
18,757.68,757.68,0.0,315.47
52,1874.08,1228.56,645.52,313.22
41,1460.95,1411.89,49.06,314.98
18,930.19,671.22,258.97,314.07
18,1296.44,697.54,598.9,276.52
46,1323.48,1323.48,0.0,308.89
34,647.92,628.83,19.09,159.0
24,962.64,735.39,227.25,379.44
22,558.2,558.2,0.0,240.35
35,1684.95,1195.34,489.61,351.44
43,826.04,232.32,593.72,169.89
33,497.4,497.4,0.0,130.24
21,4365.82,3857.53,508.29,1761.73
27,2569.54,2012.5,557.04,644.7
18,1654.32,1178.25,476.07,382.35
31,3243.09,1756.6,1486.49,558.32
22,1431.67,672.6,759.07,275.72
21,819.37,819.37,0.0,367.42
24,663.48,278.14,385.34,72.43
18,1646.65,1254.91,391.74,593.27
34,6217.76,4373.41,1844.35,1116.32
28,1336.85,1336.85,0.0,558.61
22,1599.38,1558.4,40.98,303.8
18,1084.95,646.29,438.66,343.57
19,1239.92,640.91,599.01,223.94
26,480.06,480.06,0.0,313.27
18,747.73,747.73,0.0,442.39
31,2369.66,2369.66,0.0,672.71
25,1422.77,816.58,606.19,420.14
34,532.71,471.58,61.13,188.61
31,2173.68,1535.68,638.0,433.86
18,1542.75,888.63,654.12,163.82
29,1009.99,724.32,285.67,212.07
18,3517.51,2954.69,562.82,1384.36
35,722.04,722.04,0.0,303.34
47,837.41,200.0,637.41,86.48
47,641.16,320.25,320.91,106.05
18,2667.42,1610.01,1057.41,390.13
36,764.69,628.24,136.45,278.84
75,6542.36,4927.67,1614.69,1899.18
18,844.53,430.55,413.98,62.6
44,725.1,725.1,0.0,341.32
47,5810.54,4382.89,1427.65,1811.17
30,4471.11,3091.18,1379.93,1148.84
25,1396.43,1396.43,0.0,778.29
45,1118.83,416.53,702.3,238.81
43,184.2,184.2,0.0,0.0
18,1944.15,1450.04,494.11,511.59
26,507.33,507.33,0.0,174.98
18,438.12,248.0,190.12,123.75
33,670.79,200.0,470.79,142.12
43,773.66,773.66,0.0,131.57
18,7075.91,4198.92,2876.99,1488.52
18,3622.9,2188.31,1434.59,1115.78
35,1864.31,1311.52,552.79,564.84
20,829.89,829.89,0.0,273.4
50,695.47,200.0,495.47,35.66
34,6902.31,6150.6,751.71,1798.57
61,621.07,348.17,272.9,176.76
24,5965.56,5074.98,890.58,2873.36
35,907.81,246.0,661.81,73.13
36,9257.81,8133.79,1124.02,2148.63
73,2253.9,1614.76,639.14,926.71
18,545.04,200.0,345.04,80.46
65,2405.6,2093.13,312.47,1131.21
28,292.88,200.0,92.88,138.43
43,1221.69,480.18,741.51,221.18
18,2588.56,2182.54,406.02,915.31
60,2236.61,1616.99,619.62,428.43
33,2002.36,1810.34,192.02,983.29
54,958.33,417.75,540.58,115.6
31,505.22,505.22,0.0,97.13
18,2444.16,2053.28,390.88,1104.3
61,1541.9,1493.52,48.38,884.02
33,565.52,268.9,296.62,73.06
18,1447.97,980.01,467.96,435.6
18,1567.25,1070.95,496.3,364.45
56,1001.23,793.99,207.24,451.69
18,436.46,436.46,0.0,152.54
20,1835.02,880.02,955.0,179.5
37,1209.62,1034.02,175.6,447.22
46,4645.61,2498.34,2147.27,1268.96
63,2890.5,1150.78,1739.72,610.32
36,1056.1,1056.1,0.0,575.8
46,4600.02,4600.02,0.0,2548.11
40,721.73,454.66,267.07,235.91
24,632.86,200.0,432.86,30.83
60,2931.85,1873.95,1057.9,897.13
31,1206.59,426.99,779.6,153.51
44,3080.11,2769.15,310.96,604.36
30,3472.9,2448.53,1024.37,1063.81
18,969.87,748.47,221.4,419.6
52,1519.43,1519.43,0.0,773.2
28,1570.5,749.23,821.27,130.72
35,1880.44,1032.73,847.71,381.41
18,886.96,769.57,117.39,236.22
41,1136.36,212.05,924.31,134.47
47,567.95,200.0,367.95,81.69
18,896.47,836.05,60.42,363.36
30,1264.09,1257.05,7.04,382.71
42,926.95,568.11,358.84,285.27
31,2967.38,2967.38,0.0,1421.69
62,2948.72,2022.53,926.19,883.79
45,225.51,200.0,25.51,82.12
41,2708.65,2263.78,444.87,1141.69
30,1145.21,1065.79,79.42,415.08
24,1178.58,404.33,774.25,215.39
23,278.27,278.27,0.0,135.69
35,1695.87,461.66,1234.21,105.43
47,1345.86,768.89,576.97,312.73
32,2130.18,1245.55,884.63,254.64
30,1599.57,731.72,867.85,468.19
30,882.82,702.02,180.8,331.38
30,5951.81,4848.83,1102.98,2744.61
19,1578.47,1578.47,0.0,459.92
32,252.61,200.0,52.61,41.35
47,1796.01,1243.2,552.81,562.02
18,2140.75,1533.4,607.35,624.13
18,4824.24,3369.77,1454.47,1387.23
31,2496.18,2252.68,243.5,1315.07
55,1207.1,1207.1,0.0,244.21
44,1210.84,282.72,928.12,101.25
40,1620.71,1226.8,393.91,224.19
41,964.03,200.0,764.03,0.0
35,2800.25,1680.37,1119.88,1021.1
55,185.16,185.16,0.0,0.0
57,2197.6,1831.6,366.0,780.33
51,1119.39,200.0,919.39,0.0
27,1190.28,1190.28,0.0,365.03
30,1357.75,1297.96,59.79,766.33
44,7152.06,4080.58,3071.48,1840.6
49,1163.1,1163.1,0.0,326.15
44,612.84,200.0,412.84,88.86
31,1412.64,1312.85,99.79,559.76
38,693.92,374.02,319.9,152.6
34,3606.77,3144.73,462.04,790.04
19,2235.24,1916.59,318.65,1120.09
42,629.2,470.93,158.27,193.91
36,384.96,209.32,175.64,76.67
33,3415.36,2608.55,806.81,1562.66
42,1960.51,1659.47,301.04,950.36
24,2144.46,1397.64,746.82,619.79
51,1982.77,1579.48,403.29,838.35
38,1815.33,1815.33,0.0,513.42
44,2488.86,1935.9,552.96,1057.02
49,4001.14,2048.23,1952.91,860.79
26,2031.35,1657.09,374.26,791.07
31,508.37,200.0,308.37,63.45
45,1495.14,1263.35,231.79,632.12
18,3487.53,2594.86,892.67,1091.79
26,1298.87,1031.38,267.49,593.09
33,1556.39,658.17,898.22,409.53
38,2079.06,1197.84,881.22,636.29
44,1343.33,976.58,366.75,161.16
31,1097.57,1097.57,0.0,409.37
34,622.47,572.15,50.32,425.59
38,653.35,653.35,0.0,259.52
54,1705.46,1474.91,230.55,651.23
30,2700.14,2110.01,590.13,938.72
38,1824.39,863.79,960.6,309.15
49,2014.45,1447.91,566.54,657.81
20,7032.02,6195.78,836.24,3240.04
26,2673.45,2176.12,497.33,685.32
22,558.21,463.98,94.23,246.9
39,1547.03,1093.48,453.55,383.04
49,521.62,200.0,321.62,43.78
43,1276.51,994.39,282.12,218.85
32,6688.89,5726.73,962.16,2038.1
25,4091.91,3437.39,654.52,774.0
25,926.03,714.85,211.18,393.71
28,4997.57,3679.25,1318.32,1988.46
18,1425.21,992.77,432.44,367.76
23,2032.72,1585.07,447.65,835.74
24,4684.84,3447.97,1236.87,1436.89
36,7256.81,4989.54,2267.27,1197.35
18,282.74,200.0,82.74,132.76
18,1451.74,604.83,846.91,339.21
52,5827.39,3135.16,2692.23,960.25
18,2009.32,717.61,1291.71,293.25
56,7351.01,5636.7,1714.31,3394.69
36,3711.76,2990.58,721.18,1676.11
25,734.08,643.99,90.09,293.13
57,638.65,554.92,83.73,279.19
19,3119.89,2137.67,982.22,580.48
42,4330.53,2939.96,1390.57,1028.83
18,689.13,202.67,486.46,133.36
44,115.96,115.96,0.0,0.0
36,2051.85,1155.03,896.82,385.99
29,2261.45,2261.45,0.0,573.04
18,346.51,200.0,146.51,0.0
18,5847.93,4536.31,1311.62,904.35
46,991.82,991.82,0.0,289.49
18,1641.73,1341.92,299.81,536.43
18,1470.83,1176.78,294.05,517.34
37,952.41,717.97,234.44,367.39
25,1666.22,1258.73,407.49,431.0
47,831.06,831.06,0.0,169.79
38,1425.98,1425.98,0.0,675.94
37,806.75,200.0,606.75,0.0
75,696.28,696.28,0.0,166.32
68,1640.97,741.12,899.85,371.42
18,2324.98,1554.79,770.19,340.07
49,933.62,773.09,160.53,365.36
44,675.73,515.2,160.53,213.62
51,1862.61,1765.64,96.97,504.68
37,599.56,390.96,208.6,120.16
21,1716.67,979.07,737.6,293.82
34,290.88,200.0,90.88,12.3
36,809.06,565.38,243.68,223.24
49,1519.87,1270.74,249.13,224.18
38,3055.73,1714.43,1341.3,874.15
36,688.28,630.38,57.9,125.61
46,3894.66,2477.67,1416.99,1462.8
62,1459.73,1144.14,315.59,289.11
68,817.06,313.62,503.44,132.12
18,774.64,480.95,293.69,161.78
63,418.25,200.0,218.25,30.17
33,1694.86,1427.9,266.96,369.21
18,1781.07,1255.59,525.48,620.96
19,582.32,582.32,0.0,77.07
18,1969.12,1586.98,382.14,300.04
18,428.58,200.0,228.58,58.46
42,1605.04,1501.13,103.91,753.4
24,2148.07,1745.34,402.73,688.2
18,741.46,593.1,148.36,244.94
42,7422.68,6316.96,1105.72,3725.33
18,890.52,879.31,11.21,280.24
33,433.3,200.0,233.3,57.82
22,4169.86,2561.0,1608.86,900.08
40,1196.93,579.04,617.89,109.93
37,488.74,200.0,288.74,99.66
43,441.62,441.62,0.0,137.53
39,2670.63,1685.11,985.52,345.49
36,511.08,200.0,311.08,110.73
48,1266.94,783.32,483.62,195.1
43,4645.95,3791.46,854.49,2192.1
29,1563.98,1301.19,262.79,459.32
34,10378.89,8558.43,1820.46,4743.33
18,6032.41,5531.32,501.09,2383.45
23,590.68,266.5,324.18,256.81
22,1929.88,1057.65,872.23,149.51
30,1963.06,1963.06,0.0,382.01
53,606.39,200.0,406.39,105.59
25,1381.59,1061.2,320.39,390.85
19,1638.29,1113.42,524.87,353.5
62,2056.93,259.92,1797.01,61.41
33,1503.79,873.65,630.14,328.61
24,4764.21,3792.82,971.39,896.15
20,2389.74,1645.5,744.24,598.55
18,2297.85,1531.12,766.73,878.31
45,1561.97,1261.48,300.49,320.16
57,1279.64,1279.64,0.0,399.51
48,1101.74,373.52,728.22,148.37
44,823.89,823.89,0.0,325.6
36,3055.25,2066.08,989.17,780.38
22,1410.4,637.95,772.45,343.84
55,980.6,980.6,0.0,314.94
19,590.56,590.56,0.0,338.39
20,809.73,584.23,225.5,240.13
18,2897.94,1541.27,1356.67,754.29
28,6355.59,4494.45,1861.14,2084.33
63,2227.1,1931.82,295.28,565.04
40,4615.13,3944.42,670.71,1143.07
18,682.02,682.02,0.0,450.26
28,1100.93,565.14,535.79,115.7
18,745.81,745.81,0.0,339.83
18,2792.82,2193.62,599.2,1092.99
31,1478.11,936.32,541.79,486.65
45,620.54,263.06,357.48,154.2
18,2149.75,1951.72,198.03,388.94
28,891.39,200.0,691.39,136.38
53,549.78,254.98,294.8,56.99
55,389.03,200.0,189.03,81.29
18,2695.7,1844.25,851.45,1074.72
48,1566.59,1220.08,346.51,353.96
32,644.0,200.0,444.0,55.88
27,848.28,647.55,200.73,363.8
25,1418.0,1004.89,413.11,548.92
36,1531.08,529.5,1001.58,272.0
18,1782.26,1782.26,0.0,866.61
29,3002.15,2834.84,167.31,1500.8
21,6507.77,4653.28,1854.49,1527.05
47,1196.41,1099.48,96.93,265.73
28,2335.27,1871.5,463.77,557.0
21,1923.31,1604.23,319.08,767.16
30,2847.78,1617.28,1230.5,590.65
44,936.23,405.67,530.56,51.16
18,1627.01,1475.58,151.43,302.38
47,906.02,848.36,57.66,472.55
18,834.89,552.78,282.11,211.43
42,912.16,684.93,227.23,298.1
33,617.7,470.51,147.19,121.98
18,2351.5,1818.84,532.66,298.12
52,1561.38,1529.8,31.58,861.6
48,2717.28,2110.78,606.5,430.43
42,977.45,200.0,777.45,26.12
35,1744.26,1522.88,221.38,292.28
51,1769.66,974.26,795.4,461.44
29,832.78,503.28,329.5,73.96
52,1022.57,379.4,643.17,208.29
22,2283.2,1220.75,1062.45,653.67
29,173.42,173.42,0.0,22.86
37,4119.65,2392.54,1727.11,971.05
36,1119.23,633.63,485.6,233.09
33,1146.67,544.87,601.8,278.22
18,2301.98,1529.07,772.91,672.83
55,396.22,394.54,1.68,219.38
30,2271.92,2015.03,256.89,726.2
38,1325.26,696.97,628.29,220.88
46,2056.98,1818.08,238.9,1068.5
18,620.73,620.73,0.0,342.26
30,1632.99,1262.56,370.43,421.19
33,4464.56,2904.61,1559.95,752.49
20,429.56,357.32,72.24,86.02
27,829.93,829.93,0.0,237.0
22,1382.61,1004.11,378.5,538.57
42,995.65,603.74,391.91,154.28
31,770.49,770.49,0.0,252.11
26,1743.41,1288.86,454.55,416.53
30,6864.0,4020.24,2843.76,1125.97
49,1303.42,1157.08,146.34,586.2
40,1050.33,900.2,150.13,473.73
28,1156.23,823.54,332.69,433.46
53,1882.4,1882.4,0.0,1038.59
32,1446.0,1191.28,254.72,330.73
44,1847.67,1632.02,215.65,369.47
18,2584.68,2218.78,365.9,1311.26
51,2584.75,1735.68,849.07,947.17
38,1332.46,1332.46,0.0,456.21
33,718.67,540.2,178.47,101.66
41,2109.9,2002.93,106.97,537.58
40,1038.1,990.27,47.83,322.7
28,3862.07,3535.23,326.84,828.77
49,247.25,247.25,0.0,155.69
36,2337.57,1765.61,571.96,510.03
36,4247.26,3388.74,858.52,1109.11
65,6560.74,4095.63,2465.11,2007.02
35,1733.86,1609.52,124.34,300.09
39,1983.81,1508.65,475.16,414.83
36,3897.76,2151.43,1746.33,729.95
29,2230.8,1268.81,961.99,402.13
29,2447.1,1890.67,556.43,770.02
20,6337.05,5429.94,907.11,2218.91
27,709.0,709.0,0.0,211.65
33,663.62,663.62,0.0,217.29
18,561.1,551.75,9.35,206.11
31,5020.5,4058.12,962.38,2001.73
18,900.62,467.69,432.93,243.91
34,1249.34,640.39,608.95,265.45
25,3998.98,2816.92,1182.06,1058.84
40,1044.4,786.04,258.36,128.96
51,3748.52,3231.79,516.73,1501.58
29,4452.46,3577.15,875.31,1876.85
31,487.57,388.62,98.95,38.16
27,5345.98,4339.87,1006.11,1226.92
39,2166.05,1667.07,498.98,479.88
51,1045.79,356.96,688.83,192.9
39,1878.53,1082.95,795.58,493.07
18,1639.93,1639.93,0.0,465.7
24,2513.04,1945.26,567.78,715.78
34,3969.2,2903.86,1065.34,1388.54
23,3541.81,2876.01,665.8,1334.63
27,3066.31,2741.48,324.83,1258.52
26,2882.25,2355.29,526.96,1222.27
59,5817.84,5499.54,318.3,2853.79
18,1242.27,1133.37,108.9,284.74
33,3860.31,2597.36,1262.95,1049.18
22,531.6,263.09,268.51,38.29
18,1328.59,1328.59,0.0,798.89
34,1525.39,904.39,621.0,316.84
43,1166.32,894.72,271.6,398.93
35,1359.55,1359.55,0.0,500.17
18,1251.9,942.45,309.45,555.27
18,211.52,200.0,11.52,60.26
42,1550.76,1164.05,386.71,338.9
33,1282.81,756.78,526.03,205.39
18,3913.22,1894.49,2018.73,732.32
32,1090.75,1077.37,13.38,724.96
40,1117.45,636.42,481.03,131.4
49,962.69,842.54,120.15,410.46
34,5017.39,3145.11,1872.28,721.28
46,1000.18,738.23,261.95,235.67
41,690.55,298.15,392.4,147.37
23,686.72,317.88,368.84,149.23
20,3368.16,2099.47,1268.69,893.02
29,382.83,200.0,182.83,51.47
21,774.56,432.56,342.0,198.59
27,2522.91,2175.71,347.2,800.53
27,1905.54,1511.47,394.07,707.71
24,574.0,346.84,227.16,82.12
18,829.46,743.88,85.58,99.7
53,13263.17,8696.77,4566.4,4254.84
54,11195.58,9301.46,1894.12,2691.51
46,2762.2,2019.88,742.32,837.84
32,1573.93,1573.93,0.0,746.27
40,501.27,251.07,250.2,152.42
30,869.84,493.29,376.55,99.09
21,1222.44,471.51,750.93,187.09
49,870.97,542.81,328.16,310.32
41,8395.84,6975.18,1420.66,3866.91
27,2087.66,1724.39,363.27,386.18
18,4139.63,3512.87,626.76,948.04
36,733.04,639.25,93.79,311.72
55,1080.08,863.45,216.63,285.06
56,3520.44,2669.47,850.97,756.73
30,1067.34,1067.34,0.0,209.73
43,3279.27,2145.05,1134.22,952.11
52,1326.96,1326.96,0.0,411.13
35,234.37,200.0,34.37,182.19
18,2619.19,2149.29,469.9,419.97
28,3565.17,3089.18,475.99,1049.72
21,1196.6,698.57,498.03,367.07
36,1458.52,465.28,993.24,91.02
18,1562.72,618.56,944.16,319.61
18,309.91,309.91,0.0,157.51
30,2770.68,2675.11,95.57,849.05
18,461.51,461.51,0.0,261.73
18,548.39,548.39,0.0,227.67
40,322.65,200.0,122.65,47.65
55,1328.24,802.88,525.36,275.51
20,278.05,200.0,78.05,0.0
30,4631.45,3059.56,1571.89,1054.11
29,1920.48,1837.03,83.45,677.05
48,1476.19,592.77,883.42,311.25
55,2104.65,1161.19,943.46,689.82
39,912.64,445.07,467.57,235.43
21,1302.35,860.6,441.75,346.21
32,2462.4,1994.41,467.99,555.21
37,2128.67,2117.97,10.7,847.17
42,1161.66,1161.66,0.0,270.5
25,2450.32,2450.32,0.0,1298.67
39,1160.85,837.95,322.9,445.88
46,1334.62,919.51,415.11,371.77
49,682.21,200.0,482.21,82.67
44,363.19,200.0,163.19,84.79
18,1268.14,1268.14,0.0,293.96
33,1246.05,1246.05,0.0,295.74
29,1592.69,890.03,702.66,490.88
20,407.98,200.0,207.98,132.31
26,1523.35,554.98,968.37,139.99
50,1971.11,1783.08,188.03,995.15
32,1318.23,1277.78,40.45,264.62
26,825.16,471.02,354.14,121.97
41,648.58,400.23,248.35,206.9
41,3477.71,2905.4,572.31,1134.54
52,2876.21,2210.72,665.49,830.88
31,2046.16,670.8,1375.36,380.58
28,701.56,200.0,501.56,198.23
19,2635.86,1588.99,1046.87,513.81
23,1003.64,543.13,460.51,331.71
38,7049.83,5638.8,1411.03,3128.97
43,1914.13,1466.83,447.3,252.22
33,996.8,630.72,366.08,360.94
58,1778.75,1778.75,0.0,724.55
34,703.24,472.68,230.56,40.7
50,1032.8,1032.8,0.0,303.63
41,2037.01,1354.34,682.67,545.39
19,1635.83,1206.67,429.16,602.73
50,920.4,500.02,420.38,324.26
22,1503.58,1102.15,401.43,431.91
39,1258.25,1258.25,0.0,495.13
25,2228.22,1539.17,689.05,859.77
57,2568.75,2568.75,0.0,885.09
41,2305.39,1395.51,909.88,419.98
35,1322.62,1221.87,100.75,286.76
18,1672.78,898.75,774.03,338.53
35,1724.25,1110.14,614.11,378.8
21,1097.92,938.03,159.89,507.86
18,960.57,793.08,167.49,229.84
27,1563.47,405.37,1158.1,156.99
30,154.4,154.4,0.0,12.32
33,1273.75,480.91,792.84,115.01
52,2245.0,541.5,1703.5,129.97
18,1782.89,1326.97,455.92,617.46
32,4203.05,3148.85,1054.2,1096.17
35,6838.34,4895.08,1943.26,1340.57
28,3446.26,2233.79,1212.47,589.41
40,352.34,200.0,152.34,74.41
24,480.01,480.01,0.0,62.79
45,1830.56,1094.03,736.53,514.69
18,2051.84,1590.74,461.1,915.5
20,701.74,701.74,0.0,162.23
24,2336.09,1869.24,466.85,767.26
28,1387.08,974.94,412.14,462.58
18,6354.35,5479.79,874.56,1696.84
25,502.56,502.56,0.0,362.9
48,2729.26,1678.5,1050.76,986.69
54,1229.48,1200.23,29.25,387.36
46,1886.79,1336.61,550.18,633.11
50,1248.23,997.09,251.14,266.1
18,3255.81,2322.43,933.38,1222.03
53,2953.06,2487.94,465.12,644.6
23,659.21,659.21,0.0,382.43
35,2858.62,2382.28,476.34,1063.51
46,9435.54,5173.45,4262.09,1153.8
20,5094.02,3939.9,1154.12,1165.62
18,1845.31,1064.69,780.62,261.64
61,620.83,620.83,0.0,287.62
18,2226.12,1527.92,698.2,425.53
65,1959.8,1959.8,0.0,879.68
57,2198.22,1926.0,272.22,347.15
42,5031.54,3364.37,1667.17,1668.99
39,1895.22,1735.09,160.13,688.15
45,2715.6,2378.17,337.43,535.51
18,484.69,484.69,0.0,107.39
31,239.24,239.24,0.0,214.0
39,329.36,329.36,0.0,166.94
46,1032.38,388.86,643.52,245.35
50,480.39,200.0,280.39,35.49
20,2744.71,2323.39,421.32,1100.92
43,1640.82,1207.73,433.09,194.08
42,1261.98,1261.98,0.0,673.31
53,1945.12,1351.97,593.15,595.28
20,1694.06,1022.83,671.23,624.66
44,2312.77,1628.7,684.07,978.47
23,2868.05,2862.96,5.09,1053.04
22,2320.08,1339.41,980.67,578.2
18,1989.89,1530.23,459.66,701.85
52,4216.78,3550.73,666.05,1078.95
54,1018.78,741.45,277.33,393.65
30,1126.16,352.24,773.92,209.66
32,797.53,797.53,0.0,131.04
37,722.91,531.92,190.99,139.46
25,2394.94,1811.55,583.39,676.61
36,1319.46,1319.46,0.0,701.56
38,4082.82,2321.36,1761.46,522.5
33,1603.7,1357.52,246.18,732.22
23,1012.18,653.47,358.71,267.31
56,2633.41,1859.82,773.59,1004.66
27,784.61,361.44,423.17,88.86
40,1950.13,1950.13,0.0,865.02
43,1658.25,1213.68,444.57,285.29
23,1100.4,601.01,499.39,269.66
30,1652.89,1014.73,638.16,242.25
18,743.21,649.24,93.97,168.02
36,714.53,714.53,0.0,379.1
53,1788.54,1788.54,0.0,619.26
18,4888.75,3880.32,1008.43,1196.4
22,366.98,366.98,0.0,155.08
28,3974.14,2929.8,1044.34,1094.76
42,2776.76,2205.91,570.85,1134.35
60,1785.09,1049.23,735.86,300.29
45,1170.76,622.16,548.6,226.94
45,1498.18,1472.56,25.62,867.47
45,1366.8,467.84,898.96,146.02
36,11168.77,8611.43,2557.34,3668.75
42,411.81,411.81,0.0,253.53
21,1633.45,497.67,1135.78,312.72
36,1042.29,559.26,483.03,329.69
27,509.47,200.0,309.47,153.09
27,1393.97,521.09,872.88,76.7
28,20343.12,15886.9,4456.22,3761.6
39,1044.71,1044.71,0.0,252.14
39,2269.33,1930.35,338.98,554.84
31,2202.95,676.47,1526.48,122.85
18,1856.67,1087.65,769.02,392.6
31,1624.99,1306.28,318.71,741.12
33,656.62,583.5,73.12,294.39
22,2216.61,1499.22,717.39,692.32
28,2867.46,1949.51,917.95,618.73
27,1748.33,1439.83,308.5,695.35
36,3914.75,2867.69,1047.06,1510.87
28,793.88,200.0,593.88,73.96
54,790.63,269.67,520.96,13.29
57,561.93,523.01,38.92,369.41
18,571.82,385.91,185.91,158.58
38,3717.27,2428.91,1288.36,536.18
18,1074.53,448.94,625.59,93.84
37,3395.86,2213.21,1182.65,961.92
18,5035.08,4187.69,847.39,1154.39
42,4066.19,2815.76,1250.43,1594.35
24,3870.82,2982.57,888.25,955.04
40,4298.91,4086.56,212.35,1539.29
67,847.18,847.18,0.0,195.57
37,2297.64,1791.45,506.19,1125.22
32,604.64,277.41,327.23,147.56
25,1078.63,1078.63,0.0,342.07
52,643.08,600.54,42.54,198.98
28,3018.08,1528.4,1489.68,784.16
56,1589.98,1226.73,363.25,667.55
37,743.22,200.0,543.22,60.7
20,1623.06,1623.06,0.0,344.74
18,1946.72,1296.31,650.41,609.9
27,2083.37,1077.87,1005.5,235.13
33,3246.51,2783.02,463.49,949.81
48,21555.46,14808.38,6747.08,6513.43
31,1402.34,990.46,411.88,280.43
47,4247.37,3573.02,674.35,1446.75
40,320.88,275.28,45.6,100.33
45,977.54,977.54,0.0,339.72
18,912.42,705.04,207.38,117.25
53,425.22,200.0,225.22,61.14
28,5936.45,4462.66,1473.79,962.41
53,2623.64,2623.64,0.0,770.56
44,402.95,402.95,0.0,167.26
35,2874.25,1692.31,1181.94,816.15
40,2865.52,2839.6,25.92,997.07
21,940.28,704.3,235.98,455.55
18,2078.96,1605.01,473.95,393.97
50,2024.29,1114.28,910.01,431.9
35,2135.88,1786.63,349.25,418.14
36,188.67,188.67,0.0,148.93
42,440.69,278.49,162.2,191.44
18,450.78,450.78,0.0,146.18
18,3998.76,2329.69,1669.07,999.43
18,464.79,304.39,160.4,87.83
18,1351.44,815.46,535.98,265.48
51,7570.28,5543.83,2026.45,1966.7
32,4681.31,2937.79,1743.52,1210.78
33,4928.5,3166.96,1761.54,824.15
38,1258.03,1167.45,90.58,520.07
23,9063.68,7570.86,1492.82,3350.84
51,1474.15,1388.54,85.61,351.31
42,1259.07,838.18,420.89,288.02
30,6204.26,4629.86,1574.4,1729.25
25,900.26,333.87,566.39,238.23
18,1519.26,565.67,953.59,172.95
36,1543.01,1221.31,321.7,273.18
18,1589.71,1390.27,199.44,370.62
34,1119.12,1075.58,43.54,311.75
47,2265.77,2148.89,116.88,685.2
29,2976.14,2884.72,91.42,1520.61
45,14576.54,12572.45,2004.09,5980.33
18,4414.36,2659.64,1754.72,591.18
18,10946.91,8959.02,1987.89,2588.63
31,4417.02,3690.76,726.26,1878.38
27,1893.1,1629.78,263.32,857.34
29,1602.91,909.31,693.6,250.44
44,5167.5,3892.78,1274.72,1269.89
42,5487.28,4490.24,997.04,2435.53
18,3765.28,3001.9,763.38,689.16
40,3309.2,2022.23,1286.97,485.78
18,11955.42,10440.12,1515.3,6185.41
40,4759.14,4126.79,632.35,822.68
50,487.77,378.85,108.92,185.55
32,766.94,766.94,0.0,350.6
38,3591.86,2898.67,693.19,811.42
31,1282.74,1282.74,0.0,528.66
35,1159.2,793.6,365.6,352.62
52,360.33,360.33,0.0,251.39
33,1552.19,1077.28,474.91,435.98
19,3312.99,2353.84,959.15,1150.38
45,1044.09,249.25,794.84,39.81
44,1979.9,1782.23,197.67,697.98
49,3763.12,3077.76,685.36,1110.22
40,2039.65,992.62,1047.03,560.37
41,1289.15,973.95,315.2,288.13
32,4423.67,4257.13,166.54,1577.31
27,2318.43,2087.47,230.96,537.9
48,1755.43,1401.18,354.25,728.42
44,5176.33,4063.37,1112.96,2255.28
36,1697.96,1409.12,288.84,365.67
43,667.36,667.36,0.0,271.99
18,2575.75,1811.28,764.47,1086.77
53,7031.4,6111.61,919.79,3661.5
18,769.25,366.9,402.35,147.45
40,4053.6,3271.14,782.46,1489.51
32,4445.72,3316.23,1129.49,1694.55
49,2729.24,1829.57,899.67,1037.73
29,2437.25,2437.25,0.0,730.69
42,1349.8,828.11,521.69,495.52
27,1191.23,1191.23,0.0,681.48
45,493.83,200.0,293.83,156.48
50,3881.89,1983.25,1898.64,609.9
54,1675.65,1121.89,553.76,321.91
31,5084.23,3384.74,1699.49,1288.94
45,1707.42,1487.34,220.08,555.71
47,1502.03,955.81,546.22,437.9
47,1470.16,769.08,701.08,199.55
46,3281.66,2039.14,1242.52,481.45
55,1001.53,200.0,801.53,96.43
18,686.48,205.42,481.06,145.72
18,526.42,492.65,33.77,155.35
68,1832.76,1651.54,181.22,577.8
33,1060.73,793.44,267.29,352.44
36,767.97,664.95,103.02,295.3
30,3299.51,2840.29,459.22,1570.78
46,1471.89,1471.89,0.0,371.81
39,900.39,765.23,135.16,242.04
36,1964.52,1423.13,541.39,628.97
36,727.07,727.07,0.0,351.87
27,496.31,496.31,0.0,150.07
35,1058.42,889.28,169.14,126.84
27,5795.44,3866.24,1929.2,1119.93
53,488.85,200.0,288.85,46.56
18,234.27,225.56,8.71,6.15
35,790.73,790.73,0.0,418.41
29,889.48,278.62,610.86,149.69
30,1332.46,740.08,592.38,290.91
34,1649.09,1339.54,309.55,835.24
26,1074.88,932.52,142.36,590.69
18,1283.54,949.1,334.44,346.97
49,1406.58,582.52,824.06,119.89
37,1529.55,1153.32,376.23,607.1
32,4778.8,4563.89,214.91,2534.62
48,2058.24,1278.57,779.67,716.9
22,5074.26,3305.76,1768.5,789.64
49,2389.24,1429.37,959.87,558.56
52,1720.67,1250.73,469.94,651.73
26,1794.5,1438.57,355.93,533.47
40,1207.74,533.35,674.39,317.89
38,1308.02,982.23,325.79,321.26
31,1507.28,1409.41,97.87,803.43
52,925.25,925.25,0.0,352.85
44,1209.4,811.26,398.14,218.29
57,365.07,200.0,165.07,62.21
49,633.26,242.51,390.75,147.01
30,827.48,200.0,627.48,109.45
56,2942.13,2524.18,417.95,1495.8
28,1370.91,1050.39,320.52,600.76
23,2204.09,2055.25,148.84,666.5
38,3010.63,2286.59,724.04,1129.37
36,484.58,484.58,0.0,312.24
54,1612.04,1418.71,193.33,758.68
35,1161.94,1161.94,0.0,281.64
23,587.47,540.35,47.12,173.45
47,3196.87,2725.94,470.93,803.84
46,3385.22,3026.62,358.6,1356.98
47,1865.38,1201.41,663.97,601.05
26,2389.66,1741.06,648.6,1057.54
50,5124.3,4236.28,888.02,2407.9
27,2608.66,1984.54,624.12,757.07
22,1481.21,630.51,850.7,305.7
18,1781.46,1661.8,119.66,949.63
47,2399.28,1804.35,594.93,664.36
33,587.39,423.94,163.45,48.1
43,1615.8,1193.19,422.61,335.29
44,1801.84,1276.5,525.34,649.81
60,1972.6,1250.28,722.32,427.37
44,1905.69,1248.77,656.92,663.1
45,3410.5,2923.52,486.98,1555.03
27,3165.82,1831.34,1334.48,443.26
47,4454.41,4252.27,202.14,2119.33
49,1390.58,1036.7,353.88,515.19
18,1646.59,1646.59,0.0,1081.21
39,1969.24,1022.6,946.64,535.96
48,365.86,365.86,0.0,99.04
41,2530.73,1594.37,936.36,358.76
49,2806.28,1677.19,1129.09,853.92
49,1693.67,1209.74,483.93,660.43
19,827.66,827.66,0.0,231.94
74,1502.85,976.05,526.8,411.01
56,3037.09,1790.25,1246.84,627.23
51,542.5,542.5,0.0,251.18
39,598.39,598.39,0.0,334.63
24,963.84,963.84,0.0,407.16
59,2298.53,1555.47,743.06,723.24
48,461.78,461.78,0.0,135.92
25,4237.37,3210.58,1026.79,1410.38
39,956.55,701.81,254.74,273.72
31,707.73,200.0,507.73,101.39
42,2407.36,2218.56,188.8,672.56
34,2428.38,1831.2,597.18,342.59
18,771.07,771.07,0.0,376.51
18,1220.1,997.52,222.58,319.93
36,385.5,200.0,185.5,12.34
30,5409.83,3965.33,1444.5,1100.61
49,1964.47,666.04,1298.43,226.05
18,540.79,200.0,340.79,55.43
18,2197.86,2197.86,0.0,1084.81
37,2340.61,1080.27,1260.34,411.49
37,957.97,716.72,241.25,392.56
18,352.11,352.11,0.0,164.83
24,2015.5,963.46,1052.04,255.53
47,859.35,490.22,369.13,166.17
25,1222.59,1222.59,0.0,326.78
32,4304.39,3606.92,697.47,1759.82
24,4199.65,3281.28,918.37,1938.45
54,1007.25,890.75,116.5,457.66
21,457.65,457.65,0.0,102.98
33,2886.49,2093.37,793.12,473.97
47,1688.49,1198.93,489.56,598.37
48,4859.97,2953.24,1906.73,1504.31
40,1640.41,1211.56,428.85,511.25
29,3136.58,2461.33,675.25,1370.93
37,572.53,572.53,0.0,415.34
18,3179.97,2087.55,1092.42,656.61
30,3446.28,2564.28,882.0,858.29
40,2494.74,1580.31,914.43,882.76
62,2041.06,1398.2,642.86,437.51
18,1472.56,1261.68,210.88,261.74
48,3911.59,2603.45,1308.14,956.83
42,2658.39,1870.89,787.5,461.72
30,1978.43,1403.94,574.49,443.65
24,1213.43,846.24,367.19,327.8
18,5601.38,3597.65,2003.73,1832.43
48,2771.29,1822.18,949.11,989.12
18,1717.38,868.54,848.84,305.41
42,697.34,210.89,486.45,40.44
51,2530.56,1706.43,824.13,875.86
30,3931.08,3399.87,531.21,1506.35
37,1679.37,1473.76,205.61,462.56
66,3729.17,2553.03,1176.14,542.71
18,1240.62,1240.62,0.0,688.62
34,1754.1,608.44,1145.66,227.11
45,2779.27,1718.29,1060.98,547.24
53,2077.12,696.03,1381.09,339.67
18,6921.79,4596.76,2325.03,1467.83
37,2628.72,1844.37,784.35,869.11
18,754.23,217.79,536.44,0.0
27,1890.57,1515.93,374.64,849.73
24,1113.76,690.76,423.0,184.86
57,1189.52,574.48,615.04,272.35
43,2719.01,1877.75,841.26,773.78
51,1750.97,1701.22,49.75,798.66
23,4828.88,3344.76,1484.12,1865.72
36,2024.8,1382.62,642.18,342.38
51,14001.5,11397.83,2603.67,2953.84
18,4807.24,3863.57,943.67,2269.97
44,1371.38,1371.38,0.0,634.02
58,393.02,393.02,0.0,259.8
27,1397.14,1397.14,0.0,486.11
26,2775.88,2111.35,664.53,531.75
23,1344.27,848.06,496.21,402.59
18,572.32,217.55,354.77,0.0
25,1258.97,1258.97,0.0,461.57
26,781.15,657.01,124.14,389.05
20,1002.68,392.96,609.72,158.52
47,3768.76,2275.07,1493.69,1140.0
32,837.7,403.08,434.62,147.93
41,1433.8,766.87,666.93,294.61
18,2097.72,1465.36,632.36,800.46
18,306.42,306.42,0.0,148.4
18,3965.75,3277.8,687.95,1061.4
51,1455.44,867.53,587.91,449.46
27,1421.88,905.49,516.39,412.07
18,646.19,646.19,0.0,330.08
18,792.52,631.04,161.48,244.0
44,2131.28,2057.8,73.48,997.12
36,904.01,642.74,261.27,231.3
42,1822.16,1628.35,193.81,654.86
20,4243.71,3818.59,425.12,1944.76
18,1761.09,1583.45,177.64,797.83
18,855.44,347.36,508.08,114.88
45,2044.62,1446.31,598.31,744.52
44,2133.85,901.91,1231.94,230.88
18,611.24,268.06,343.18,175.71
67,3207.9,1812.88,1395.02,772.02
47,188.31,188.31,0.0,87.38
20,1934.34,1934.34,0.0,706.87
42,1336.69,1336.69,0.0,215.08
30,1663.53,1032.78,630.75,305.86
28,2996.97,2245.88,751.09,1086.67
18,7538.29,5847.81,1690.48,3449.44
28,504.98,200.0,304.98,96.98
18,1102.18,1102.18,0.0,257.94
18,235.59,200.0,35.59,60.85
28,1127.26,257.35,869.91,101.86
69,2080.55,2080.55,0.0,1223.0
64,1171.98,1171.98,0.0,670.69
33,7512.18,6445.13,1067.05,1307.26
59,1729.62,1086.79,642.83,596.36
46,6108.35,4784.14,1324.21,1873.79
35,835.12,477.28,357.84,254.84
38,2195.39,1665.5,529.89,396.17
50,1395.48,1186.04,209.44,541.76
42,718.37,718.37,0.0,458.5
49,2564.74,1750.69,814.05,843.09
34,4959.25,4264.0,695.25,1113.77
43,2068.79,1328.7,740.09,748.26
33,2965.83,1740.72,1225.11,451.33
24,10543.28,7327.51,3215.77,2105.02
18,3445.51,2730.82,714.69,1527.08
40,1223.06,947.45,275.61,249.71
37,3000.96,1391.59,1609.37,449.51
53,941.73,941.73,0.0,292.73
32,2904.12,1734.02,1170.1,1112.46
38,330.86,281.81,49.05,134.95
36,1228.56,361.75,866.81,124.26
32,1216.25,659.21,557.04,250.32
51,2503.62,1736.01,767.61,892.22
34,1892.07,1438.83,453.24,599.2
30,362.63,362.63,0.0,92.67
66,2169.57,1780.31,389.26,869.23
18,1023.22,699.04,324.18,255.46
29,1940.59,948.76,991.83,444.57
18,1592.56,1239.48,353.08,547.96
37,1028.55,605.87,422.68,235.5
49,5078.14,4351.18,726.96,1526.96
23,1107.28,532.34,574.94,204.08
18,2775.2,2389.99,385.21,810.32
24,3505.83,2143.26,1362.57,1022.44
40,1657.56,1327.29,330.27,391.05
33,309.58,200.0,109.58,138.1
38,1018.61,1004.25,14.36,618.0
28,8815.35,7031.12,1784.23,3794.95
44,2916.35,2737.82,178.53,1538.19
18,1505.69,1198.79,306.9,595.52
18,1331.04,200.0,1131.04,37.64
33,1189.73,651.34,538.39,135.39
27,1939.85,1746.7,193.15,842.26
18,1323.09,1280.65,42.44,777.14
32,1622.99,1378.36,244.63,584.76
28,694.71,617.67,77.04,351.51
37,818.46,200.0,618.46,56.41
22,1056.25,1015.77,40.48,517.89
19,4084.25,3703.03,381.22,1384.58
52,3677.65,2556.38,1121.27,1540.67
43,1681.26,1681.26,0.0,366.48
36,703.15,376.87,326.28,178.66
52,1049.39,1049.39,0.0,416.22
18,2623.92,1601.2,1022.72,696.51
50,2732.67,2192.84,539.83,1159.04
38,1076.92,1076.92,0.0,353.65
28,3037.1,2116.35,920.75,751.32
47,1566.95,537.59,1029.36,260.18
48,1043.09,1043.09,0.0,505.36
24,725.71,725.71,0.0,317.35
45,1414.92,1173.15,241.77,481.51
51,2819.07,2349.86,469.21,1129.98
38,1228.66,974.51,254.15,185.46
18,2311.1,2066.28,244.82,1149.34
22,2354.67,2171.86,182.81,991.63
47,514.78,200.0,314.78,132.37
44,1167.5,515.01,652.49,278.64
22,1974.21,1275.97,698.24,625.34
42,1519.45,941.4,578.05,217.28
50,7175.64,5517.67,1657.97,2200.29
18,409.16,200.0,209.16,8.0
43,2524.11,2308.09,216.02,558.02
50,1729.83,1679.38,50.45,641.82
41,2573.64,1933.37,640.27,669.87
47,1236.55,1236.55,0.0,487.75
47,871.0,871.0,0.0,262.07
50,4038.22,2404.61,1633.61,1150.56
56,1060.79,767.6,293.19,336.63
23,2239.66,1704.45,535.21,741.19
30,8804.13,7117.18,1686.95,2482.03
18,2224.46,1549.5,674.96,416.35
42,1616.31,1050.64,565.67,287.76
37,724.08,206.23,517.85,101.13
18,4581.92,3248.4,1333.52,1510.31
18,1656.99,1205.67,451.32,271.81
46,3168.48,2473.94,694.54,610.82
18,1771.3,1324.61,446.69,323.63
29,1190.89,1190.89,0.0,480.64
46,1144.87,1144.87,0.0,667.15
42,12414.4,9657.44,2756.96,5462.33
62,3630.4,3630.4,0.0,2124.03
39,1331.34,1331.34,0.0,761.45
18,4085.23,3460.55,624.68,957.83
54,664.82,664.82,0.0,398.97
29,1050.39,932.91,117.48,502.05
48,1329.01,1069.07,259.94,469.36
18,1230.31,772.38,457.93,355.46
64,2299.59,1867.68,431.91,913.82
39,2619.24,1856.17,763.07,410.73
50,687.26,687.26,0.0,211.53
18,2202.32,1473.81,728.51,669.84
36,1603.95,1033.16,570.79,539.1
33,1360.91,1360.91,0.0,494.74
50,1131.71,912.66,219.05,319.91
42,17149.11,10084.94,7064.17,2255.11
53,3031.57,2472.48,559.09,1263.59
18,1352.78,905.71,447.07,176.76
31,698.37,535.54,162.83,234.55
18,730.45,730.45,0.0,211.93
28,2590.42,1814.16,776.26,482.78
27,2265.79,2119.71,146.08,1136.41
18,2205.8,2029.99,175.81,624.87
50,4471.44,3504.6,966.84,1395.0
50,7940.86,6274.95,1665.91,1298.96
34,4123.68,2593.68,1530.0,1156.51
48,1935.93,1426.0,509.93,483.11
48,12338.15,7719.09,4619.06,3552.31
41,902.04,802.13,99.91,243.08
40,1344.32,1209.24,135.08,320.97
19,1122.36,1053.95,68.41,369.4
18,1236.02,651.86,584.16,260.59
40,1727.45,1596.7,130.75,358.2
35,787.48,787.48,0.0,427.21
63,2276.42,865.62,1410.8,515.38
18,262.49,262.49,0.0,85.49
34,2604.57,1583.78,1020.79,618.92
52,2669.49,2284.06,385.43,536.31
23,1719.17,800.26,918.91,124.29
18,1170.71,328.37,842.34,213.63
36,370.23,370.23,0.0,142.34
41,615.63,615.63,0.0,359.98
41,3849.96,3259.4,590.56,1056.96
66,1238.37,200.33,1038.04,61.16
22,2250.0,1359.55,890.45,438.12
54,28125.24,21893.38,6231.86,6324.11
69,8168.88,7153.25,1015.63,3806.7
21,3804.83,2388.43,1416.4,1254.45
39,1654.97,1654.97,0.0,616.96
18,1515.58,379.93,1135.65,118.8
27,323.39,323.39,0.0,131.26
18,1923.35,1030.41,892.94,529.2
35,1384.6,1384.6,0.0,693.54
44,786.85,611.36,175.49,363.44
43,1144.46,567.2,577.26,155.22
18,1296.23,544.75,751.48,200.23
40,1214.9,934.46,280.44,455.91
25,3635.2,3115.29,519.91,725.03
37,2798.7,1841.94,956.76,677.98
40,439.06,200.0,239.06,16.25
45,1237.42,304.78,932.64,259.41
18,2602.83,1489.17,1113.66,372.6
73,8571.4,7175.57,1395.83,1677.95
18,4507.83,3201.87,1305.96,682.13
43,456.35,456.35,0.0,166.01
24,1293.9,1079.34,214.56,384.93
61,432.99,432.99,0.0,109.8
45,2913.95,2072.54,841.41,659.41
37,1334.63,791.67,542.96,277.77
38,1181.07,1181.07,0.0,398.87
21,480.15,480.15,0.0,310.46
36,802.3,802.3,0.0,390.42
47,1764.51,821.84,942.67,462.98
44,7118.45,4973.84,2144.61,2715.4
33,1332.5,1026.73,305.77,299.45
62,1566.94,937.17,629.77,472.92
18,1006.11,867.56,138.55,218.95
53,928.08,928.08,0.0,210.5
28,1758.01,1336.65,421.36,525.93
18,171.61,171.61,0.0,74.76
41,2079.37,793.21,1286.16,469.7
18,1686.79,1686.79,0.0,942.03
37,1041.18,1041.18,0.0,464.55
28,623.72,623.72,0.0,235.93
29,8053.37,5361.82,2691.55,2151.91
31,598.65,248.09,350.56,139.64
75,1590.96,527.04,1063.92,302.59
33,1080.96,579.99,500.97,318.34
34,2181.09,1304.14,876.95,425.14
18,2157.61,1417.22,740.39,705.13
20,3794.22,2736.03,1058.19,1355.48
27,830.84,707.9,122.94,511.03
25,6615.98,5554.86,1061.12,1266.4
30,527.86,392.92,134.94,283.44
40,258.7,248.97,9.73,51.13
38,874.2,550.98,323.22,298.72
33,940.14,913.91,26.23,297.22
34,1567.68,1184.3,383.38,669.04
34,463.33,200.0,263.33,112.83
54,530.4,200.0,330.4,46.35
52,731.37,348.86,382.51,131.12
37,280.69,200.0,80.69,139.04
21,607.99,596.34,11.65,324.86
18,1889.24,1378.88,510.36,450.56
43,3397.82,2331.01,1066.81,1449.06
53,696.29,200.0,496.29,44.13
22,340.39,340.39,0.0,214.41
32,739.02,667.07,71.95,317.58
18,2477.2,1742.24,734.96,1031.42
36,1031.72,1031.72,0.0,307.98
30,1009.49,824.43,185.06,153.74
37,1132.87,735.29,397.58,200.11
18,4342.08,3656.86,685.22,2099.8
18,988.18,607.51,380.67,349.76
57,658.25,658.25,0.0,180.66
34,363.32,263.68,99.64,109.12
24,515.12,205.92,309.2,0.0
53,2918.76,2201.54,717.22,779.16
52,7635.19,5302.84,2332.35,2522.21
33,659.91,620.45,39.46,335.31
18,1078.4,906.55,171.85,345.07
25,1541.58,948.83,592.75,507.69
47,2532.19,1861.16,671.03,276.56
49,3002.07,2055.2,946.87,1188.61
20,719.28,338.78,380.5,220.87
30,2407.18,1386.21,1020.97,674.34
18,856.18,687.83,168.35,515.63
22,2839.77,1934.98,904.79,660.1
22,1016.39,1016.39,0.0,351.09
42,633.15,633.15,0.0,359.0
18,1150.42,1150.42,0.0,182.45
41,2082.67,1596.7,485.97,685.19
18,1396.95,670.21,726.74,323.64
35,707.82,231.02,476.8,49.75
26,1725.57,1557.95,167.62,888.78
23,1203.22,1203.22,0.0,629.78
41,664.24,664.24,0.0,409.41
25,1394.83,616.44,778.39,311.08
18,3389.08,2261.72,1127.36,623.11
42,5112.38,3675.03,1437.35,1522.66
39,351.17,351.17,0.0,112.16
48,1721.24,1559.39,161.85,711.33
22,4380.96,2877.29,1503.67,1694.53
51,582.67,200.0,382.67,49.46
24,1373.26,636.89,736.37,313.43
43,3476.01,2587.07,888.94,774.81
36,825.73,418.02,407.71,88.69
27,2811.93,2280.24,531.69,1083.01
45,1046.74,1007.77,38.97,490.86
33,1150.77,911.01,239.76,447.27
46,2622.65,1931.18,691.47,409.16
27,2078.9,1025.59,1053.31,279.02
26,324.57,200.0,124.57,62.98
36,784.28,474.32,309.96,225.92
37,2983.94,1969.42,1014.52,549.06
35,2819.6,1945.05,874.55,656.18
33,778.35,742.94,35.41,104.03
24,15735.39,10895.19,4840.2,3842.01
57,796.37,796.37,0.0,113.2
37,3689.67,2446.83,1242.84,1382.94
21,577.35,577.35,0.0,372.71
27,336.79,274.69,62.1,40.4
47,926.82,261.77,665.05,109.52
23,486.93,330.64,156.29,141.96
41,3165.23,2707.99,457.24,1173.75
53,591.72,359.57,232.15,132.83
40,399.25,380.93,18.32,127.27
44,4946.51,3880.1,1066.41,1568.78
18,5649.17,3612.18,2036.99,1155.6
40,10378.9,9084.98,1293.92,4054.47
26,272.21,200.0,72.21,0.0
32,784.69,784.69,0.0,355.91
64,2522.03,1607.21,914.82,499.78
27,660.02,538.61,121.41,260.58
31,1494.51,989.22,505.29,317.45
33,1280.16,683.67,596.49,347.8
18,2101.86,953.41,1148.45,251.82
18,3318.57,3101.84,216.73,1645.95
51,1345.23,1345.23,0.0,335.2
53,2526.46,1953.82,572.64,980.68
32,14647.4,10456.23,4191.17,2732.92
27,1083.12,664.61,418.51,310.45
37,2459.17,1515.98,943.19,685.54
33,492.63,492.63,0.0,127.78
18,2648.46,2045.79,602.67,924.81
32,4145.73,3946.35,199.38,1265.51
46,1287.83,1287.83,0.0,453.49
34,552.62,360.33,192.29,99.34
37,1946.22,1367.64,578.58,411.79
44,639.25,434.47,204.78,217.68
36,395.88,342.73,53.15,65.27
26,2180.2,1975.74,204.46,639.93
28,255.4,200.0,55.4,108.74
41,801.94,799.74,2.2,363.69
20,3279.33,2329.75,949.58,1011.37
38,4485.61,2312.12,2173.49,1356.52
25,3554.73,2591.73,963.0,1054.41
18,899.21,713.08,186.13,349.06
46,1191.86,1105.39,86.47,529.62
35,992.93,409.71,583.22,179.01
52,1637.37,1637.37,0.0,873.5
48,3836.51,2185.29,1651.22,1119.26
41,691.28,519.46,171.82,289.36
52,1263.67,1060.99,202.68,464.4
18,813.97,813.97,0.0,263.38
50,1841.45,1123.39,718.06,269.57
50,670.23,581.52,88.71,217.8
36,2550.25,1872.73,677.52,542.73
32,673.83,673.83,0.0,201.46
37,507.88,507.88,0.0,161.29
40,827.76,594.12,233.64,252.21
53,657.32,657.32,0.0,194.72
18,3355.57,1806.36,1549.21,579.61
44,1510.28,503.05,1007.23,177.48
18,1429.23,1229.5,199.73,658.5
18,4049.52,3619.77,429.75,1903.53
37,2990.1,2546.91,443.19,638.17
52,1719.53,1397.12,322.41,551.54
18,3295.72,2609.04,686.68,1421.1
51,944.49,697.43,247.06,254.26
18,1421.72,452.81,968.91,0.0
44,523.52,523.52,0.0,307.05
39,2214.5,1623.37,591.13,896.51
51,2088.07,1567.28,520.79,451.16
25,489.18,200.0,289.18,98.04
18,857.5,456.78,400.72,311.96
32,2876.09,2217.81,658.28,1071.99
20,2094.92,2094.92,0.0,1182.89
46,2245.1,1660.05,585.05,490.26
28,1735.16,1519.65,215.51,911.73
31,1790.74,714.52,1076.22,281.85
24,2150.05,1807.0,343.05,538.43
35,664.53,661.69,2.84,193.86
18,1802.44,1602.04,200.4,542.67
42,1151.78,487.65,664.13,264.69
42,1295.1,1251.6,43.5,405.02
33,4737.1,3168.5,1568.6,782.09
43,2504.67,1673.6,831.07,927.97
43,2009.81,1126.52,883.29,230.93
31,818.6,431.09,387.51,260.61
33,10002.31,8119.79,1882.52,3256.6
57,234.26,234.26,0.0,41.1
47,906.35,550.6,355.75,233.05
29,3024.5,2751.48,273.02,1103.95
30,1753.76,1456.6,297.16,739.98
32,2292.3,1477.77,814.53,716.58
57,1724.18,1623.87,100.31,674.03
20,2843.42,2407.36,436.06,768.76
26,17515.14,12698.12,4817.02,5326.16
40,1820.06,1329.07,490.99,471.43
18,2721.68,2088.76,632.92,667.1
18,2007.6,2007.6,0.0,761.35
34,856.63,344.44,512.19,115.99
19,546.07,501.72,44.35,66.49
37,1356.27,1082.13,274.14,416.96
31,3937.82,2908.06,1029.76,1309.99
36,827.11,827.11,0.0,231.3
18,2423.59,2423.59,0.0,1508.12
34,281.09,281.09,0.0,38.44
18,581.08,200.0,381.08,38.96
35,6632.17,5109.5,1522.67,1596.63
44,1320.55,1160.29,160.26,259.45
62,942.53,942.53,0.0,567.96
65,6984.16,5139.63,1844.53,1629.4
18,476.23,476.23,0.0,284.3
18,708.58,200.0,508.58,124.35
32,1931.31,1931.31,0.0,571.55
36,6165.25,4371.64,1793.61,1895.42
31,3264.25,3264.25,0.0,1100.86
28,940.57,469.63,470.94,299.33
34,2903.09,2903.09,0.0,1172.83
48,2196.5,1561.98,634.52,723.08
35,1792.86,1603.95,188.91,744.56
34,721.5,721.5,0.0,167.4
51,5043.26,3141.76,1901.5,861.92
18,2114.38,1370.28,744.1,760.89
48,545.21,402.75,142.46,153.82
31,555.87,450.29,105.58,281.67
26,426.51,274.23,152.28,72.78
54,2382.6,1664.47,718.13,459.9
24,481.06,200.0,281.06,115.91
66,380.22,325.23,54.99,209.71
18,833.59,833.59,0.0,365.61
44,696.19,549.17,147.02,261.89
18,5107.07,3236.34,1870.73,1090.22
36,765.36,295.37,469.99,150.71
37,1024.02,719.77,304.25,236.96
59,609.62,212.04,397.58,196.72
18,719.62,591.77,127.85,215.41
43,1769.82,1769.82,0.0,914.98
27,329.26,200.0,129.26,0.0
40,1413.52,200.0,1213.52,149.63
36,1011.17,371.45,639.72,134.68
47,1097.51,840.91,256.6,371.53
33,1832.08,1441.47,390.61,422.11
38,246.58,246.58,0.0,110.66
18,616.82,616.82,0.0,107.07
18,1144.4,963.98,180.42,641.46
33,1632.69,1096.09,536.6,395.18
49,1932.2,1724.1,208.1,386.07
23,2144.14,1632.06,512.08,701.12
23,1164.42,1164.42,0.0,320.75
18,851.79,655.96,195.83,281.5
31,1399.84,1164.31,235.53,389.22
18,1407.92,1407.92,0.0,711.99
28,1497.84,819.04,678.8,344.49
26,4783.81,3128.78,1655.03,1739.96
33,17866.42,14727.0,3139.42,4522.45
42,3862.23,2358.77,1503.46,605.18
48,654.35,654.35,0.0,358.38
23,2267.83,1649.28,618.55,919.78
43,5637.45,4427.64,1209.81,2304.43
39,1151.7,553.68,598.02,161.78
39,759.43,528.27,231.16,221.33
40,7729.37,5879.14,1850.23,1347.92
34,1348.28,983.5,364.78,269.55
21,1668.84,1668.84,0.0,524.27
48,4010.96,3269.68,741.28,1490.74
39,382.57,382.57,0.0,108.44
28,820.79,820.79,0.0,237.51
18,609.25,303.44,305.81,174.33
25,3244.84,2630.52,614.32,1303.26
49,2824.35,1886.6,937.75,1025.27
26,784.65,344.21,440.44,155.91
50,291.72,200.0,91.72,38.78
45,1811.72,1502.63,309.09,501.95
50,4185.57,2503.62,1681.95,679.27
28,3571.15,2644.72,926.43,624.89
46,4237.9,3530.09,707.81,1023.21
43,2137.29,1294.82,842.47,593.03
35,1278.12,772.93,505.19,380.76
53,1836.82,1817.89,18.93,667.43
33,3097.76,2327.11,770.65,739.04
18,2562.68,2225.18,337.5,1000.23
32,7916.53,6001.62,1914.91,2991.91
38,828.57,786.8,41.77,308.21
40,6902.83,5835.45,1067.38,2183.49
37,1561.42,1463.82,97.6,851.58
18,5417.45,3490.1,1927.35,1887.6
18,462.7,200.0,262.7,19.49
29,395.26,395.26,0.0,255.96
33,656.76,444.71,212.05,196.54
58,1948.56,1315.24,633.32,405.81
31,2833.06,2060.6,772.46,1033.11
43,1189.98,1189.98,0.0,292.76
21,1339.5,1226.82,112.68,522.67
34,963.81,230.47,733.34,97.27
30,12148.72,9912.21,2236.51,4926.02
31,855.56,573.56,282.0,157.31
55,2444.71,1500.4,944.31,352.93
18,2102.6,1944.76,157.84,1153.47
35,1497.76,1003.13,494.63,376.63
34,1556.3,1436.23,120.07,799.07
40,4832.91,3967.29,865.62,1327.94
28,1236.92,655.18,581.74,99.27
57,4183.66,3965.42,218.24,1964.3
53,481.8,200.0,281.8,57.83
31,2343.61,2074.06,269.55,723.89
27,727.8,727.8,0.0,320.6
31,792.56,792.56,0.0,414.17
67,1116.4,1116.4,0.0,329.3
42,848.63,848.63,0.0,166.97
56,15700.56,13440.25,2260.31,7420.66
18,2883.87,2159.83,724.04,1178.69
18,5601.55,3963.93,1637.62,1585.99
26,591.74,591.74,0.0,294.06
18,1113.71,936.86,176.85,308.84
35,616.16,616.16,0.0,203.75
18,968.99,968.99,0.0,373.06
20,725.36,328.37,396.99,181.86
55,1781.39,1761.38,20.01,935.12
44,1237.26,858.8,378.46,275.9
32,1158.03,1158.03,0.0,718.96
50,2864.72,2250.54,614.18,865.57
37,2241.62,1802.53,439.09,759.42
46,1014.13,252.81,761.32,153.57
47,4027.16,2849.34,1177.82,1196.89
45,3695.47,3124.74,570.73,1210.87
31,9970.63,6104.23,3866.4,1330.24
45,527.11,486.68,40.43,210.82
38,1113.93,810.77,303.16,257.88
25,1808.96,1430.49,378.47,476.58
18,5562.18,3389.89,2172.29,1747.37
18,1082.31,240.99,841.32,128.74
34,769.01,769.01,0.0,223.31
50,903.56,200.0,703.56,47.46
37,227.27,227.27,0.0,131.6
26,3674.11,2795.06,879.05,726.92
39,757.76,757.76,0.0,121.95
67,6521.39,5236.05,1285.34,2202.02
26,3332.28,2304.79,1027.49,965.09
32,870.93,592.66,278.27,379.4
56,602.69,208.76,393.93,99.7
49,6891.37,6115.47,775.9,1276.24
32,4943.48,3128.11,1815.37,1287.66
28,1029.7,840.63,189.07,380.59
60,977.71,894.19,83.52,196.11
34,782.59,782.59,0.0,212.92
32,662.99,298.36,364.63,118.92
24,2721.36,1947.97,773.39,1041.99
49,1163.87,952.18,211.69,371.56
41,4682.1,2818.23,1863.87,1264.72
18,882.57,882.57,0.0,551.89
32,4319.96,2844.52,1475.44,635.29
38,1524.98,1389.21,135.77,491.67
42,530.83,348.84,181.99,169.04
42,632.86,632.86,0.0,404.87
29,998.8,651.45,347.35,354.86
75,421.73,200.0,221.73,0.0
23,5073.79,3508.94,1564.85,2001.69
24,7953.44,5996.75,1956.69,1394.96
39,550.25,200.0,350.25,131.72
18,733.63,733.63,0.0,328.25
28,900.76,291.08,609.68,88.2
26,837.17,310.62,526.55,159.06
21,1106.85,908.24,198.61,316.35
29,494.33,494.33,0.0,186.47
35,1612.5,1092.01,520.49,614.6
18,2455.66,1398.72,1056.94,638.43
18,1526.38,1124.71,401.67,349.45
40,1341.41,999.96,341.45,286.18
20,588.33,588.33,0.0,216.46
20,3164.38,2639.32,525.06,594.87
18,987.2,718.44,268.76,193.63
57,2041.33,1736.96,304.37,351.1
18,1497.86,1099.9,397.96,453.1
61,4970.98,3039.36,1931.62,1199.06
28,1403.51,658.84,744.67,208.57
24,541.88,535.94,5.94,264.17
41,1541.94,971.71,570.23,537.85
39,1854.59,1734.26,120.33,810.45
47,378.63,378.63,0.0,125.78
30,547.14,547.14,0.0,264.1
18,1452.0,994.98,457.02,225.96
46,1672.88,1565.29,107.59,928.06
55,833.84,815.9,17.94,266.49
32,2025.47,1458.02,567.45,684.88
36,399.91,200.0,199.91,6.53
37,991.66,316.96,674.7,15.9
37,2023.56,1611.19,412.37,837.87
31,509.05,200.0,309.05,110.32
28,3195.03,2150.47,1044.56,1151.18
25,4146.11,2463.87,1682.24,870.1
19,2076.36,1630.11,446.25,396.32
30,650.66,499.73,150.93,224.87
43,1125.19,322.01,803.18,162.43
24,1245.09,1245.09,0.0,313.0
18,1449.19,1449.19,0.0,736.59
18,570.37,570.37,0.0,231.83
60,1381.83,764.93,616.9,410.35
48,2197.4,1733.83,463.57,498.98
42,659.33,244.34,414.99,136.41
33,1329.16,942.09,387.07,340.01
40,294.03,200.0,94.03,88.58
37,1949.72,1919.92,29.8,701.92
50,958.12,958.12,0.0,371.35
37,2847.46,1601.04,1246.42,884.42
21,343.09,200.0,143.09,65.53
38,2364.09,1576.84,787.25,744.09
18,6829.48,5257.07,1572.41,2380.02
46,4382.75,3835.71,547.04,1811.38
36,2317.99,2317.99,0.0,783.1
35,3177.57,3177.57,0.0,1452.45
33,807.01,715.59,91.42,343.9
32,2494.41,2155.24,339.17,1297.39
46,273.47,200.0,73.47,91.21
39,5980.2,4320.68,1659.52,1488.48
30,3096.33,2004.5,1091.83,577.09
49,2082.36,1845.31,237.05,871.74
33,2257.64,1801.33,456.31,628.31
39,2688.06,1796.71,891.35,381.2
23,817.45,320.23,497.22,175.46
30,790.83,790.83,0.0,459.87
48,7346.24,6203.25,1142.99,3048.2
41,1717.11,1566.34,150.77,415.18
33,355.41,355.41,0.0,104.26
29,1579.35,1579.35,0.0,788.25
24,1816.39,988.41,827.98,478.64
40,9770.32,6404.11,3366.21,1937.33
37,1628.55,983.53,645.02,565.61
40,3201.6,2346.95,854.65,1027.91
27,1047.19,618.6,428.59,285.96
23,2567.85,1925.17,642.68,792.71
54,2839.02,2296.09,542.93,1038.34
45,734.14,435.52,298.62,199.11
52,2179.62,1994.44,185.18,963.29
35,5645.08,3551.49,2093.59,1524.82
31,2211.76,1480.0,731.76,519.38
25,16026.59,11437.14,4589.45,2267.11
19,3097.91,2104.68,993.23,1255.23
49,1858.21,1576.82,281.39,780.75
66,3110.0,2520.09,589.91,1430.81
18,2457.87,1072.89,1384.98,301.77
67,11656.51,8668.15,2988.36,3342.36
32,883.39,883.39,0.0,156.29
41,3192.97,2577.9,615.07,1509.59
25,5377.69,3084.73,2292.96,1054.93
26,3542.85,2570.11,972.74,1185.25
38,6316.58,4198.72,2117.86,1047.38
29,1117.84,764.3,353.54,385.15
41,1570.68,1570.68,0.0,381.24
34,2036.4,2036.4,0.0,865.35
48,2142.24,2142.24,0.0,961.84
21,1706.37,1652.94,53.43,962.73
54,3169.1,1944.28,1224.82,994.88
22,4715.58,2689.84,2025.74,513.07
56,417.84,350.5,67.34,187.72
44,2064.99,1547.12,517.87,585.54
39,865.1,738.4,126.7,522.83
35,547.64,547.64,0.0,196.32
18,174.71,174.71,0.0,91.61
50,1209.94,1209.94,0.0,401.74
21,1668.37,1623.61,44.76,717.47
43,4886.82,3149.01,1737.81,1323.83
38,1027.76,750.66,277.1,92.56
18,8009.03,6658.1,1350.93,3149.93
42,1529.35,417.69,1111.66,110.82
33,2018.38,2018.38,0.0,567.86
30,7288.91,4593.76,2695.15,1602.61
49,1773.66,1773.66,0.0,929.12
24,1724.8,1724.8,0.0,475.97
31,1964.6,749.6,1215.0,288.36
26,3021.98,1964.37,1057.61,1077.91
38,1426.02,1426.02,0.0,548.2
57,3478.58,2180.54,1298.04,1184.26
32,1331.17,402.39,928.78,97.0
24,3068.37,2951.98,116.39,1689.92
47,456.05,200.0,256.05,35.5
30,1969.5,1560.59,408.91,608.83
48,2449.96,1979.09,470.87,404.03
18,842.52,842.52,0.0,417.52
34,4376.48,3303.49,1072.99,1554.49
43,2236.47,1356.26,880.21,672.83
18,1076.51,827.92,248.59,560.03
63,1242.2,857.91,384.29,251.76
47,3469.71,2911.25,558.46,1007.98
18,3584.44,1996.2,1588.24,1034.54
23,2830.64,2268.51,562.13,782.21
18,2844.44,2311.7,532.74,711.55
28,1391.77,1391.77,0.0,807.23
37,3023.36,2603.32,420.04,1016.25
18,4060.71,2332.14,1728.57,1370.43
47,4071.97,2977.99,1093.98,948.92
30,1034.64,467.57,567.07,181.23
18,2247.16,1390.81,856.35,590.37
30,1666.0,1471.24,194.76,448.03
18,2252.83,1436.69,816.14,456.5
26,3167.39,1974.83,1192.56,875.64
25,1445.1,1274.24,170.86,425.02
18,912.14,358.47,553.67,141.44
18,716.31,699.27,17.04,203.34
18,1011.15,658.07,353.08,359.2
18,1014.17,298.14,716.03,0.0
18,1440.8,760.28,680.52,253.69
41,5196.24,4373.98,822.26,1902.72
30,842.92,254.88,588.04,142.89
72,354.32,200.0,154.32,90.36
28,5229.26,3154.23,2075.03,624.92
18,2433.44,1733.0,700.44,502.75
43,1459.25,1220.37,238.88,398.87
28,821.78,625.0,196.78,81.88
28,2875.66,2188.45,687.21,586.41
43,1351.97,1351.97,0.0,614.93
18,901.96,901.96,0.0,297.28
42,1104.17,358.5,745.67,117.9
39,1737.55,1113.1,624.45,608.19
41,5727.04,4112.42,1614.62,1884.63
56,593.05,282.76,310.29,115.94
18,1718.33,1623.89,94.44,751.68
18,2231.3,1270.03,961.27,458.23
54,1726.76,1390.63,336.13,671.23
29,2696.25,1525.73,1170.52,405.48
42,2026.83,1625.07,401.76,339.47
40,599.95,567.42,32.53,429.39
32,6136.7,3630.64,2506.06,841.31
47,2459.92,2091.59,368.33,1227.55
48,841.08,841.08,0.0,329.54
27,769.45,769.45,0.0,123.55
25,1626.72,1188.89,437.83,358.09
24,1654.01,1429.73,224.28,688.03
59,916.99,460.57,456.42,340.13
18,5732.44,4525.19,1207.25,2206.35
47,1012.91,496.69,516.22,73.85
51,3991.75,3244.98,746.77,1787.78
36,1189.03,1189.03,0.0,372.42
32,1442.18,717.54,724.64,184.72
62,4680.81,3971.11,709.7,1063.11
44,1414.84,958.52,456.32,472.57
18,641.0,200.0,441.0,75.8
36,415.99,200.0,215.99,14.8
29,1413.18,825.24,587.94,144.92
24,2848.99,2539.98,309.01,1464.91
32,470.96,200.0,270.96,80.18
22,2937.63,2481.38,456.25,932.0
18,3453.31,2380.37,1072.94,1084.56
38,6484.3,5209.69,1274.61,1067.71
52,1037.95,629.6,408.35,345.97
21,938.99,333.17,605.82,153.7
29,2296.36,1591.42,704.94,691.19
55,3342.38,2115.04,1227.34,504.0
30,830.89,580.29,250.6,112.03
27,873.49,760.28,113.21,223.88
27,3811.17,2770.81,1040.36,1485.42
35,1726.95,1364.25,362.7,547.45
22,1234.82,1234.82,0.0,664.8
57,479.58,200.0,279.58,71.41
40,1167.09,869.44,297.65,324.3
39,3815.32,2755.33,1059.99,1059.77
33,5273.24,3755.13,1518.11,1265.98
36,4100.1,3546.67,553.43,1710.86
48,4478.01,3509.82,968.19,1559.24
24,1012.34,1012.34,0.0,278.77
49,1804.65,1423.79,380.86,593.21
34,1169.69,1092.57,77.12,387.44
32,2987.82,2509.61,478.21,822.33
18,1410.62,1410.62,0.0,696.28
32,730.98,430.47,300.51,125.34
32,2300.5,1478.94,821.56,396.18
31,2083.23,1526.9,556.33,435.89
30,9196.18,6388.54,2807.64,1422.18
53,1366.85,564.63,802.22,174.15
18,1166.43,536.64,629.79,84.78
47,1333.54,932.85,400.69,273.0
21,401.79,401.79,0.0,215.71
18,1019.99,853.69,166.3,159.25
20,2458.09,1768.32,689.77,1082.56
75,1791.92,1791.92,0.0,694.18
28,1826.21,1544.3,281.91,608.05
24,2504.72,1245.56,1259.16,617.95
37,2049.98,1468.09,581.89,597.05
25,1927.51,1905.73,21.78,752.76
25,1350.04,593.92,756.12,238.36
40,1597.52,1186.2,411.32,261.86
18,4798.17,3387.82,1410.35,1350.43
25,618.33,200.0,418.33,8.81
21,584.68,351.32,233.36,26.17
45,5746.39,3808.97,1937.42,1813.47
29,933.03,409.57,523.46,124.01
33,464.45,464.45,0.0,222.71
48,1548.27,1186.63,361.64,349.62
29,914.67,593.35,321.32,189.87
18,623.4,200.0,423.4,65.63
62,697.66,586.68,110.98,124.56
30,268.35,200.0,68.35,13.05
35,575.94,575.94,0.0,255.97
45,697.53,200.0,497.53,21.7
52,1169.64,1169.64,0.0,562.89
19,691.17,494.45,196.72,41.83
18,330.13,200.0,130.13,0.0
23,25100.84,19787.31,5313.53,10539.44
39,4366.7,2750.91,1615.79,791.59
38,1592.05,1212.01,380.04,511.74
39,1001.91,822.23,179.68,298.71
39,778.19,371.04,407.15,66.5
29,1637.3,1328.26,309.04,210.45
65,2206.92,2020.16,186.76,532.73
24,2679.8,2501.94,177.86,1502.74
48,558.9,228.63,330.27,24.81
37,8349.91,7744.66,605.25,3342.24
26,1881.25,1394.71,486.54,543.65
18,2202.99,1787.27,415.72,1031.77
54,787.16,787.16,0.0,321.22
28,2539.35,2161.85,377.5,913.04
58,415.0,200.0,215.0,44.93
33,4282.08,2965.83,1316.25,1585.93
41,2126.81,1523.58,603.23,365.83
47,866.74,458.79,407.95,119.46
51,300.02,300.02,0.0,169.43
31,839.95,398.78,441.17,174.05
44,754.69,277.39,477.3,139.3
59,448.45,200.0,248.45,54.02
57,701.63,701.63,0.0,420.39
35,702.65,452.39,250.26,142.05
25,846.68,775.95,70.73,151.08
47,1524.66,1124.79,399.87,364.73
51,1795.78,1558.73,237.05,303.89
35,3363.79,2863.59,500.2,1466.09
36,1649.02,1142.79,506.23,535.7
33,2211.67,2198.3,13.37,1070.47
49,2782.82,2782.82,0.0,771.32
25,4112.79,3558.47,554.32,1136.69
18,1664.61,1570.57,94.04,889.03
27,3203.35,2007.79,1195.56,718.06
44,337.13,200.0,137.13,62.82
32,2075.82,1500.49,575.33,517.16
28,4585.96,2738.45,1847.51,750.22
18,1361.09,739.52,621.57,256.79
30,2983.37,2262.5,720.87,710.74
51,494.91,494.91,0.0,165.07
38,2484.18,1687.13,797.05,755.18
41,2929.05,1728.14,1200.91,439.58
45,1411.92,1411.92,0.0,338.13
63,1056.53,450.89,605.64,153.89
58,6874.79,5191.81,1682.98,2983.49
33,3294.59,2595.57,699.02,426.32
34,827.17,827.17,0.0,348.29
18,922.82,864.63,58.19,328.81
18,2431.91,1648.73,783.18,563.69
44,750.82,329.01,421.81,143.31
34,615.96,615.96,0.0,154.46
45,4783.93,3654.16,1129.77,810.82
71,3599.68,3023.13,576.55,1095.56
32,11489.07,7335.86,4153.21,2565.44
60,7658.36,6143.26,1515.1,1739.79
32,1146.48,779.25,367.23,387.24
44,1103.04,235.23,867.81,0.0
25,2273.99,1285.8,988.19,750.43
40,533.92,533.92,0.0,137.06
53,1459.58,1459.58,0.0,767.03
31,2558.44,2495.29,63.15,729.82
64,1182.54,1020.18,162.36,417.19
65,3995.58,2571.4,1424.18,1579.09
54,3630.25,2248.58,1381.67,790.24
18,3075.55,2229.21,846.34,1146.35
36,5255.08,3104.14,2150.94,1461.31
34,761.13,743.84,17.29,369.74
43,1125.81,278.78,847.03,114.47
54,1498.99,1498.99,0.0,669.5
29,1594.46,1413.12,181.34,406.08
41,1129.81,1041.01,88.8,454.23
36,2196.67,1246.07,950.6,431.61
23,1702.52,1542.09,160.43,813.25
50,1586.26,1366.24,220.02,297.73
55,1750.4,1272.85,477.55,431.72
18,2826.23,2271.45,554.78,1175.69
24,5306.95,4140.53,1166.42,1600.64
37,2779.77,1934.85,844.92,698.18
18,1067.03,1015.53,51.5,289.77
39,988.72,715.69,273.03,281.04
19,6927.2,4966.42,1960.78,1543.41
52,1560.23,978.58,581.65,419.01
18,1303.18,1271.11,32.07,576.77
25,2263.3,1691.59,571.71,419.35
46,2267.27,2139.18,128.09,1113.82
45,347.66,200.0,147.66,196.21
67,385.64,200.0,185.64,43.42
28,14965.35,8841.58,6123.77,4389.77
27,1581.81,1253.68,328.13,568.3
44,2457.56,2168.03,289.53,636.75
37,680.88,286.88,394.0,63.63
26,1259.95,599.87,660.08,340.66
49,1573.66,1200.32,373.34,760.65
18,245.48,200.0,45.48,92.96
33,386.86,200.0,186.86,122.12
43,1403.83,872.36,531.47,460.71
43,2133.64,1609.9,523.74,511.06
31,1678.95,1147.89,531.06,661.45
26,786.67,786.67,0.0,264.88
39,669.81,200.0,469.81,104.41
38,813.46,437.28,376.18,185.0
19,2149.37,1107.22,1042.15,359.45
18,450.49,450.49,0.0,163.02
18,180.16,180.16,0.0,75.32
24,1172.52,971.2,201.32,438.5
47,488.42,488.42,0.0,125.21
26,1180.71,1011.57,169.14,558.69
42,548.34,200.0,348.34,0.31
47,2870.6,2273.32,597.28,1119.94
37,1014.54,402.98,611.56,131.97
28,2046.55,1638.17,408.38,663.63
41,1312.49,431.67,880.82,35.82
22,853.45,853.45,0.0,132.1
45,4043.63,3772.28,271.35,2114.96
44,559.91,200.0,359.91,156.98
45,817.18,817.18,0.0,340.41
55,1603.76,1596.92,6.84,598.44
48,4114.58,2684.91,1429.67,721.48
42,950.12,950.12,0.0,242.09
31,736.82,736.82,0.0,253.22
32,1572.5,951.23,621.27,283.32
54,4710.57,3566.03,1144.54,1021.73
44,1826.85,1379.21,447.64,730.59
54,1607.1,1096.83,510.27,515.54
47,978.64,263.22,715.42,135.38
31,1830.39,1608.23,222.16,607.48
53,701.98,701.98,0.0,313.19
18,1138.31,803.27,335.04,277.56
18,2011.84,1693.89,317.95,451.84
18,3938.05,3053.36,884.69,1001.54
18,1667.2,1526.7,140.5,942.01
39,390.49,212.88,177.61,138.34
38,1227.26,1227.26,0.0,275.89
21,992.66,655.02,337.64,183.71
44,548.28,548.28,0.0,309.83
18,2796.19,2122.21,673.98,665.63
18,2643.06,2218.2,424.86,1062.42
49,2896.76,1961.36,935.4,628.36
45,1621.19,1344.81,276.38,665.95
53,1270.23,1183.65,86.58,213.75
31,3407.19,2884.97,522.22,934.5
32,1045.31,659.25,386.06,216.42
18,1438.34,1240.62,197.72,637.8
18,1394.33,1394.33,0.0,637.08
25,1286.03,1111.3,174.73,544.95
54,2980.46,1816.18,1164.28,1026.4
70,2927.62,2458.53,469.09,723.48
39,6638.03,5191.96,1446.07,2325.31
27,1434.2,930.71,503.49,228.01
34,1898.8,1773.0,125.8,762.15
18,1092.57,1019.44,73.13,448.53
51,3160.47,1983.26,1177.21,561.73
34,12006.27,9639.69,2366.58,4636.93
22,2761.0,2027.88,733.12,631.67
31,1763.18,748.18,1015.0,221.62
29,1210.29,443.89,766.4,202.28
39,1064.22,687.77,376.45,281.87
24,872.41,442.07,430.34,177.6
46,10156.26,7119.11,3037.15,1657.42
31,6631.35,5083.56,1547.79,1976.63
36,5543.08,3831.62,1711.46,961.8
49,2899.19,1857.55,1041.64,531.15
18,11569.3,7313.87,4255.43,2656.66
31,865.53,865.53,0.0,446.77
18,2726.03,1867.93,858.1,585.85
29,4630.86,4286.05,344.81,1777.69
39,6121.22,4505.04,1616.18,1640.78
50,1412.41,1152.88,259.53,323.22
22,788.98,308.29,480.69,138.95
18,571.4,200.0,371.4,133.4
18,1218.0,1095.79,122.21,445.09
21,5368.54,3800.67,1567.87,1718.16
24,2146.6,1796.09,350.51,445.68
18,911.76,688.48,223.28,450.73
40,5443.37,2935.83,2507.54,763.46
26,2346.6,1369.19,977.41,731.05
35,984.59,984.59,0.0,555.24
42,4105.11,3622.71,482.4,1340.59
40,494.23,494.23,0.0,133.86
47,1076.68,1076.68,0.0,397.73
56,4036.94,3377.22,659.72,1907.17
41,499.55,238.6,260.95,25.51
28,1342.61,554.05,788.56,244.3
38,1105.71,1105.71,0.0,632.78
18,925.3,889.57,35.73,429.45
48,1013.05,824.51,188.54,250.76
52,495.91,495.91,0.0,353.76
30,1104.58,931.41,173.17,443.24
23,3048.12,2196.55,851.57,609.23
35,1301.32,384.51,916.81,233.72
33,992.79,992.79,0.0,232.72
42,351.71,200.0,151.71,135.9
30,2850.21,2134.27,715.94,1054.18
43,1695.41,926.04,769.37,317.87
53,1273.51,921.55,351.96,469.81
59,662.39,414.83,247.56,122.07
45,1537.14,1507.92,29.22,617.09
31,990.44,990.44,0.0,522.58
18,641.72,641.72,0.0,260.1
18,1672.51,1061.96,610.55,532.71
18,754.92,731.33,23.59,305.65
43,976.62,939.64,36.98,481.46
59,2660.68,2193.82,466.86,574.16
52,2714.8,2122.85,591.95,617.06
29,910.17,473.55,436.62,345.35
35,1044.37,1044.37,0.0,500.07
31,920.32,920.32,0.0,103.38
23,2328.28,2145.89,182.39,1285.7
73,460.32,460.32,0.0,243.12
63,5835.19,4877.85,957.34,1124.73
36,1419.89,1355.4,64.49,695.13
34,1229.25,618.57,610.68,242.85
58,1244.51,993.14,251.37,290.88
18,2317.94,2005.87,312.07,715.88
18,1270.35,490.1,780.25,242.86
23,1874.93,1636.16,238.77,387.15
23,898.58,621.3,277.28,281.48
41,1483.38,1040.07,443.31,322.41
36,752.91,200.0,552.91,76.2
18,828.99,509.18,319.81,325.01
21,2078.84,1662.75,416.09,509.83
70,1240.89,931.19,309.7,306.23
38,1771.51,1229.51,542.0,339.67
18,2567.64,1839.17,728.47,933.6
39,2782.53,2011.12,771.41,1054.1
18,1842.52,831.93,1010.59,156.48
57,874.29,339.62,534.67,221.75
44,699.68,294.51,405.17,97.37
24,411.86,226.83,185.03,101.3
18,1293.26,442.01,851.25,75.19
21,851.92,616.04,235.88,258.19
41,1451.54,1035.06,416.48,476.54
47,1313.8,943.04,370.76,568.12
25,819.53,819.53,0.0,231.93
18,2721.32,2592.42,128.9,730.39
57,2218.96,1587.18,631.78,353.25
18,1175.84,1157.96,17.88,470.11
50,2163.32,1246.68,916.64,424.97
31,796.02,673.94,122.08,308.5
18,1521.79,781.8,739.99,256.42
48,6643.35,4829.08,1814.27,1305.22
18,2224.34,1885.54,338.8,962.08
18,14361.38,10299.81,4061.57,3103.55
46,8067.52,7128.08,939.44,1905.89
26,736.17,355.15,381.02,20.99
48,649.94,649.94,0.0,426.36
41,740.69,220.45,520.24,125.66
18,588.65,386.3,202.35,170.16
18,2108.48,1928.42,180.06,1096.7
44,2447.48,2447.48,0.0,1010.25
64,3986.47,3530.48,455.99,1179.36
38,1929.07,1764.99,164.08,909.15
31,601.85,343.7,258.15,178.26
39,1305.62,677.52,628.1,243.04
30,5079.68,4476.56,603.12,2129.96
38,1519.54,1037.53,482.01,331.23
25,378.1,277.78,100.32,84.4
75,1313.22,1313.22,0.0,538.89
21,2625.37,2625.37,0.0,900.27
49,1612.07,908.92,703.15,349.56
30,5373.21,3317.19,2056.02,1051.07
18,1759.05,1740.79,18.26,652.79
43,1194.63,549.9,644.73,203.95
26,1216.85,1037.2,179.65,585.01
38,6161.82,4985.03,1176.79,1092.93
34,627.39,516.51,110.88,210.18
51,1165.79,818.03,347.76,367.32
30,1426.18,946.1,480.08,601.35
36,1859.45,1859.45,0.0,714.08
34,1738.38,1488.72,249.66,871.61
56,1289.55,903.49,386.06,490.46
30,450.04,200.0,250.04,49.99
53,1117.15,479.97,637.18,260.91
58,5066.16,3648.41,1417.75,1833.1
45,859.47,236.83,622.64,73.99
50,2703.54,2151.19,552.35,1227.68
27,2906.82,1879.35,1027.47,1052.35
24,3016.28,1529.11,1487.17,338.42
18,322.33,322.33,0.0,198.93
29,826.18,302.44,523.74,38.98
27,1435.46,800.81,634.65,160.88
18,691.89,330.81,361.08,25.57
60,1134.17,831.7,302.47,422.82
30,497.91,497.91,0.0,284.79
46,1521.84,1225.33,296.51,415.99
29,701.96,701.96,0.0,199.21
43,2157.29,1809.97,347.32,744.99
32,3359.79,2374.76,985.03,981.64
36,821.63,821.63,0.0,212.22
41,1188.36,864.56,323.8,223.31
60,934.75,934.75,0.0,399.79
36,991.12,446.31,544.81,95.21
40,1118.01,435.98,682.03,252.24
24,8577.82,5458.84,3118.98,2282.63
43,6397.92,5393.1,1004.82,3001.26
18,1482.21,608.14,874.07,172.27
54,2715.08,2267.22,447.86,505.35
27,3371.29,1948.73,1422.56,1108.43
18,1722.93,1382.48,340.45,561.64
26,1870.02,829.42,1040.6,397.02
26,1096.66,738.75,357.91,199.57
27,1505.7,1382.51,123.19,560.28
22,313.56,200.0,113.56,81.37
35,3382.08,1801.68,1580.4,803.5
25,532.95,530.07,2.88,170.0
32,1284.77,1131.45,153.32,382.8
21,1933.51,1933.51,0.0,1087.55
59,1042.52,787.5,255.02,196.89
21,677.48,511.59,165.89,152.09
43,359.84,200.0,159.84,46.1
19,576.94,548.0,28.94,122.46
39,686.85,370.34,316.51,153.42
27,1102.4,860.16,242.24,284.6
32,8670.5,5906.13,2764.37,1593.54
27,1240.92,1174.0,66.92,454.81
18,1793.07,1170.54,622.53,677.04
28,1403.21,544.92,858.29,151.79
25,2124.83,1671.21,453.62,471.59
36,1495.41,991.5,503.91,642.82
26,378.03,200.0,178.03,119.32
49,549.9,379.61,170.29,55.57
45,1395.38,973.85,421.53,343.22
23,1702.06,1702.06,0.0,439.4
18,1310.26,873.93,436.33,144.53
44,2255.13,1574.24,680.89,889.88
24,1001.65,485.22,516.43,399.93
44,1472.52,1407.17,65.35,610.47
32,2294.46,1908.39,386.07,972.64
47,642.96,411.16,231.8,138.81
33,725.86,558.68,167.18,90.55
43,796.96,345.09,451.87,125.95
25,1118.5,884.62,233.88,286.54
26,4075.51,2693.31,1382.2,1262.59
18,9014.59,5366.89,3647.7,2914.14
45,1791.58,1650.95,140.63,448.53
30,2150.15,1114.42,1035.73,410.13
23,3919.2,3220.49,698.71,1316.21
33,776.24,270.66,505.58,128.74
30,497.3,200.0,297.3,125.6
39,1588.58,941.59,646.99,407.67
41,435.42,435.42,0.0,158.89
59,1126.98,543.88,583.1,278.83
58,1801.57,1461.32,340.25,508.14
42,1738.78,1183.38,555.4,516.36
27,1196.5,522.56,673.94,346.93
45,853.06,853.06,0.0,482.83
29,11288.99,8474.05,2814.94,2194.75
62,1657.12,948.91,708.21,171.02
37,925.39,673.4,251.99,278.96
18,4361.07,3699.57,661.5,1977.0
34,7703.72,5661.45,2042.27,1751.34
37,1668.81,1192.36,476.45,284.64
70,1857.08,1124.85,732.23,384.68
18,1132.67,933.15,199.52,325.55
30,2637.73,1868.72,769.01,665.4
42,925.02,925.02,0.0,235.59
25,1418.92,1120.7,298.22,652.42
40,1389.37,966.02,423.35,393.92
35,4077.0,2598.48,1478.52,1433.37
29,758.45,729.27,29.18,183.22
37,2146.33,1518.86,627.47,641.13
18,3588.94,2200.24,1388.7,896.49
18,1637.65,1384.66,252.99,389.41
39,1303.05,841.35,461.7,429.7
28,2300.29,1546.79,753.5,359.67
43,1129.56,1129.56,0.0,657.55
40,477.68,283.86,193.82,132.47
18,3988.71,2909.64,1079.07,694.92
37,668.38,668.38,0.0,297.52
75,2071.03,1495.1,575.93,334.52
18,1673.36,1231.94,441.42,648.76
27,4082.27,3444.48,637.79,1741.13
34,2818.61,1673.65,1144.96,940.49
48,271.58,200.0,71.58,23.3
20,4700.85,3209.19,1491.66,741.21
64,1116.85,697.18,419.67,286.29
50,1432.83,1432.83,0.0,542.3
39,3923.99,3630.36,293.63,2238.08
51,1336.72,626.64,710.08,308.86
34,3820.3,3160.17,660.13,1469.48
52,410.15,410.15,0.0,149.82
29,3455.52,2327.87,1127.65,1186.3
36,1041.44,964.96,76.48,571.57
37,1035.53,642.16,393.37,319.67
37,3535.54,2620.35,915.19,1428.71
18,2158.98,921.79,1237.19,440.37
27,230.88,200.0,30.88,60.5
18,2191.12,1000.6,1190.52,555.86
53,783.64,376.4,407.24,121.71
39,3069.49,2272.42,797.07,1046.41
34,1804.63,1127.89,676.74,512.12
52,860.68,860.68,0.0,498.44
47,2755.25,1906.59,848.66,581.7
26,8207.9,5298.17,2909.73,1804.92
33,1962.17,1230.78,731.39,705.92
30,3108.84,2123.45,985.39,517.44
32,1228.79,440.65,788.14,382.37
22,1173.29,1173.29,0.0,389.54
26,227.44,200.0,27.44,50.06
44,1282.15,1004.46,277.69,410.1
21,549.47,535.59,13.88,168.77
43,6797.25,5657.41,1139.84,2058.04
25,1106.54,1106.54,0.0,333.65
48,2012.69,1367.55,645.14,759.14
25,4067.07,3407.97,659.1,1439.28
60,2100.17,1911.08,189.09,523.14
36,3958.86,2705.8,1253.06,1475.37
18,2979.28,2744.36,234.92,652.82
48,861.46,635.25,226.21,43.53
23,961.85,200.0,761.85,46.24
18,2013.1,909.97,1103.13,321.27
46,1062.16,1062.16,0.0,203.28
44,443.03,200.0,243.03,0.0
45,939.87,674.54,265.33,427.29
24,1435.5,996.54,438.96,447.47
50,1664.94,1548.44,116.5,727.53
41,4338.81,3025.8,1313.01,777.15
18,2887.78,2367.38,520.4,698.76
18,5113.68,3531.02,1582.66,1679.89
18,3601.45,3096.25,505.2,1127.86
46,2418.07,1665.48,752.59,772.53
43,851.46,642.2,209.26,400.7
37,1514.83,1479.76,35.07,451.23
58,2260.46,1256.38,1004.08,336.92
67,1814.36,1552.12,262.24,529.42
21,2071.21,1371.62,699.59,762.64
30,1837.89,1348.47,489.42,624.11
41,1769.63,1037.71,731.92,376.51
51,544.84,241.68,303.16,135.57
55,427.05,407.46,19.59,134.82
49,2310.43,2256.95,53.48,725.62
37,2359.68,1828.91,530.77,846.12
35,1966.66,1901.77,64.89,476.88
55,2842.3,2559.99,282.31,765.71
24,1744.1,1072.63,671.47,450.73
41,1371.94,650.73,721.21,178.41
18,772.62,772.62,0.0,277.32
42,762.58,332.17,430.41,207.3
55,2542.93,1718.98,823.95,610.54
41,1185.98,1185.98,0.0,459.81
26,501.68,203.91,297.77,40.87
34,1260.7,1042.42,218.28,351.74
21,1804.5,1316.41,488.09,782.67
39,370.6,291.22,79.38,198.28
18,1119.26,877.57,241.69,219.76
18,4934.11,3461.06,1473.05,912.06
41,1143.32,1089.32,54.0,567.49
46,1405.12,966.73,438.39,304.93
25,3829.67,2897.87,931.8,1579.41
30,763.81,699.47,64.34,307.02
35,1323.67,1239.57,84.1,695.44
50,2194.72,1481.04,713.68,696.6
19,612.01,382.93,229.08,183.09
18,10236.05,7583.54,2652.51,2148.06
35,966.77,954.11,12.66,365.65
22,1934.94,1905.66,29.28,961.3
59,869.33,571.0,298.33,295.33
18,999.68,698.49,301.19,359.31
18,445.76,269.03,176.73,111.32
32,3413.85,2530.35,883.5,1565.35
31,1591.68,1311.6,280.08,482.28
25,2190.24,1584.5,605.74,559.57
40,2896.47,2419.38,477.09,631.53
39,1578.55,991.93,586.62,350.61
31,872.44,872.44,0.0,230.84
25,1238.69,505.95,732.74,0.0
62,4038.4,3646.43,391.97,1627.5
34,6332.38,5181.37,1151.01,1110.52
33,434.66,200.0,234.66,100.03
33,573.17,200.0,373.17,127.64
46,4548.14,4394.99,153.15,1964.9
51,2178.15,2178.15,0.0,604.76
36,885.78,631.06,254.72,156.97
58,1036.82,1036.82,0.0,516.87
46,3327.55,2633.88,693.67,1609.55
41,956.46,928.43,28.03,468.49
27,2499.59,2107.01,392.58,701.24
27,2680.0,1965.03,714.97,500.68
43,2037.49,1469.61,567.88,781.22
22,2617.75,2081.56,536.19,872.22
18,1280.81,314.94,965.87,218.26
20,1473.22,685.23,787.99,357.04
56,3711.12,2550.55,1160.57,1060.32
37,3953.39,2728.65,1224.74,1409.52
75,1971.03,1199.76,771.27,614.67
18,2789.02,2051.78,737.24,1142.59
29,1100.75,1030.52,70.23,349.23
28,825.49,417.81,407.68,164.7
18,2472.69,2004.92,467.77,813.18
38,1345.87,605.65,740.22,293.79
34,2082.52,1316.05,766.47,823.25
27,1234.13,1234.13,0.0,777.99
18,2277.25,1308.31,968.94,509.91
18,1099.09,818.63,280.46,293.57
63,2215.83,1674.16,541.67,920.57
32,2590.61,1720.68,869.93,803.0
55,1781.38,1179.12,602.26,593.88
22,1732.12,990.33,741.79,503.25
18,1939.57,1120.57,819.0,564.17
24,2121.41,1999.27,122.14,773.32
31,989.84,389.42,600.42,285.8
30,813.31,768.24,45.07,363.39
44,2016.29,1681.3,334.99,680.66
35,1663.18,827.24,835.94,429.55
55,276.05,200.0,76.05,3.61
37,1002.77,423.9,578.87,175.19
47,3361.33,2758.52,602.81,1402.32
46,1346.11,657.04,689.07,281.03
22,961.13,621.32,339.81,231.53
18,445.81,200.0,245.81,107.1
47,1323.13,630.03,693.1,206.3
22,667.51,667.51,0.0,236.81
41,2716.58,2230.1,486.48,1069.24
42,3457.65,2263.57,1194.08,674.45
34,2352.77,1853.92,498.85,801.11
46,239.82,200.0,39.82,59.27
41,1227.86,1095.89,131.97,393.22
53,15277.69,11877.71,3399.98,5491.43
43,608.82,200.0,408.82,0.0
29,3449.68,3108.77,340.91,1554.03
45,3338.77,2257.75,1081.02,799.97
30,1751.0,1079.16,671.84,277.29
40,3035.49,2701.98,333.51,886.63
33,1238.4,944.49,293.91,304.13
21,2021.81,1119.91,901.9,657.49
23,582.2,200.0,382.2,135.14
44,2262.96,2262.96,0.0,957.4
57,584.62,200.0,384.62,144.51
37,2094.35,1375.43,718.92,228.1
46,4025.42,3084.96,940.46,832.85
43,2717.83,1373.47,1344.36,427.37
48,7674.67,6070.74,1603.93,2228.74
56,551.82,513.91,37.91,274.5
18,2676.18,2280.82,395.36,921.2
19,1549.32,1405.41,143.91,811.6
27,2176.72,1122.74,1053.98,496.44
32,1243.26,992.72,250.54,471.16
38,3272.19,2623.22,648.97,756.02
19,2866.98,1984.92,882.06,713.82
29,1533.23,1533.23,0.0,662.52
27,2727.6,2209.32,518.28,1157.18
52,8792.59,5176.87,3615.72,2877.62
26,1443.24,723.62,719.62,197.06
21,1545.15,1368.1,177.05,351.89
62,1483.91,1350.19,133.72,464.75
48,423.64,284.15,139.49,74.03
39,2299.27,1335.4,963.87,580.38
49,1637.93,1544.54,93.39,606.5
18,440.39,200.0,240.39,92.16
20,1616.58,1517.56,99.02,899.88
18,2409.99,1638.53,771.46,824.93
36,431.66,431.66,0.0,251.39
24,601.44,426.36,175.08,189.51
56,1698.73,1260.9,437.83,646.31
52,1564.85,1564.85,0.0,391.83
40,1574.11,1306.57,267.54,195.5
54,1330.58,815.23,515.35,256.13
65,9791.11,6211.1,3580.01,3063.01
60,4607.0,4066.76,540.24,2329.66
62,2001.74,1578.27,423.47,801.72
33,1786.47,1410.11,376.36,842.59
46,1198.09,398.63,799.46,206.84
26,1910.39,754.54,1155.85,223.55
32,7961.3,6238.78,1722.52,1955.03
46,1495.22,1495.22,0.0,834.9
33,5105.51,3683.12,1422.39,1847.26
61,4797.12,3638.49,1158.63,1658.87
58,3692.35,2574.09,1118.26,944.59
24,1714.73,1506.1,208.63,447.57
18,1186.2,928.7,257.5,461.84
18,2131.84,1371.12,760.72,431.61
33,12363.91,9868.8,2495.11,3084.33
28,1738.33,780.94,957.39,572.4
25,4473.17,2861.76,1611.41,1099.58
34,2602.76,1586.76,1016.0,881.13
47,1069.12,1069.12,0.0,312.78
40,1782.82,1412.0,370.82,389.55
62,3820.23,3087.71,732.52,669.2
21,1054.52,938.37,116.15,276.38
18,1164.71,915.57,249.14,196.86
28,602.77,374.6,228.17,211.68
50,1172.85,863.69,309.16,249.09
30,1008.42,496.59,511.83,228.7
18,2004.09,1441.02,563.07,386.8
41,3205.56,2330.69,874.87,1237.23
21,444.98,200.0,244.98,83.16
48,2039.1,1766.41,272.69,324.41
32,603.6,200.0,403.6,41.84
30,3474.5,2619.25,855.25,1447.48
48,1102.69,1102.69,0.0,317.65
34,1347.06,713.16,633.9,335.17
53,1870.47,1335.57,534.9,602.14
29,4130.9,3209.35,921.55,1421.47
31,3997.69,3193.0,804.69,1661.68
61,5984.46,4773.71,1210.75,1773.29
50,1340.18,1340.18,0.0,468.11
18,1055.17,530.45,524.72,193.9
37,2722.42,2076.28,646.14,1119.33
33,2192.77,2054.56,138.21,914.81
28,2704.47,1910.75,793.72,510.06
24,605.93,200.0,405.93,40.86
39,988.59,538.66,449.93,135.88
75,1308.77,905.54,403.23,313.93
35,3324.86,3324.86,0.0,1596.96
46,1753.66,762.59,991.07,363.91
46,1287.86,1147.54,140.32,374.26
29,513.69,513.69,0.0,276.35
42,1289.55,1178.47,111.08,271.79
35,1335.11,1029.49,305.62,604.07
18,1894.91,1195.38,699.53,579.36
23,853.79,716.78,137.01,412.9
54,838.56,838.56,0.0,179.42
38,1089.73,954.31,135.42,494.88
23,376.55,200.0,176.55,39.36
47,746.56,536.92,209.64,213.25
32,2169.81,1793.83,375.98,491.05
31,1184.78,935.91,248.87,542.07
30,943.02,537.68,405.34,309.11
52,1909.68,1909.68,0.0,437.48
47,3356.63,2353.59,1003.04,683.78
30,1649.48,789.54,859.94,351.88
24,1862.16,1647.95,214.21,625.4
18,1329.91,980.42,349.49,259.79
18,1774.05,1248.84,525.21,487.79
42,3881.44,2836.99,1044.45,1451.94
25,3895.06,1812.75,2082.31,848.71
29,983.11,865.86,117.25,222.8
74,1563.35,1458.59,104.76,887.19
41,700.53,200.0,500.53,184.35
31,2691.05,2459.24,231.81,1025.4
22,2429.68,2050.39,379.29,956.17
26,2152.83,1430.57,722.26,668.04
26,902.0,200.0,702.0,25.71
37,1161.32,942.7,218.62,305.73
31,1042.01,757.74,284.27,426.54
55,420.82,420.82,0.0,89.39
38,1274.61,1233.1,41.51,248.56
18,1538.68,430.21,1108.47,202.82
30,1751.61,950.16,801.45,470.62
36,2705.34,1730.8,974.54,627.79
35,815.98,815.98,0.0,432.82
42,735.92,200.0,535.92,130.82
18,1467.96,886.12,581.84,283.66
39,1249.93,1091.4,158.53,430.25
21,1162.46,815.57,346.89,298.58
58,3026.78,2474.42,552.36,1134.81
75,820.53,200.0,620.53,146.88
26,990.0,631.8,358.2,275.69
20,2895.79,2063.37,832.42,735.74
23,331.97,200.0,131.97,55.03
40,1012.8,1012.8,0.0,270.01
44,3089.11,1973.21,1115.9,696.85
18,5314.0,3622.23,1691.77,1977.17
44,655.02,655.02,0.0,312.96
19,1268.76,991.79,276.97,507.45
70,1588.8,1042.01,546.79,479.75
19,386.52,201.5,185.02,51.21
25,1425.42,1425.42,0.0,358.07
37,2405.58,1223.82,1181.76,503.26
59,2309.69,1767.9,541.79,456.85
49,5085.8,3211.6,1874.2,929.46
44,2314.56,1414.57,899.99,537.44
19,1437.2,989.97,447.23,480.58
38,564.66,291.19,273.47,42.26
32,5188.6,3928.97,1259.63,1129.68
41,992.76,584.35,408.41,154.13
44,2282.19,2067.56,214.63,1234.86
28,1068.87,1024.84,44.03,432.53
21,2895.07,1979.35,915.72,1128.25
59,1045.94,769.4,276.54,304.15
48,1274.92,704.17,570.75,268.32
36,1397.65,933.27,464.38,298.87
18,831.6,695.09,136.51,375.16
70,4839.8,3614.58,1225.22,1353.46
23,319.42,319.42,0.0,59.19
37,926.8,926.8,0.0,391.63
27,2078.84,1886.96,191.88,470.36
60,2374.67,1436.82,937.85,598.09
32,808.77,528.58,280.19,274.0
59,1389.81,1010.36,379.45,590.29
18,2466.05,1449.85,1016.2,347.41
28,1591.65,948.83,642.82,250.12
45,4053.02,3076.01,977.01,1344.84
26,534.92,534.92,0.0,292.19
18,345.18,345.18,0.0,62.15
20,868.94,597.18,271.76,371.82
49,725.71,716.03,9.68,153.31
43,6422.78,5679.19,743.59,3363.67
18,1608.26,771.87,836.39,464.59
25,3133.36,2694.52,438.84,1278.8
46,904.24,761.46,142.78,222.94
34,884.2,468.4,415.8,134.57
27,351.47,351.47,0.0,166.13
35,4214.37,3837.49,376.88,1568.3
18,1090.65,630.47,460.18,87.86
41,958.73,532.87,425.86,242.08
27,2031.73,1794.58,237.15,420.67
24,2697.21,1280.25,1416.96,387.57
52,660.37,660.37,0.0,101.61
38,3235.51,2110.38,1125.13,1134.09
39,1318.71,911.35,407.36,367.35
27,409.77,409.77,0.0,45.61
38,2133.33,1933.19,200.14,593.54
37,2803.87,1931.32,872.55,1081.99
48,2604.58,1129.98,1474.6,433.73
24,925.28,813.44,111.84,474.66
18,2126.48,1663.05,463.43,792.99
18,148.59,148.59,0.0,89.06
18,1584.49,1365.57,218.92,304.89
19,3011.43,2008.89,1002.54,789.66
38,366.11,366.11,0.0,137.99
38,632.48,241.92,390.56,113.23
18,1821.05,1342.18,478.87,718.23
18,1972.51,1493.45,479.06,836.78
33,584.73,394.03,190.7,266.79
58,1146.81,1060.13,86.68,552.12
29,1094.8,999.11,95.69,331.68
18,1286.55,920.37,366.18,217.94
18,802.44,702.5,99.94,299.46
31,1078.73,929.97,148.76,364.63
29,3431.49,2825.35,606.14,1654.17
57,1127.35,1127.35,0.0,393.33
48,1056.73,337.12,719.61,175.45
32,1232.79,1088.91,143.88,484.57
18,424.95,392.11,32.84,23.77
18,1208.36,1208.36,0.0,400.08
33,330.26,293.66,36.6,91.07
61,708.77,648.44,60.33,135.77
33,1109.32,1100.41,8.91,432.54
69,736.91,423.95,312.96,0.0
30,2597.72,1486.98,1110.74,586.19
18,220.02,200.0,20.02,134.77
36,1609.83,1117.72,492.11,562.86
33,3354.6,2141.89,1212.71,1095.23
30,808.39,745.63,62.76,373.47
46,1027.22,791.82,235.4,264.45
51,1885.72,1121.12,764.6,627.66
35,622.98,464.35,158.63,235.43
38,404.74,200.0,204.74,59.3
37,2381.98,2119.14,262.84,1144.25
29,815.06,200.0,615.06,51.08
18,588.92,588.92,0.0,135.87
36,3908.02,3333.67,574.35,1262.13
26,1421.61,1178.65,242.96,416.88
18,742.87,536.63,206.24,225.35
49,1104.34,672.59,431.75,278.51
24,441.89,200.0,241.89,84.61
38,1517.7,1016.08,501.62,406.71
39,818.04,324.28,493.76,69.47
18,1318.79,946.03,372.76,394.0
36,2168.04,1982.31,185.73,885.83
23,2543.27,2126.29,416.98,1177.37
26,1054.12,1054.12,0.0,470.85
18,2578.55,2108.73,469.82,1228.26
35,1198.64,708.28,490.36,225.62
41,1078.16,564.88,513.28,196.67
22,1429.3,904.08,525.22,555.95
21,323.67,200.0,123.67,173.91
42,1687.62,1543.96,143.66,522.47
18,3077.81,3077.81,0.0,1072.87
24,2966.74,2519.01,447.73,985.83
49,2221.46,1511.4,710.06,772.23
51,448.4,448.4,0.0,147.91
56,2433.64,1437.07,996.57,480.76
30,1274.48,672.55,601.93,357.68
18,454.97,200.0,254.97,83.65
37,1288.89,1058.52,230.37,491.17
37,183.39,183.39,0.0,54.19
40,779.94,459.91,320.03,302.82
42,387.28,387.28,0.0,160.09
27,522.88,522.88,0.0,167.65
56,1154.44,674.32,480.12,304.87
54,908.29,908.29,0.0,336.2
53,567.07,289.06,278.01,156.03
41,3535.26,2280.32,1254.94,698.75
56,1127.81,448.94,678.87,359.81
34,1364.97,358.33,1006.64,58.8
39,1304.7,1304.7,0.0,788.57
18,879.23,830.96,48.27,186.95
18,1807.21,1026.64,780.57,135.45
20,883.6,883.6,0.0,261.23
30,2685.24,2121.2,564.04,784.29
24,2160.22,2160.22,0.0,991.24
22,4277.64,2467.93,1809.71,971.8
48,1674.67,1113.31,561.36,275.15
29,3830.72,2987.66,843.06,1568.64
26,364.91,200.0,164.91,58.18
49,905.9,710.67,195.23,189.93
44,1083.69,700.9,382.79,442.41
32,1618.17,805.93,812.24,404.88
18,3386.42,2799.77,586.65,1574.34
33,342.84,342.84,0.0,119.77
22,875.73,875.73,0.0,182.12
75,1645.57,914.92,730.65,346.09
36,1931.33,1599.1,332.23,405.95
56,3026.85,1731.75,1295.1,567.31
23,2159.01,808.93,1350.08,206.8
51,1088.55,593.61,494.94,206.12
31,1040.58,876.4,164.18,323.49
18,1210.8,1210.21,0.59,330.47
31,503.02,245.63,257.39,152.17
18,796.14,735.16,60.98,374.53
43,933.39,646.25,287.14,211.96
32,712.61,712.61,0.0,142.32
50,1715.87,1071.16,644.71,562.83
18,610.93,200.0,410.93,170.76
21,1436.55,1370.49,66.06,672.15
38,1211.96,1051.81,160.15,468.46
21,1067.01,933.61,133.4,378.24
39,472.01,472.01,0.0,119.49
51,1186.41,558.47,627.94,266.05
23,1510.84,856.42,654.42,468.64
19,243.27,243.27,0.0,70.57
25,1356.66,1168.16,188.5,294.91
30,1336.59,436.16,900.43,206.52
27,284.37,200.0,84.37,104.63
19,2721.53,1485.88,1235.65,836.27
34,1758.62,1242.6,516.02,871.52
47,1384.25,938.82,445.43,472.77
30,806.56,363.41,443.15,193.29
42,809.75,517.86,291.89,91.14
24,555.78,555.78,0.0,292.02
35,2806.43,2242.72,563.71,755.72
26,1379.16,938.96,440.2,373.86
31,232.61,232.61,0.0,19.25
34,3070.33,2442.47,627.86,560.79
28,1043.16,930.79,112.37,93.65
27,1035.24,933.05,102.19,203.14
44,1091.28,974.07,117.21,421.08
58,535.28,409.73,125.55,56.32
50,3469.74,2862.23,607.51,621.05
21,3172.86,2647.73,525.13,748.48
18,1335.17,897.34,437.83,361.69
42,3786.89,2823.04,963.85,1005.89
18,5744.8,5237.2,507.6,1536.06
24,996.91,907.95,88.96,546.92
33,788.46,647.27,141.19,287.09
23,2225.17,1398.97,826.2,886.87
30,1050.57,1050.57,0.0,550.18
54,111.69,111.69,0.0,15.87
20,2427.19,1961.59,465.6,685.56
18,4836.59,4080.3,756.29,2397.85
31,1321.37,1321.37,0.0,437.34
34,1444.43,1444.43,0.0,759.38
45,757.2,200.0,557.2,110.25
21,1379.64,393.68,985.96,84.27
18,703.02,573.73,129.29,185.36
50,845.95,662.25,183.7,316.54
41,798.87,798.87,0.0,274.35
28,1236.38,1236.38,0.0,254.85
38,4469.07,3869.41,599.66,1079.57
45,2305.7,1989.56,316.14,487.18
31,4442.46,3998.97,443.49,2080.78
33,471.52,435.22,36.3,153.36
26,1856.21,1219.12,637.09,263.13
18,6534.36,4545.55,1988.81,2397.61
26,551.11,200.0,351.11,32.46
50,2209.23,1353.58,855.65,650.85
22,2802.59,2247.97,554.62,855.4
18,779.06,468.71,310.35,308.34
36,1232.9,1212.19,20.71,660.63
65,1828.44,1393.08,435.36,444.51
49,1234.72,1104.32,130.4,525.73
25,545.85,460.98,84.87,199.9
47,418.67,200.0,218.67,131.57
51,2326.72,2326.72,0.0,706.01
43,937.83,937.83,0.0,202.44
40,600.22,247.64,352.58,70.38
28,2149.87,2043.54,106.33,641.7
18,4826.63,4712.93,113.7,1200.36
43,3941.96,2446.95,1495.01,962.5
24,2332.84,2332.84,0.0,1004.89
23,1263.75,336.6,927.15,86.31
52,1491.63,1114.8,376.83,617.74
30,3564.47,2357.9,1206.57,849.48
18,1630.05,1222.42,407.63,591.05
31,4424.68,3294.17,1130.51,1590.07
18,501.98,348.86,153.12,157.77
35,1673.23,1657.07,16.16,827.01
18,2202.8,1068.56,1134.24,360.81
51,567.23,200.0,367.23,62.96
23,326.75,326.75,0.0,149.43
39,7058.19,4836.41,2221.78,1421.82
20,2316.27,2203.47,112.8,495.33
25,7053.07,5857.02,1196.05,2147.99
53,1162.16,941.91,220.25,304.44
46,356.34,200.0,156.34,159.04
18,1703.76,1334.18,369.58,559.48
40,1131.19,648.52,482.67,130.44
23,2409.63,1435.31,974.32,600.24
49,1504.97,518.39,986.58,106.02
30,877.13,550.32,326.81,114.68
18,4073.72,3363.9,709.82,804.13
46,3132.64,1745.09,1387.55,459.69
57,658.77,200.0,458.77,123.68
50,1688.94,1003.95,684.99,447.68
38,1003.41,1003.41,0.0,238.56
54,221.57,221.57,0.0,66.03
53,2307.92,1322.27,985.65,687.18
18,1644.66,1358.57,286.09,417.91
29,6157.59,5451.56,706.03,1530.06
41,286.62,200.0,86.62,68.28
43,2288.51,1195.75,1092.76,533.45
54,2653.33,1976.48,676.85,478.71
48,2451.74,1667.64,784.1,529.89
26,1120.07,506.42,613.65,215.88
40,637.69,489.28,148.41,134.31
33,1388.52,767.34,621.18,289.62
23,1902.9,1723.87,179.03,904.76
39,3473.23,3067.86,405.37,996.28
18,1028.3,200.0,828.3,0.0
24,4537.16,4209.34,327.82,1861.63
29,1831.24,1354.33,476.91,442.58
21,155.59,155.59,0.0,65.49
33,1216.82,511.15,705.67,240.87
18,1809.14,842.83,966.31,390.6
18,424.02,383.54,40.48,95.87
55,1343.6,1236.31,107.29,501.14
18,1419.8,808.41,611.39,285.22
32,1733.69,1352.67,381.02,500.06
32,2888.51,2502.1,386.41,915.15
41,337.91,244.27,93.64,106.3
35,1176.09,1021.56,154.53,202.09
37,5345.24,4468.1,877.14,2408.1
24,982.84,942.26,40.58,587.12
25,749.39,749.39,0.0,383.03
42,1785.61,1348.11,437.5,543.94
20,2064.31,1680.12,384.19,469.88
43,2074.22,936.35,1137.87,242.97
51,1945.97,1607.58,338.39,945.7
31,2307.94,1599.48,708.46,881.06
42,1720.48,1020.01,700.47,538.29
43,3131.05,3131.05,0.0,768.17
29,511.02,511.02,0.0,133.54
26,3192.39,2042.28,1150.11,409.13
68,1198.89,662.33,536.56,303.24
30,3885.45,2371.53,1513.92,545.7
39,404.97,318.25,86.72,193.45
37,667.78,365.41,302.37,247.16
18,1214.0,1214.0,0.0,289.52
18,659.35,200.0,459.35,86.98
18,855.32,855.32,0.0,423.01
36,522.66,522.66,0.0,221.65
43,2487.81,1291.08,1196.73,674.75
28,515.79,515.79,0.0,307.54
40,426.88,426.88,0.0,251.87
41,1470.87,644.79,826.08,138.77
18,3447.21,2302.95,1144.26,845.39
23,8902.97,6949.82,1953.15,1490.37
18,1948.82,1536.16,412.66,352.83
29,278.79,200.0,78.79,9.95
48,1549.2,623.56,925.64,248.8
37,1116.53,1116.53,0.0,422.15
34,1770.12,1172.7,597.42,301.32
22,1488.28,840.28,648.0,325.93
24,397.87,291.9,105.97,79.83
24,1702.8,610.04,1092.76,202.8
31,1348.63,709.62,639.01,201.5
34,15582.28,13488.24,2094.04,3141.44
29,4640.2,4408.78,231.42,2334.66
41,1145.19,1145.19,0.0,372.26
18,1207.36,735.24,472.12,214.54
42,1589.05,1340.53,248.52,391.87
53,12562.77,9302.35,3260.42,5307.95
52,2410.23,1764.67,645.56,1009.21
33,1121.67,1042.27,79.4,463.52
18,881.19,479.51,401.68,213.29
25,3905.16,3323.98,581.18,1603.69
48,6072.67,3423.86,2648.81,1361.12
23,986.95,986.95,0.0,268.07
27,2858.38,1414.31,1444.07,678.94
34,1331.86,1208.85,123.01,618.63
36,807.59,636.58,171.01,251.73
18,2962.99,1312.48,1650.51,229.33
22,2684.59,1643.74,1040.85,470.12
26,1800.53,1359.92,440.61,418.45
18,1787.34,1470.89,316.45,459.21
25,1888.59,1374.88,513.71,424.2
32,898.5,474.46,424.04,214.76
21,12646.13,11470.87,1175.26,4414.65
68,4551.78,3729.42,822.36,927.92
35,3325.42,2177.18,1148.24,962.82
18,2343.13,1843.45,499.68,845.1
45,929.79,652.49,277.3,278.89
48,246.23,246.23,0.0,204.3
18,641.04,234.42,406.62,0.0
45,1077.64,420.6,657.04,169.9
39,2476.6,1561.49,915.11,576.69
40,7923.19,5520.96,2402.23,2051.41
18,689.43,417.98,271.45,187.16
23,1376.02,1147.03,228.99,414.51
64,3637.06,3064.19,572.87,1009.93
18,469.24,469.24,0.0,158.33
40,4715.58,3904.2,811.38,1556.55
18,218.3,200.0,18.3,14.57
35,3270.88,3011.55,259.33,1729.26
53,1568.86,944.98,623.88,303.54
57,1121.16,822.68,298.48,450.43
57,1478.76,1366.7,112.06,604.53
23,2018.8,1954.47,64.33,696.67
57,3963.02,2476.9,1486.12,1528.82
22,1156.58,785.38,371.2,315.64
32,6128.67,4288.19,1840.48,2163.28
18,2284.54,1249.7,1034.84,651.66
46,8869.83,5732.5,3137.33,3265.6
26,904.11,904.11,0.0,201.03
55,1848.91,1320.5,528.41,651.98
18,2896.94,2383.81,513.13,1167.01
29,2701.11,1452.21,1248.9,391.9
30,6466.35,5770.19,696.16,2832.55
40,2172.09,1613.28,558.81,976.52
22,2087.14,1336.04,751.1,656.5
30,1542.3,1542.3,0.0,411.59
44,1908.54,952.89,955.65,484.77
33,1894.15,1894.15,0.0,911.86
22,3512.88,3036.89,475.99,1495.99
36,432.44,432.44,0.0,122.0
40,1360.5,1122.86,237.64,740.28
37,480.49,480.49,0.0,268.72
35,1569.18,1569.18,0.0,654.0
24,1118.05,1118.05,0.0,492.01
25,3139.92,2302.52,837.4,891.36
39,437.14,374.27,62.87,151.47
18,8173.04,6581.57,1591.47,1727.4
65,5439.23,3187.05,2252.18,1086.23
75,1111.03,916.75,194.28,498.46
18,2396.46,1243.61,1152.85,297.71
28,1392.16,847.02,545.14,321.75
18,3433.94,2583.44,850.5,1489.47
32,2567.99,1650.83,917.16,504.95
54,877.53,720.29,157.24,229.2
56,983.94,983.94,0.0,403.49
41,3729.32,2560.49,1168.83,734.19
47,831.4,324.91,506.49,112.4
31,2193.09,2026.52,166.57,552.41
18,485.74,485.74,0.0,209.51
55,1681.4,964.56,716.84,361.34
34,1074.02,1074.02,0.0,459.8
59,565.35,200.0,365.35,175.61
33,469.18,200.0,269.18,106.33
43,2670.29,1634.76,1035.53,514.65
45,1696.14,1296.22,399.92,684.63
46,3631.31,2718.26,913.05,1017.05
20,1317.69,734.62,583.07,109.78
22,7203.52,5653.05,1550.47,2118.94
50,1436.83,1110.06,326.77,652.82
37,3337.9,3140.03,197.87,967.17
42,1795.58,1694.99,100.59,881.76
18,3340.51,2153.66,1186.85,1087.96
47,747.81,747.81,0.0,207.9
27,2318.14,2318.14,0.0,950.76
46,2742.39,1485.6,1256.79,488.17
19,622.43,548.95,73.48,270.17
39,2601.52,2583.29,18.23,735.82
34,602.93,602.93,0.0,239.04
33,896.5,896.5,0.0,530.31
18,4159.26,4053.96,105.3,1404.18
22,1842.84,1273.15,569.69,686.07
18,691.23,380.63,310.6,292.86
22,1709.78,1439.38,270.4,538.49
18,1589.81,1355.8,234.01,656.57
41,2198.1,1613.57,584.53,859.55
28,1472.53,1472.53,0.0,889.66
50,1156.83,502.96,653.87,68.43
23,583.68,583.68,0.0,143.4
32,4695.53,3888.83,806.7,1329.92
36,2662.79,958.37,1704.42,169.01
36,1435.43,1020.51,414.92,397.87
35,603.71,603.71,0.0,110.4
58,1799.63,1288.69,510.94,640.96
21,2449.42,1676.36,773.06,1043.68
37,4873.72,4585.73,287.99,2437.49
63,566.27,200.0,366.27,19.06
54,3834.62,2645.71,1188.91,840.15
31,250.42,200.0,50.42,83.17
47,864.52,632.31,232.21,257.9
20,608.67,326.23,282.44,178.5
51,1363.07,1012.46,350.61,679.87
18,3968.54,2936.31,1032.23,1104.88
34,1409.4,1407.76,1.64,732.01
29,3211.99,2725.09,486.9,1488.42
57,2398.04,1587.05,810.99,844.95
19,1396.35,1396.35,0.0,290.86
47,817.41,351.4,466.01,183.18
43,1189.92,1189.92,0.0,605.71
41,318.47,200.0,118.47,20.68
23,454.29,454.29,0.0,228.28
55,1371.32,1371.32,0.0,660.12
44,2087.07,1650.09,436.98,870.85
44,454.91,200.0,254.91,28.09
26,386.72,386.72,0.0,131.27
49,1554.79,833.04,721.75,239.55
18,1207.4,993.1,214.3,518.82
29,1296.23,1296.23,0.0,430.37
54,1985.2,855.36,1129.84,478.53
30,1660.97,628.98,1031.99,202.91
20,2864.83,1835.83,1029.0,442.93
18,472.65,472.65,0.0,235.26
36,5581.58,3460.68,2120.9,1118.18
28,3920.68,2478.47,1442.21,967.51
50,983.59,437.17,546.42,124.83
33,3465.23,2389.54,1075.69,1150.25
18,1047.81,1038.61,9.2,581.64
32,1915.25,1748.57,166.68,518.34
18,1530.12,570.94,959.18,197.15
40,1836.05,1836.05,0.0,475.29
47,8232.96,6923.02,1309.94,2021.76
34,1504.52,1504.52,0.0,326.54
18,2384.84,2034.98,349.86,721.66
24,3390.89,2515.91,874.98,817.08
53,629.44,241.16,388.28,107.65
18,2310.73,1814.5,496.23,478.18
31,1798.82,1527.41,271.41,571.36
46,4386.19,3661.38,724.81,1577.22
18,2292.25,1863.04,429.21,727.53
37,794.96,778.71,16.25,268.31
29,581.79,581.79,0.0,324.0
45,2075.98,955.27,1120.71,344.25
30,325.21,200.0,125.21,77.65
37,2009.86,1825.89,183.97,927.97
43,2508.32,1840.05,668.27,559.18
44,1831.93,1831.93,0.0,1147.63
50,3263.81,2541.94,721.87,1521.41
32,3903.42,2790.53,1112.89,872.04
25,2133.48,1701.7,431.78,936.36
38,7213.84,5949.75,1264.09,1166.98
43,6576.36,6044.47,531.89,1784.73
37,1993.66,1539.8,453.86,791.64
40,1038.33,903.76,134.57,584.13
24,1883.23,725.92,1157.31,356.9
35,2605.2,2310.88,294.32,486.48
34,726.26,288.06,438.2,128.1
48,635.55,227.44,408.11,174.47
41,2374.52,2374.52,0.0,547.06
45,214.74,214.74,0.0,155.76
27,1141.0,1141.0,0.0,465.74
35,4142.55,2943.87,1198.68,828.35
18,637.69,200.0,437.69,34.86
36,4306.64,2749.18,1557.46,1340.48
27,879.84,795.24,84.6,297.78
46,744.04,744.04,0.0,480.9
31,6824.23,4463.6,2360.63,2559.77
44,365.36,200.0,165.36,165.43
18,453.51,207.91,245.6,15.04
18,773.38,430.59,342.79,95.93
32,9810.33,6428.21,3382.12,2218.96
45,1520.33,1417.33,103.0,669.91
31,1293.69,942.68,351.01,483.7
49,1887.29,915.06,972.23,229.78
47,9062.85,7532.29,1530.56,2291.84
20,1103.11,704.61,398.5,220.15
50,670.48,334.42,336.06,71.49
18,2185.7,1638.95,546.75,862.52
18,3554.38,2700.38,854.0,1182.67
31,1684.64,1207.08,477.56,411.36
26,1321.53,1321.53,0.0,675.1
18,436.61,307.54,129.07,181.6
43,3213.37,2271.57,941.8,1000.58
56,363.04,200.0,163.04,28.5
34,2320.25,1740.64,579.61,890.24
47,8699.68,5930.96,2768.72,3138.06
46,973.64,973.64,0.0,544.14
18,695.13,352.49,342.64,129.98
35,538.77,200.0,338.77,137.13
24,2441.24,1951.15,490.09,665.87
70,1728.31,1309.96,418.35,506.65
36,2151.73,1674.66,477.07,764.72
20,112.85,112.85,0.0,0.0
39,1643.16,1471.66,171.5,738.71
22,1061.44,885.94,175.5,474.68
38,581.17,581.17,0.0,219.38
40,1816.87,1136.68,680.19,547.51
56,404.29,219.01,185.28,0.0
45,147.81,147.81,0.0,86.12
31,1851.79,1558.04,293.75,692.93
39,1001.79,961.06,40.73,438.59
29,178.28,178.28,0.0,0.0
52,1683.25,847.41,835.84,464.96
51,255.8,200.0,55.8,176.1
24,4166.0,3573.83,592.17,1267.28
52,674.2,332.03,342.17,175.45
65,613.11,573.66,39.45,170.26
44,1957.25,1626.01,331.24,738.99
62,1502.73,1013.12,489.61,403.66
18,378.61,378.61,0.0,0.0
18,2883.16,2390.11,493.05,629.98
25,1403.43,1251.83,151.6,469.99
33,1915.81,1398.92,516.89,864.43
18,1473.64,874.21,599.43,334.25
29,2816.16,1656.62,1159.54,525.4
18,1596.77,868.7,728.07,283.14
36,1059.75,472.89,586.86,91.79
34,2186.18,1971.21,214.97,625.91
32,619.05,311.6,307.45,81.81
59,2768.56,1398.56,1370.0,496.52
52,570.49,549.58,20.91,126.91
35,1663.02,1008.53,654.49,374.57
30,1018.99,200.0,818.99,92.78
44,1425.09,1011.8,413.29,265.04
47,601.64,601.64,0.0,141.02
36,4439.87,3128.81,1311.06,794.49
56,3064.5,2785.86,278.64,1048.67
26,11373.98,8091.91,3282.07,3518.03
48,2588.29,1713.55,874.74,452.26
34,700.97,431.53,269.44,208.88
42,558.25,558.25,0.0,234.98
58,3366.34,2493.05,873.29,1438.57
18,2814.6,2642.38,172.22,1415.7
69,1844.68,1782.13,62.55,887.99
45,1774.26,1637.14,137.12,820.8
42,703.77,200.0,503.77,92.84
47,1701.03,1701.03,0.0,565.99
36,4441.74,3595.65,846.09,1883.74
38,1997.08,1348.61,648.47,734.23
43,1560.71,1560.71,0.0,698.8
28,841.52,490.23,351.29,96.78
31,493.62,200.0,293.62,125.36
33,2818.84,2546.33,272.51,1055.28
33,1389.46,244.35,1145.11,204.04
24,1168.21,773.65,394.56,435.9
20,1352.55,627.14,725.41,335.98
66,6229.87,5971.0,258.87,2611.18
55,1665.57,874.72,790.85,550.5
29,4068.39,2852.96,1215.43,1677.73
58,881.74,370.73,511.01,195.87
18,1273.55,306.45,967.1,57.56
43,875.61,425.7,449.91,227.94
18,1904.81,1216.68,688.13,319.53
20,2987.93,2241.9,746.03,762.49
40,1415.84,1095.57,320.27,612.88
26,1313.18,1313.18,0.0,315.44
52,3582.23,2472.07,1110.16,1379.69
62,1342.79,1342.79,0.0,509.85
19,904.87,442.67,462.2,207.19
49,3370.85,3075.71,295.14,1708.62
35,3545.11,2406.72,1138.39,528.29
35,1336.86,622.29,714.57,246.73
18,1786.45,1369.87,416.58,692.42
39,5963.68,4273.64,1690.04,1448.87
46,3266.0,2969.37,296.63,1336.11
52,1898.55,1593.41,305.14,775.23
18,1207.61,673.68,533.93,261.57
61,636.79,636.79,0.0,314.32
45,4046.14,3375.72,670.42,1395.4
73,558.85,217.77,341.08,181.02
43,1576.79,800.64,776.15,178.22
38,798.35,798.35,0.0,227.17
44,5125.58,4196.29,929.29,966.44
32,292.34,292.34,0.0,112.86
28,1593.72,690.93,902.79,165.01
33,1747.43,916.59,830.84,305.77
29,579.4,200.0,379.4,109.07
21,9005.51,6942.59,2062.92,4022.22
42,730.76,730.76,0.0,272.18
18,2872.95,2508.74,364.21,670.03
37,1066.76,1066.76,0.0,305.83
26,1941.25,1133.44,807.81,687.3
35,506.23,369.91,136.32,51.28
46,3752.55,2323.69,1428.86,873.54
19,6519.9,5820.72,699.18,1639.09
46,3099.18,2769.11,330.07,667.55
23,5222.74,4576.09,646.65,2247.16
30,5931.96,5155.68,776.28,1768.94
28,708.35,200.0,508.35,115.83
54,881.57,320.26,561.31,171.83
38,4459.5,3527.07,932.43,1525.03
29,2955.14,2268.13,687.01,855.58
21,1122.99,1026.22,96.77,647.05
28,1218.1,909.02,309.08,440.6
22,859.2,274.67,584.53,189.49
18,1038.55,872.21,166.34,341.36
18,880.89,613.61,267.28,321.13
56,4605.83,3426.72,1179.11,1937.63
18,3605.93,2042.4,1563.53,1053.66
18,3473.35,2767.86,705.49,832.22
39,635.34,200.0,435.34,95.08
20,1770.31,909.47,860.84,171.57
30,1019.65,1019.65,0.0,322.0
33,1780.86,870.11,910.75,368.16
47,591.32,200.0,391.32,56.27
19,5359.46,4195.47,1163.99,1716.86
35,1551.31,889.47,661.84,404.9
30,2596.74,2045.73,551.01,906.96
43,2525.24,1724.76,800.48,937.14
18,584.77,432.41,152.36,103.51
41,4730.19,3854.13,876.06,780.83
66,1489.57,1179.68,309.89,625.82
49,2497.53,2259.92,237.61,850.42
18,1641.63,1202.63,439.0,637.85
31,2027.63,1764.43,263.2,392.51
46,261.64,234.69,26.95,54.79
27,1629.84,1034.01,595.83,243.84
34,550.77,521.9,28.87,256.32
29,715.23,715.23,0.0,339.69
39,361.64,361.64,0.0,247.26
47,823.42,266.58,556.84,109.51
44,1089.38,499.39,589.99,275.66
27,3236.54,2398.4,838.14,823.94
29,1876.29,1663.36,212.93,462.78
38,1643.43,1181.4,462.03,716.57
37,376.87,351.97,24.9,32.26
47,8839.46,6915.73,1923.73,3119.92
29,687.37,669.29,18.08,205.8
28,423.65,200.0,223.65,123.09
18,1108.05,477.78,630.27,175.37
22,944.0,661.94,282.06,300.92
48,1596.43,1103.22,493.21,259.16
20,292.45,200.0,92.45,0.0
48,443.61,375.69,67.92,231.6
31,2212.61,1517.28,695.33,523.68
36,593.77,200.0,393.77,112.46
32,3572.62,2304.3,1268.32,1092.89
18,1301.73,447.04,854.69,72.16
30,2341.91,2147.87,194.04,1248.31
45,816.72,347.02,469.7,135.55
26,2594.3,2331.83,262.47,596.21
18,2445.6,2230.14,215.46,852.55
39,3476.96,2355.3,1121.66,632.48
28,963.91,843.53,120.38,315.54
22,815.03,696.01,119.02,223.01
45,1897.13,1897.13,0.0,836.24
60,2407.39,1972.27,435.12,1107.3
37,3410.87,2856.92,553.95,1202.91
21,413.86,335.78,78.08,154.58
18,683.67,258.11,425.56,101.68
18,1151.44,651.4,500.04,281.2
25,11984.65,8468.85,3515.8,2133.96
53,1548.9,664.65,884.25,258.43
23,2785.34,1864.91,920.43,1081.62
22,1437.2,1107.65,329.55,292.52
43,691.04,305.16,385.88,100.39
18,1728.36,881.33,847.03,418.34
30,1403.32,1371.43,31.89,401.88
49,554.84,200.0,354.84,123.47
26,636.21,200.0,436.21,77.31
25,12227.94,8971.99,3255.95,3669.17
37,1258.24,869.44,388.8,395.12
21,1202.14,1089.06,113.08,667.46
18,1491.46,1288.02,203.44,449.64
46,2832.54,2014.55,817.99,714.12
41,1560.91,815.87,745.04,295.37
19,3810.05,2455.41,1354.64,1185.21
31,2361.53,2197.68,163.85,614.13
18,640.1,640.1,0.0,139.49
18,5474.74,3775.38,1699.36,1769.38
39,888.62,200.0,688.62,179.92
18,5534.52,4670.94,863.58,2043.58
36,1719.67,1600.59,119.08,674.96
38,408.77,408.77,0.0,135.73
18,1510.99,684.5,826.49,248.25
30,860.65,860.65,0.0,480.59
18,4882.51,4054.67,827.84,1336.75
26,118.22,118.22,0.0,11.22
18,2237.11,2187.85,49.26,947.58
25,1619.48,1619.48,0.0,729.87
56,1552.39,1501.97,50.42,673.34
18,1070.07,200.14,869.93,83.08
18,1287.73,1287.73,0.0,396.84
37,3015.45,2744.28,271.17,807.27
36,1987.43,1559.58,427.85,318.49
18,2277.93,1582.39,695.54,675.78
37,752.09,200.0,552.09,131.46
18,856.61,856.61,0.0,364.19
24,11144.25,9371.69,1772.56,5451.87
26,7651.07,5805.9,1845.17,1943.08
18,2349.49,1178.49,1171.0,660.09
30,3216.89,2570.55,646.34,984.2
32,2949.32,2267.9,681.42,456.03
40,1582.78,1413.77,169.01,784.62
22,1352.68,1352.68,0.0,604.26
46,1079.15,1071.42,7.73,314.72
18,2453.76,2406.5,47.26,937.58
37,1116.71,1004.03,112.68,282.79
31,2719.41,1908.87,810.54,957.07
25,1716.23,1099.85,616.38,443.36
46,1220.91,1093.32,127.59,187.94
34,1089.43,1031.31,58.12,405.35
39,4675.73,4102.03,573.7,1983.12
61,1388.68,818.26,570.42,205.02
26,388.66,200.0,188.66,69.41
28,648.26,367.21,281.05,166.34
18,768.58,661.3,107.28,370.47
46,3413.83,3083.11,330.72,961.86
25,1830.63,1447.25,383.38,318.47
23,1508.83,938.19,570.64,410.66
29,3720.86,2535.47,1185.39,1203.95
29,551.8,200.0,351.8,79.26
19,1791.11,1442.46,348.65,431.58
40,942.76,874.1,68.66,507.57
18,656.55,656.55,0.0,425.55
56,1309.35,1309.35,0.0,651.58
27,1716.02,1403.6,312.42,300.36
48,979.23,453.71,525.52,250.76
45,550.62,550.62,0.0,96.55
33,645.8,442.42,203.38,169.01
35,445.57,200.0,245.57,22.42
49,841.34,621.0,220.34,201.4
25,983.0,983.0,0.0,354.99
18,1670.99,1430.78,240.21,733.55
40,596.65,326.47,270.18,37.72
18,682.77,268.38,414.39,38.34
35,1375.24,801.91,573.33,485.91
40,545.57,200.0,345.57,91.71
23,825.64,825.64,0.0,334.53
44,2328.17,1160.18,1167.99,430.04
18,1722.73,1363.41,359.32,559.46
40,2087.13,1167.89,919.24,406.37
44,1019.67,706.27,313.4,289.06
22,968.95,762.07,206.88,233.73
45,1964.86,1881.62,83.24,970.94
52,1741.04,849.1,891.94,456.29
37,1086.47,844.5,241.97,431.55
34,3251.33,1417.15,1834.18,427.61
38,372.55,372.55,0.0,120.39
20,998.16,801.96,196.2,501.52
33,970.38,945.3,25.08,520.45
30,599.67,583.56,16.11,144.37
18,5764.3,4333.93,1430.37,1743.55
33,505.04,505.04,0.0,154.74
18,3479.18,2447.03,1032.15,1223.77
23,11303.13,7174.62,4128.51,3550.67
38,1732.72,1599.99,132.73,517.24
46,2699.69,1479.65,1220.04,626.24
40,1114.77,726.27,388.5,448.24
33,1756.08,998.69,757.39,511.9
38,573.39,200.0,373.39,190.05
41,815.87,249.9,565.97,132.54
39,658.92,223.41,435.51,83.52
45,1988.12,1492.14,495.98,506.45
18,1014.56,1014.56,0.0,423.45
30,2626.15,2040.5,585.65,960.0
43,403.24,403.24,0.0,212.7
18,1729.58,1273.86,455.72,349.13
61,672.28,354.7,317.58,93.36
18,10821.74,8854.36,1967.38,3846.68
37,2296.52,1912.27,384.25,668.17
53,1511.96,1180.86,331.1,231.79
38,2751.81,1604.6,1147.21,665.7
39,1283.87,1019.47,264.4,182.83
58,4068.76,2871.73,1197.03,1484.07
42,1259.92,428.06,831.86,42.59
47,1801.68,948.63,853.05,201.04
18,645.63,645.63,0.0,286.12
18,1479.05,1479.05,0.0,742.19
18,2353.58,1051.25,1302.33,182.21
29,1370.95,904.66,466.29,520.48
43,2916.93,2166.18,750.75,1234.75
51,1604.93,1442.96,161.97,350.0
36,1991.69,1568.42,423.27,399.97
52,1609.36,926.57,682.79,430.85
39,1265.54,1154.77,110.77,626.08
46,3069.01,2274.86,794.15,957.11
18,3947.61,2177.64,1769.97,918.4
49,1687.95,1167.87,520.08,261.99
60,1169.19,729.19,440.0,284.53
69,374.15,200.0,174.15,93.26
18,342.87,342.87,0.0,159.93
39,3453.77,2813.63,640.14,724.27
46,1178.08,708.26,469.82,118.2
29,3214.27,2658.44,555.83,1212.27
25,2404.95,1575.05,829.9,477.9
29,549.29,444.41,104.88,119.99
36,5004.7,4309.65,695.05,905.97
21,747.78,747.78,0.0,240.19
54,4120.37,2440.99,1679.38,1312.32
24,1296.01,927.91,368.1,300.7
39,1457.38,1011.96,445.42,400.29
36,471.99,200.0,271.99,33.74
50,1212.6,596.33,616.27,171.05
25,1378.17,740.96,637.21,389.13
39,1461.53,1254.19,207.34,713.24
30,1238.88,387.01,851.87,110.2
45,2314.56,1801.65,512.91,1046.8
25,627.65,429.6,198.05,112.25
37,6034.23,4364.88,1669.35,1526.12
43,2352.03,2130.74,221.29,439.11
21,6470.28,5950.56,519.72,2903.64
19,2095.31,1590.78,504.53,707.03
34,1511.28,549.54,961.74,295.03
18,974.11,739.9,234.21,211.47
47,3242.19,1744.73,1497.46,375.63
22,1372.16,610.46,761.7,180.81
19,924.75,367.63,557.12,185.72
30,861.59,861.59,0.0,340.17
21,701.99,701.99,0.0,191.75
28,1416.6,908.58,508.02,270.55
28,1346.9,1043.82,303.08,248.59
40,2532.36,1486.52,1045.84,448.29
36,1424.02,1308.41,115.61,375.68
39,5745.28,4840.89,904.39,1290.73
35,1012.88,780.73,232.15,325.97
56,2285.71,2285.71,0.0,564.47
24,1712.72,1575.18,137.54,476.41
19,1817.33,1342.1,475.23,522.94
30,1979.04,1628.32,350.72,636.95
57,1511.28,1167.22,344.06,365.76
47,2967.01,2472.04,494.97,1346.52
33,1124.56,1084.2,40.36,552.47
18,1054.24,740.42,313.82,215.92
18,1100.01,1100.01,0.0,474.93
31,3703.51,3062.42,641.09,1134.56
35,462.49,338.07,124.42,221.57
33,1325.86,1312.07,13.79,403.69
29,539.93,539.93,0.0,303.64
27,2416.75,991.66,1425.09,448.05
45,712.24,346.1,366.14,123.37
40,1071.68,642.02,429.66,173.72
67,3781.22,3069.08,712.14,1232.03
28,1339.05,1305.52,33.53,319.06
61,2153.18,1956.37,196.81,430.73
46,1071.61,742.84,328.77,215.07
51,522.68,483.31,39.37,105.64
18,1109.94,847.06,262.88,428.94
60,467.05,467.05,0.0,303.85
35,2237.57,1723.15,514.42,855.6
18,489.73,249.7,240.03,0.0
24,483.75,200.0,283.75,0.0
18,707.36,688.06,19.3,232.23
33,824.92,824.92,0.0,139.19
33,3243.37,1716.42,1526.95,785.99
18,1652.02,1373.12,278.9,378.62
23,612.96,612.96,0.0,273.71
32,5185.11,3846.27,1338.84,1730.91
23,2803.1,2563.17,239.93,901.3
34,1065.0,426.54,638.46,293.03
73,19906.53,16608.14,3298.39,5506.19
18,1024.39,900.48,123.91,252.56
35,2083.7,1919.57,164.13,570.07
27,994.03,994.03,0.0,452.03
68,1451.43,735.82,715.61,190.25
18,644.41,644.41,0.0,206.95
39,1724.51,1358.37,366.14,866.32
30,4981.01,4896.78,84.23,2374.68
25,1322.02,1022.4,299.62,172.57
18,746.71,405.01,341.7,179.57
32,1076.07,681.78,394.29,36.73
50,718.8,718.8,0.0,339.61
32,1659.26,463.03,1196.23,165.36
43,766.04,617.54,148.5,177.1
38,1464.72,920.83,543.89,215.65
60,8907.8,8338.49,569.31,1695.81
38,2333.13,1395.24,937.89,372.51
29,1319.69,822.01,497.68,344.08
42,2965.1,2843.11,121.99,1099.6
30,738.63,219.42,519.21,40.73
27,1488.63,574.03,914.6,219.17
31,1331.47,700.28,631.19,239.82
18,1307.84,976.91,330.93,461.4
37,2143.87,1396.79,747.08,579.28
55,1650.11,1063.93,586.18,140.32
35,2290.44,2230.09,60.35,493.68
59,3599.95,2267.41,1332.54,1160.81
23,2091.91,1480.32,611.59,618.75
30,520.86,200.0,320.86,46.01
48,2185.82,1792.43,393.39,349.18
43,1548.46,1548.46,0.0,879.65
40,3683.54,2200.63,1482.91,562.61
44,1455.3,1298.09,157.21,616.94
18,3274.35,2640.06,634.29,1203.44
27,1377.95,1168.82,209.13,330.51
39,5983.37,5415.09,568.28,1957.76
21,1705.95,916.29,789.66,255.35
34,860.33,860.33,0.0,422.7
22,383.44,383.44,0.0,92.95
23,1728.2,1448.89,279.31,535.12
39,479.95,200.0,279.95,15.17
38,4294.37,3537.31,757.06,1147.11
59,686.0,686.0,0.0,232.85
29,1289.51,1157.85,131.66,613.69
31,2257.8,1202.07,1055.73,241.5
31,2001.01,1659.09,341.92,516.08
46,3966.79,3308.05,658.74,813.88
45,1589.44,1332.94,256.5,574.82
18,946.64,946.64,0.0,398.12
34,620.47,322.61,297.86,126.55
34,311.55,200.0,111.55,6.68
46,6368.76,5337.98,1030.78,2286.71
32,2106.23,1822.16,284.07,531.54
21,261.88,200.0,61.88,137.07
18,3261.84,1951.97,1309.87,1040.34
26,896.68,778.42,118.26,176.33
35,4861.11,3733.4,1127.71,759.78
52,518.38,273.0,245.38,95.47
54,1146.13,1146.13,0.0,398.27
64,999.48,999.48,0.0,268.31
43,915.79,915.79,0.0,409.67
24,1693.85,1182.36,511.49,733.19
23,782.39,200.0,582.39,95.34
30,6483.97,4101.73,2382.24,1280.48
35,515.52,200.0,315.52,34.52
48,5851.03,4246.73,1604.3,1050.19
54,890.96,445.19,445.77,352.94
36,6004.88,4201.44,1803.44,2241.44
18,5035.65,4021.83,1013.82,1204.77
21,5277.37,3135.18,2142.19,1205.13
52,782.76,782.76,0.0,126.22
43,1050.32,1050.32,0.0,184.55
53,407.08,200.0,207.08,59.9
36,1032.6,751.47,281.13,223.08
37,300.9,200.0,100.9,28.08
29,1964.06,1377.08,586.98,819.0
26,4902.16,3446.6,1455.56,901.93
36,434.24,263.12,171.12,141.35
28,984.67,581.16,403.51,222.99
45,975.02,543.93,431.09,330.5
18,1257.05,748.25,508.8,304.6
64,1136.83,1122.3,14.53,513.86
25,1603.62,1051.21,552.41,444.3
41,4617.3,4511.35,105.95,1528.14
29,3721.52,2844.52,877.0,687.02
41,739.32,200.0,539.32,62.65
18,848.04,231.7,616.34,23.8
25,622.75,622.75,0.0,149.23
45,1041.99,502.02,539.97,176.71
38,778.46,778.46,0.0,315.47
49,2169.93,1094.62,1075.31,608.0
43,1550.78,689.49,861.29,279.06
18,1005.02,535.32,469.7,358.21
41,488.62,211.25,277.37,156.67
48,1860.12,1813.98,46.14,618.84
27,811.97,799.97,12.0,421.07
25,1838.59,1468.61,369.98,337.52
56,4021.41,2880.82,1140.59,619.77
43,3627.36,2408.93,1218.43,1417.85
55,355.91,355.91,0.0,119.77
36,1701.06,1632.46,68.6,996.93
37,2769.76,1940.25,829.51,868.1
18,996.34,607.28,389.06,308.92
19,2011.11,2005.26,5.85,496.29
29,1673.8,1242.48,431.32,328.37
31,567.46,567.46,0.0,231.26
18,2293.94,2062.37,231.57,1149.8
18,1936.95,1515.27,421.68,843.58
30,2968.88,2575.15,393.73,761.07
53,2827.11,2151.72,675.39,1043.0
42,5799.51,4625.61,1173.9,2565.62
27,789.89,550.2,239.69,367.37
55,1736.16,1736.16,0.0,727.61
18,427.63,427.63,0.0,173.73
43,830.64,609.64,221.0,188.14
21,3362.29,2532.23,830.06,808.6
18,1509.55,592.9,916.65,345.94
47,1231.7,1231.7,0.0,673.92
36,6389.01,4707.54,1681.47,1876.83
39,1322.56,570.87,751.69,238.41
47,2107.94,2107.94,0.0,844.07
37,2470.81,1900.12,570.69,933.66
36,967.14,967.14,0.0,440.5
47,2081.07,1715.18,365.89,467.59
40,1015.64,951.72,63.92,625.05
41,1704.3,1031.78,672.52,456.38
18,2248.17,1966.62,281.55,615.06
39,943.12,200.0,743.12,130.06
37,302.07,302.07,0.0,150.05
18,1425.59,1196.57,229.02,552.99
18,695.0,695.0,0.0,212.99
33,194.69,194.69,0.0,17.33
41,2615.29,2425.39,189.9,861.4
33,1440.13,1440.13,0.0,344.1
19,1839.26,1517.13,322.13,754.24
18,284.58,284.58,0.0,143.86
24,2931.8,1365.11,1566.69,644.63
39,1125.77,1060.7,65.07,225.65
53,1180.38,603.99,576.39,285.34
44,1547.39,944.47,602.92,571.67
42,4845.28,4527.88,317.4,1260.83
61,555.61,247.19,308.42,45.3
29,1646.63,1560.98,85.65,812.38
18,739.27,200.0,539.27,72.29
19,3399.88,2340.09,1059.79,798.6
42,6850.29,6159.56,690.73,2850.46
24,12119.3,9070.28,3049.02,2891.61
19,4455.34,3015.27,1440.07,615.95
32,17537.7,12324.71,5212.99,2977.5
35,782.31,782.31,0.0,407.38
43,1560.95,1043.9,517.05,340.84
23,878.99,200.0,678.99,98.87
33,551.32,534.54,16.78,266.88
69,1243.37,805.83,437.54,123.83
39,3749.11,2531.01,1218.1,1227.62
21,2185.26,2068.52,116.74,1009.31
20,901.3,702.81,198.49,289.24
37,794.09,745.67,48.42,352.06
36,1807.76,1807.76,0.0,859.34
52,585.03,585.03,0.0,368.33
42,2946.59,1907.74,1038.85,797.03
59,467.02,408.79,58.23,143.15
56,243.54,200.0,43.54,11.87
18,1045.7,811.69,234.01,213.78
23,519.77,519.77,0.0,241.46
22,768.24,200.0,568.24,120.44
33,3200.26,2630.75,569.51,721.09
46,1305.2,680.15,625.05,472.22
44,1629.69,1086.16,543.53,551.66
21,2804.57,1849.58,954.99,487.1
54,1485.72,613.13,872.59,122.97
29,1983.24,1325.64,657.6,544.88
18,627.62,467.04,160.58,331.4
30,2423.7,1590.68,833.02,646.95
18,1869.09,1168.15,700.94,622.64
36,861.35,683.09,178.26,310.57
31,405.41,401.45,3.96,56.81
35,1159.39,227.65,931.74,130.28
33,841.7,841.7,0.0,378.65
46,628.47,628.47,0.0,402.7
33,3020.75,2803.64,217.11,588.6
57,151.24,151.24,0.0,25.7
29,4028.18,3107.55,920.63,1412.64
35,1033.42,578.14,455.28,128.1
18,538.8,538.8,0.0,289.72
18,1455.4,1455.4,0.0,510.49
66,3099.43,2335.03,764.4,446.76
18,1854.62,1642.98,211.64,610.37
18,616.28,200.0,416.28,0.0
45,1856.62,1710.74,145.88,867.09
22,918.58,209.87,708.71,172.46
38,455.49,455.49,0.0,211.77
18,922.96,584.0,338.96,241.31
30,253.07,200.0,53.07,84.23
18,658.09,441.56,216.53,106.14
44,2157.83,2157.83,0.0,792.04
40,1618.67,1294.91,323.76,746.11
31,910.75,668.64,242.11,322.39
60,1242.17,1158.35,83.82,461.52
38,2277.52,1840.52,437.0,910.2
18,309.0,309.0,0.0,121.21
39,6947.73,6121.93,825.8,3047.83
38,3659.85,3622.07,37.78,1666.49
64,528.09,392.16,135.93,188.2
33,2393.03,2047.01,346.02,1119.41
18,3320.27,2934.78,385.49,687.84
27,5099.59,3532.35,1567.24,985.2
29,748.75,663.33,85.42,152.17
56,814.29,247.77,566.52,128.72
75,718.56,616.0,102.56,287.23
65,1202.7,859.03,343.67,209.23
38,534.85,476.47,58.38,170.69
50,345.3,280.38,64.92,16.67
18,1970.98,1639.32,331.66,868.16
59,4310.77,3497.55,813.22,1172.79
18,1327.62,683.68,643.94,258.7
53,984.07,528.35,455.72,258.62
31,2180.01,1664.33,515.68,503.98
43,801.59,466.63,334.96,214.87
51,1331.37,1054.56,276.81,563.66
18,1113.0,533.85,579.15,305.56
46,2041.41,793.37,1248.04,191.57
49,5158.23,4039.43,1118.8,1717.38
46,975.27,943.56,31.71,487.19
18,3871.25,2358.79,1512.46,912.14
37,1153.36,403.04,750.32,172.07
31,790.49,200.0,590.49,138.5
28,609.53,354.26,255.27,99.79
51,2505.91,1508.93,996.98,390.85
46,1438.45,1279.05,159.4,366.7
33,830.3,687.76,142.54,323.14
42,1162.6,324.17,838.43,152.53
44,332.44,332.44,0.0,108.3
18,5145.49,4483.0,662.49,1437.09
31,2666.95,1987.34,679.61,815.25
37,1687.02,1163.24,523.78,229.16
31,2476.66,1617.4,859.26,494.31
19,1569.77,1416.29,153.48,651.21
38,2801.17,2364.1,437.07,894.19
33,2412.82,1924.54,488.28,471.33
36,891.92,200.0,691.92,125.28
18,1044.61,1028.13,16.48,327.67
18,891.0,891.0,0.0,419.09
57,2887.66,1881.73,1005.93,876.14
22,3437.19,2466.72,970.47,899.53
38,658.36,658.36,0.0,395.16
33,2112.39,1458.01,654.38,522.11
44,2039.79,1520.39,519.4,504.78
44,2039.19,983.46,1055.73,194.74
43,1330.93,1330.93,0.0,663.37
27,571.39,571.39,0.0,314.17
25,4119.31,2336.06,1783.25,996.35
26,852.66,660.4,192.26,308.56
23,1733.8,1067.85,665.95,392.08
48,2818.03,1693.93,1124.1,344.43
27,2037.79,1761.07,276.72,945.18
23,634.23,406.8,227.43,52.57
18,2111.02,1802.48,308.54,879.35
64,2079.29,1065.4,1013.89,355.49
18,2045.99,1753.36,292.63,533.7
44,1351.45,1003.65,347.8,185.03
47,2419.82,505.03,1914.79,211.15
33,3298.64,2429.11,869.53,885.9
36,4386.16,3465.02,921.14,1124.08
28,880.52,880.52,0.0,285.07
46,5467.1,4624.82,842.28,1734.78
18,5116.14,3798.88,1317.26,1990.65
34,807.32,789.11,18.21,233.23
64,2601.21,1316.14,1285.07,391.15
40,365.78,200.0,165.78,91.35
18,2923.42,2609.7,313.72,806.69
46,1328.19,671.05,657.14,337.48
18,1610.19,1501.22,108.97,437.97
52,2377.29,2074.17,303.12,431.8
22,1496.64,772.94,723.7,208.08
29,1633.64,1633.64,0.0,858.7
34,1531.98,1531.98,0.0,447.05
43,598.37,598.37,0.0,317.56
48,3584.9,2673.15,911.75,1011.1
52,1007.81,1007.81,0.0,550.49
37,3865.49,2336.92,1528.57,494.24
38,504.58,200.0,304.58,139.23
25,3107.2,1735.96,1371.24,946.85
20,968.55,605.57,362.98,244.21
46,3841.52,3201.67,639.85,1633.26
39,1301.21,1028.09,273.12,307.73
27,1799.57,882.15,917.42,343.67
41,1033.56,1033.56,0.0,460.51
47,1315.7,909.55,406.15,540.64
19,791.2,791.2,0.0,488.17
19,748.75,748.75,0.0,372.5
39,4621.44,3262.5,1358.94,1004.5
42,925.58,210.77,714.81,0.0
45,2613.05,1887.23,725.82,1137.14
30,3029.46,2181.81,847.65,728.75
33,2986.49,2497.43,489.06,752.54
26,1310.25,1310.25,0.0,745.26
36,5227.21,4740.89,486.32,2568.64
59,6022.07,5454.98,567.09,2651.82
18,925.85,925.85,0.0,157.65
52,983.65,623.02,360.63,175.01
29,637.41,233.04,404.37,139.12
41,1225.63,1005.89,219.74,372.63
45,887.37,349.79,537.58,144.56
58,1390.13,1390.13,0.0,316.12
59,4105.35,2880.17,1225.18,1403.73
45,598.24,457.26,140.98,68.95
18,2550.85,2524.08,26.77,899.25
48,1443.19,1013.73,429.46,193.8
22,8508.84,5641.47,2867.37,1949.97
47,719.32,518.55,200.77,283.97
34,1068.45,665.55,402.9,308.88
40,2933.16,2444.22,488.94,704.25
60,725.97,641.88,84.09,312.57
18,876.39,876.39,0.0,286.72
43,4847.69,3035.79,1811.9,1285.39
18,1654.58,1535.1,119.48,826.36
34,1497.74,1262.88,234.86,646.23
32,1952.96,1662.87,290.09,980.53
47,2090.19,2090.19,0.0,1074.32
52,936.74,399.46,537.28,65.88
22,783.97,481.24,302.73,206.25
39,4121.7,2668.88,1452.82,1012.28
23,621.68,200.0,421.68,134.87
27,1365.36,1273.63,91.73,603.18
18,674.09,362.02,312.07,0.0
25,3199.41,2750.01,449.4,1356.08
22,2030.6,1130.51,900.09,617.88
38,3962.92,3384.52,578.4,1982.22
37,1270.4,878.57,391.83,433.65
38,1233.88,1122.66,111.22,242.59
33,1350.7,982.27,368.43,211.43
58,2753.63,2468.49,285.14,1060.6
33,929.55,842.48,87.07,233.52
39,1738.37,966.38,771.99,429.3
24,753.78,312.74,441.04,184.32
47,676.89,676.89,0.0,313.09
42,1029.84,504.05,525.79,153.69
33,2266.35,1845.12,421.23,989.73
55,732.48,491.38,241.1,239.71
47,4364.43,3937.73,426.7,2073.84
20,2796.76,2127.3,669.46,577.76
29,2332.8,2231.57,101.23,1214.11
21,488.29,488.29,0.0,127.82
34,538.89,200.0,338.89,0.0
46,228.91,216.36,12.55,61.58
66,2206.26,1908.12,298.14,904.76
27,1535.37,1255.88,279.49,418.51
59,1156.47,509.76,646.71,229.62
21,4184.46,3355.08,829.38,952.71
51,1128.54,646.45,482.09,243.57
18,3067.27,1473.17,1594.1,646.42
22,1635.08,645.38,989.7,171.44
33,1090.69,763.7,326.99,317.04
52,1359.97,1117.0,242.97,555.84
29,1553.48,1370.52,182.96,576.02
18,878.78,577.43,301.35,263.81
43,1361.04,1361.04,0.0,515.51
38,460.76,460.76,0.0,246.01
19,988.38,437.44,550.94,176.37
46,2820.04,2426.07,393.97,972.8
18,4815.03,4284.1,530.93,1059.15
18,296.58,200.0,96.58,163.02
53,684.57,403.19,281.38,313.13
51,493.83,380.57,113.26,308.49
19,2741.59,2527.86,213.73,675.22
33,2820.5,1977.82,842.68,878.69
31,2099.75,2099.75,0.0,687.24
61,1795.23,1398.87,396.36,437.44
18,643.11,200.0,443.11,67.22
32,915.51,915.51,0.0,282.73
24,1245.93,753.55,492.38,354.98
18,332.22,332.22,0.0,128.57
32,1017.47,561.7,455.77,272.04
53,617.76,617.76,0.0,182.57
25,291.24,291.24,0.0,192.96
18,1529.95,1343.6,186.35,696.42
53,2108.44,1677.11,431.33,787.53
43,275.53,200.0,75.53,105.88
28,1034.02,243.79,790.23,139.98
28,7661.73,4963.6,2698.13,1142.85
21,1446.77,1191.65,255.12,608.81
56,2312.43,1568.86,743.57,512.82
18,892.39,822.82,69.57,203.39
58,1486.48,1181.6,304.88,220.07
36,2434.44,1425.66,1008.78,900.38
19,806.07,200.0,606.07,0.02
51,601.44,200.0,401.44,29.24
44,2689.32,2232.09,457.23,416.5
27,1766.15,1484.64,281.51,852.13
21,1518.63,739.63,779.0,316.94
56,2541.69,2023.38,518.31,1069.81
18,398.73,398.73,0.0,116.97
61,1067.03,820.41,246.62,213.94
37,730.05,200.0,530.05,16.91
50,5406.74,3450.89,1955.85,1060.24
44,19023.18,13813.91,5209.27,5006.27
18,1003.28,1003.28,0.0,594.19
38,2398.86,1026.84,1372.02,294.29
41,658.59,506.25,152.34,232.4
32,1703.17,1029.68,673.49,420.74
47,10997.69,8402.16,2595.53,2518.35
75,1153.61,725.29,428.32,316.25
32,1323.88,1323.88,0.0,715.16
41,2301.16,2156.1,145.06,449.3
20,1051.74,351.33,700.41,183.24
22,11975.72,7886.43,4089.29,3574.1
40,1338.69,398.71,939.98,25.03
53,1120.43,589.78,530.65,253.3
43,3234.5,2420.87,813.63,954.56
48,1069.09,967.44,101.65,462.22
37,677.77,238.34,439.43,123.32
46,4714.34,3190.16,1524.18,1713.52
33,1291.29,1117.42,173.87,359.77
18,418.07,418.07,0.0,201.81
37,1219.33,618.05,601.28,63.74
23,3048.06,3048.06,0.0,819.65
35,518.42,278.76,239.66,149.91
26,1039.58,1033.81,5.77,354.27
33,2411.06,1183.5,1227.56,655.27
18,1127.71,200.0,927.71,0.0
39,1252.2,1252.2,0.0,778.73
18,1075.39,1042.02,33.37,383.32
29,828.74,752.32,76.42,180.66
23,2218.43,2218.43,0.0,828.01
38,393.88,200.0,193.88,191.5
18,3163.24,1877.4,1285.84,518.11
45,3842.1,3340.86,501.24,1687.39
20,659.26,659.26,0.0,434.4
18,1163.81,1011.06,152.75,275.8
55,3806.11,2292.31,1513.8,962.51
23,3427.02,2147.46,1279.56,992.15
38,1785.69,1074.45,711.24,387.55
41,517.54,517.54,0.0,136.75
48,2364.21,2064.84,299.37,1096.29
18,2695.5,2207.38,488.12,1243.21
41,5706.35,3843.89,1862.46,1165.56
45,322.22,322.22,0.0,114.63
49,850.92,607.04,243.88,296.67
47,2192.23,1088.29,1103.94,537.82
60,1987.19,1987.19,0.0,1000.38
43,2686.62,1831.65,854.97,443.45
29,963.07,578.3,384.77,106.48
32,725.17,379.49,345.68,256.02
48,1417.13,935.55,481.58,236.83
65,626.04,431.61,194.43,158.71
48,929.18,929.18,0.0,224.85
51,672.49,526.31,146.18,167.65
18,585.4,585.4,0.0,284.41
31,1827.88,1657.84,170.04,592.43
34,3891.44,3037.02,854.42,1776.37
26,582.77,494.98,87.79,256.86
35,3727.65,2768.98,958.67,908.19
33,2648.96,2269.24,379.72,1337.05
42,2258.61,1265.77,992.84,434.59
43,773.78,773.78,0.0,307.11
41,5202.02,4553.13,648.89,1460.85
31,3352.09,2845.45,506.64,1372.73
20,1433.08,700.02,733.06,355.22
55,553.47,327.39,226.08,155.65
35,774.59,566.04,208.55,397.29
18,1999.16,1902.17,96.99,1029.91
41,1197.24,307.41,889.83,128.5
18,1636.42,1514.44,121.98,710.88
46,1175.88,891.2,284.68,428.25
30,878.91,554.55,324.36,240.53
49,1639.2,1438.17,201.03,398.88
61,670.98,670.98,0.0,325.73
40,1736.01,1182.72,553.29,597.31
41,378.58,200.0,178.58,18.44
45,2164.15,1014.16,1149.99,596.67
42,2009.13,2009.13,0.0,1059.25
18,932.38,541.68,390.7,275.04
23,2063.22,1642.56,420.66,517.95
18,762.66,762.66,0.0,451.2
44,2640.83,1715.77,925.06,427.17
38,2799.07,1808.79,990.28,647.36
29,1100.6,200.0,900.6,88.7
50,2025.96,1287.58,738.38,637.94
23,938.04,938.04,0.0,230.36
46,2192.98,1867.62,325.36,812.22
61,1309.52,1309.52,0.0,592.02
26,4813.52,3765.08,1048.44,984.62
51,2310.17,1674.88,635.29,734.8
45,625.08,200.0,425.08,66.7
47,570.92,570.92,0.0,396.15
46,1008.14,517.71,490.43,127.27
55,5130.95,4040.32,1090.63,1284.24
18,838.94,494.78,344.16,266.17
63,2105.46,1466.4,639.06,388.33
25,724.4,357.48,366.92,102.24
39,3686.46,3224.66,461.8,940.56
29,345.95,345.95,0.0,221.61
53,775.14,775.14,0.0,459.64
23,1378.46,1223.92,154.54,575.07
50,5561.77,4487.19,1074.58,2701.01
48,796.24,279.49,516.75,176.2
31,3502.94,2477.91,1025.03,743.16
32,1943.91,1943.91,0.0,984.13
50,3242.39,2324.98,917.41,1272.14
44,2500.12,1692.53,807.59,382.49
43,2026.8,1762.1,264.7,638.89
50,2197.85,2188.77,9.08,702.39
28,2449.36,1814.58,634.78,656.75
43,807.57,807.57,0.0,376.0
53,2148.32,2148.32,0.0,888.07
71,1126.14,907.46,218.68,244.14
45,883.57,211.29,672.28,100.47
32,1086.35,634.42,451.93,260.41
53,743.08,200.0,543.08,187.94
55,9380.68,6837.58,2543.1,3838.45
36,1943.55,1268.39,675.16,584.77
40,1660.81,910.37,750.44,302.29
34,908.74,345.18,563.56,160.88
27,1438.87,1292.28,146.59,376.26
44,712.08,434.85,277.23,190.7
28,1071.31,1071.31,0.0,521.42
18,1496.78,1155.22,341.56,361.15
18,1958.88,1836.68,122.2,868.1
44,2140.6,1867.98,272.62,573.74
40,1530.36,1530.36,0.0,626.38
42,4184.91,3106.59,1078.32,1147.11
53,2495.68,1945.86,549.82,729.76
41,6585.56,4486.01,2099.55,941.05
24,6476.0,4967.68,1508.32,1517.45
25,3747.81,2702.83,1044.98,1239.19
46,901.81,737.95,163.86,469.16
49,1515.05,524.0,991.05,274.12
52,1649.6,1649.6,0.0,356.89
28,1261.97,1054.6,207.37,293.47
35,369.04,369.04,0.0,246.05
31,426.25,426.25,0.0,149.18
33,2927.79,1150.72,1777.07,322.47
42,392.85,200.0,192.85,123.64
52,1531.7,905.39,626.31,282.1
30,789.18,789.18,0.0,187.66
33,4435.36,3535.73,899.63,948.76
52,2174.54,1554.13,620.41,568.62
23,789.21,200.0,589.21,80.53
27,2051.89,1992.05,59.84,1030.87
32,672.6,624.47,48.13,154.25
24,2726.54,1661.4,1065.14,981.73
21,516.43,516.43,0.0,208.8
28,492.4,218.83,273.57,158.82
57,3592.78,2573.54,1019.24,1308.91
32,3448.05,3063.09,384.96,1782.03
37,2244.08,1323.28,920.8,679.07
47,3526.69,2823.4,703.29,833.2
18,645.04,349.68,295.36,194.42
36,1344.63,1049.12,295.51,497.76
42,2116.21,1785.79,330.42,746.03
18,1815.54,1342.6,472.94,302.66
31,2700.01,2399.1,300.91,749.0
50,563.41,258.67,304.74,76.4
18,1955.7,1831.59,124.11,983.61
27,1311.69,1075.17,236.52,522.74
20,1181.52,540.68,640.84,260.52
29,739.4,739.4,0.0,468.72
56,2011.78,1415.12,596.66,380.97
18,2004.83,1639.57,365.26,485.99
27,1451.16,1085.15,366.01,309.49
48,1028.58,362.51,666.07,69.88
18,1842.53,1842.53,0.0,433.67
41,480.14,480.14,0.0,250.3
34,1345.03,1213.89,131.14,604.55
47,1284.0,1212.8,71.2,600.49
34,1508.83,1350.63,158.2,702.12
40,1835.2,1286.51,548.69,380.23
60,3459.06,2607.54,851.52,1030.74
28,657.68,383.86,273.82,238.93
57,3146.77,2496.82,649.95,724.21
24,1174.33,658.67,515.66,238.72
18,1026.33,1026.33,0.0,492.91
22,3484.61,3044.41,440.2,802.06
54,477.27,477.27,0.0,148.78
59,1161.11,710.68,450.43,105.73
39,6757.56,5284.12,1473.44,1978.6
40,2866.17,2303.48,562.69,470.07
24,1464.86,1219.77,245.09,632.69
39,1978.31,1391.61,586.7,412.89
37,3106.26,2350.81,755.45,916.69
18,1978.01,1167.0,811.01,644.0
27,2328.6,1067.69,1260.91,275.68
39,2433.73,2433.73,0.0,596.62
33,1147.79,879.17,268.62,398.47
44,7398.82,4098.68,3300.14,1632.43
31,2438.02,1887.76,550.26,1104.09
50,2928.8,2237.15,691.65,915.63
37,1409.97,1409.97,0.0,539.54
27,508.71,335.38,173.33,96.17
25,2350.43,929.08,1421.35,245.68
33,1340.33,700.39,639.94,246.74
52,2846.05,1699.77,1146.28,779.11
27,816.92,816.92,0.0,184.25
40,1260.11,744.25,515.86,85.6
32,3006.14,1973.66,1032.48,546.68
18,981.07,201.07,780.0,64.79
40,914.9,200.72,714.18,86.76
18,2261.74,2090.1,171.64,1215.23
40,3134.9,1927.06,1207.84,847.3
43,1455.41,1455.41,0.0,656.03
34,4537.41,3646.52,890.89,1922.87
18,785.11,785.11,0.0,258.46
40,277.4,200.0,77.4,2.29
31,965.77,405.48,560.29,95.18
32,490.83,442.04,48.79,136.24
46,1863.46,1669.59,193.87,629.54
18,2766.88,2766.88,0.0,691.66
69,5062.23,3549.28,1512.95,1764.43
74,720.42,720.42,0.0,294.95
29,2567.97,1787.63,780.34,813.38
41,2010.99,1589.29,421.7,393.54
34,2999.11,2720.08,279.03,630.41
58,946.46,946.46,0.0,462.72
18,306.24,306.24,0.0,258.6
35,5195.35,3124.51,2070.84,723.06
20,2944.06,1882.09,1061.97,1052.17
50,1966.72,1966.72,0.0,735.33
18,680.0,680.0,0.0,313.79
22,8161.33,5316.71,2844.62,1374.52
37,673.75,673.75,0.0,222.31
22,1933.55,1544.95,388.6,802.29
37,407.57,407.57,0.0,139.92
43,1128.65,678.99,449.66,205.55
23,4532.37,2649.53,1882.84,636.36
54,1478.95,1478.95,0.0,632.76
30,1158.51,1158.51,0.0,519.8
21,1541.81,1504.33,37.48,335.81
30,990.38,990.38,0.0,540.39
36,3877.62,3293.66,583.96,1017.66
40,3499.83,2995.77,504.06,1098.94
40,3857.75,3000.38,857.37,1367.88
24,2422.28,1396.05,1026.23,667.65
48,2783.81,1930.59,853.22,451.94
18,631.56,200.0,431.56,42.7
21,690.82,690.82,0.0,326.97
39,851.64,851.64,0.0,251.36
35,433.06,200.0,233.06,115.54
18,916.37,481.12,435.25,142.17
38,322.65,200.0,122.65,58.72
45,1346.18,1346.18,0.0,493.06
29,896.95,490.4,406.55,378.34
18,1218.65,1218.65,0.0,375.9
47,3341.78,2260.87,1080.91,564.88
28,883.48,200.0,683.48,22.84
52,2530.05,1989.11,540.94,867.66
19,964.93,200.0,764.93,80.78
41,4884.03,3168.97,1715.06,1645.82
54,2245.33,1940.53,304.8,863.87
50,1158.15,1158.15,0.0,455.21
20,6005.01,4298.23,1706.78,2032.45
18,452.25,228.69,223.56,172.11
39,587.02,587.02,0.0,237.47
41,10764.16,8742.12,2022.04,2561.29
19,3942.49,3453.87,488.62,1816.36
59,1143.32,899.61,243.71,207.35
52,295.56,295.56,0.0,127.27
31,420.68,420.68,0.0,154.59
24,2889.12,1334.18,1554.94,410.36
46,1798.93,1526.79,272.14,560.14
31,1968.2,1280.93,687.27,613.16
59,2201.72,1343.77,857.95,543.95
30,2307.5,1695.14,612.36,621.61
38,963.2,963.2,0.0,339.0
31,3004.34,1855.84,1148.5,915.59
39,2565.69,1876.65,689.04,852.93
31,3610.8,2845.76,765.04,992.52
40,632.51,465.01,167.5,249.59
37,800.35,800.35,0.0,289.5
18,763.35,552.84,210.51,94.88
60,1115.01,1115.01,0.0,426.25
38,330.35,307.93,22.42,97.92
34,1144.36,794.79,349.57,510.01
57,768.59,768.59,0.0,370.0
37,3527.11,2442.01,1085.1,1033.53
23,3604.71,2485.35,1119.36,1179.13
46,1774.08,1211.18,562.9,771.01
36,651.83,614.56,37.27,298.45
50,622.09,622.09,0.0,339.83
42,388.01,388.01,0.0,115.54
40,2949.5,1888.69,1060.81,599.45
42,864.7,864.7,0.0,468.85
39,4055.62,3040.55,1015.07,1191.9
49,7716.95,5078.17,2638.78,2441.56
27,1776.28,1030.77,745.51,516.72
47,5429.88,4445.3,984.58,1447.76
44,3464.73,2975.94,488.79,1496.94
60,4877.71,3195.37,1682.34,1525.96
37,4155.44,2345.64,1809.8,630.92
44,1196.44,1101.91,94.53,507.69
33,2184.32,1899.27,285.05,922.89
38,777.85,362.11,415.74,171.76
61,2159.78,1544.73,615.05,806.41
49,2144.7,2144.7,0.0,1166.81
44,1896.73,1286.89,609.84,526.76
42,1826.12,1772.83,53.29,576.2
53,594.24,492.43,101.81,265.21
33,5863.98,4633.43,1230.55,2017.38
34,822.3,718.37,103.93,315.61
18,310.59,200.0,110.59,95.19
48,1950.87,1311.54,639.33,649.62
46,416.46,200.0,216.46,37.54
30,955.06,698.72,256.34,138.79
18,553.72,553.72,0.0,200.62
27,1118.75,1063.13,55.62,644.29
19,476.01,418.27,57.74,169.27
18,8173.0,5058.41,3114.59,1821.4
53,2097.43,1610.49,486.94,744.45
35,2112.8,1138.05,974.75,695.54
45,1860.1,1242.95,617.15,259.7
34,1894.02,1841.33,52.69,789.52
44,553.28,368.43,184.85,238.3
18,429.6,368.01,61.59,61.46
60,2132.75,1219.86,912.89,433.58
35,5314.45,3885.14,1429.31,1492.42
33,2232.47,1696.86,535.61,716.88
18,6287.79,4342.33,1945.46,1915.92
23,2184.29,1544.09,640.2,692.93
18,1592.02,914.06,677.96,547.71
18,652.1,294.03,358.07,144.52
41,1055.81,896.58,159.23,403.17
53,1431.36,963.07,468.29,373.27
36,1681.32,1681.32,0.0,1035.33
23,968.87,968.87,0.0,389.13
54,2391.27,1950.58,440.69,1096.48
18,1335.61,966.54,369.07,297.84
38,677.31,200.0,477.31,177.52
52,790.72,738.54,52.18,193.94
27,607.81,607.81,0.0,174.69
23,3188.4,2415.65,772.75,1170.71
53,402.57,402.57,0.0,209.54
18,1321.12,1032.38,288.74,517.57
18,558.58,558.58,0.0,228.61
33,1746.32,449.66,1296.66,259.43
24,2786.46,1364.18,1422.28,777.63
49,3031.07,2720.81,310.26,1415.4
23,1074.44,441.05,633.39,289.75
26,1325.54,1162.77,162.77,325.02
52,1913.67,1464.21,449.46,312.57
48,808.45,504.36,304.09,177.21
42,566.86,483.1,83.76,148.24
18,377.34,377.34,0.0,146.95
43,921.77,921.77,0.0,457.63
18,1299.24,1145.24,154.0,264.97
48,928.57,928.57,0.0,390.84
33,989.25,747.83,241.42,253.18
31,3536.82,3536.82,0.0,1101.11
23,659.15,570.73,88.42,108.37
47,1415.14,797.75,617.39,323.76
18,9171.8,6034.26,3137.54,1441.15
41,1457.58,1223.0,234.58,655.94
19,413.57,200.0,213.57,167.42
35,2600.86,2282.62,318.24,1098.67
30,1931.21,1149.27,781.94,328.94
32,3436.21,1971.02,1465.19,1107.06
57,1288.18,600.01,688.17,63.21
33,1642.67,1642.67,0.0,899.04
25,1458.33,951.45,506.88,146.5
34,1536.21,1536.21,0.0,581.26
63,2619.24,2025.83,593.41,898.71
43,523.14,353.46,169.68,144.0
20,1228.74,1058.91,169.83,285.18
33,5752.89,3902.87,1850.02,2076.1
18,4170.29,3384.06,786.23,1080.94
45,3090.5,2988.75,101.75,1098.68
23,1122.56,969.98,152.58,497.72
35,6132.79,3775.54,2357.25,844.0
32,1058.69,1035.5,23.19,663.73
20,922.03,922.03,0.0,319.71
53,1728.3,1239.55,488.75,557.81
18,2427.7,1647.14,780.56,546.74
62,481.18,200.0,281.18,0.0
18,1451.02,849.54,601.48,208.68
33,1594.04,1527.14,66.9,427.17
24,1315.54,723.59,591.95,332.46
48,373.27,373.27,0.0,164.71
18,1342.93,1342.93,0.0,803.33
32,188.53,188.53,0.0,0.0
42,568.63,200.0,368.63,47.0
52,3387.38,3215.1,172.28,730.3
28,1037.89,884.59,153.3,388.18
44,983.2,820.56,162.64,212.22
24,3499.89,1890.98,1608.91,790.42
37,787.54,787.54,0.0,544.59
34,510.83,510.83,0.0,294.81
18,5958.72,4694.76,1263.96,2603.4
20,251.45,200.0,51.45,124.58
33,1892.53,1892.53,0.0,853.2
23,2583.98,1453.2,1130.78,254.18
41,3274.26,2443.34,830.92,682.02
41,859.04,781.04,78.0,273.14
45,1134.41,1134.41,0.0,575.57
18,2184.37,1530.94,653.43,328.41
30,2490.88,1418.39,1072.49,602.76
18,1818.24,1565.81,252.43,454.28
18,2881.83,2225.07,656.76,707.31
38,552.5,200.0,352.5,69.82
49,952.04,952.04,0.0,430.16
26,1240.54,955.1,285.44,277.11
18,2105.85,1433.6,672.25,727.29
33,185.18,185.18,0.0,106.91
18,658.08,658.08,0.0,275.25
55,1482.99,1233.8,249.19,581.07
59,1375.7,1121.78,253.92,591.47
71,2268.75,900.61,1368.14,137.17
19,1671.21,1034.11,637.1,617.76
21,2106.27,1909.4,196.87,609.34
34,469.72,200.0,269.72,92.26
18,342.57,200.0,142.57,35.99
42,1661.36,1336.58,324.78,781.73
18,841.79,575.52,266.27,339.38
38,897.56,884.45,13.11,481.1
28,1190.65,1105.31,85.34,582.47
38,5325.59,3707.06,1618.53,1897.08
32,4039.62,2756.81,1282.81,747.62
49,14155.35,11665.57,2489.78,6169.55
55,666.96,200.0,466.96,74.89
32,1363.43,1363.43,0.0,848.45
31,1934.29,859.71,1074.58,433.4
48,975.55,238.08,737.47,161.7
45,2038.72,1083.54,955.18,445.84
44,3000.17,1762.35,1237.82,857.18
27,3886.29,3479.65,406.64,2003.79
38,1049.74,902.78,146.96,423.25
18,448.83,448.83,0.0,125.86
43,2335.45,1282.62,1052.83,653.71
28,1314.24,1255.56,58.68,295.18
41,676.57,537.95,138.62,223.16
46,4971.72,2996.37,1975.35,690.96
18,7765.68,5204.7,2560.98,3030.09
54,1344.97,1077.01,267.96,415.55
36,664.15,664.15,0.0,202.59
49,450.49,450.49,0.0,284.33
18,1537.05,932.34,604.71,158.8
33,5309.44,4794.09,515.35,2799.91
18,2433.55,1425.85,1007.7,686.9
45,2500.48,2165.88,334.6,523.37
42,5157.86,3857.66,1300.2,1790.51
24,1416.1,1033.58,382.52,510.93
43,1629.88,663.44,966.44,328.63
35,1888.56,1509.84,378.72,272.71
47,1435.03,992.55,442.48,483.29
36,3664.7,2254.73,1409.97,881.56
43,887.08,862.87,24.21,367.43
48,380.11,376.49,3.62,215.0
31,1860.99,1104.9,756.09,498.02
37,3422.98,2688.77,734.21,1351.86
47,476.59,200.0,276.59,153.58
18,1898.75,940.21,958.54,238.49
18,3687.91,2618.72,1069.19,1059.33
54,1318.27,966.49,351.78,577.82
29,8471.44,5581.39,2890.05,1508.2
43,1340.62,744.06,596.56,173.19
46,1134.13,1134.13,0.0,401.1
61,580.95,451.67,129.28,240.1
50,1218.27,923.88,294.39,516.23
59,754.8,634.31,120.49,230.61
36,1741.91,1142.15,599.76,452.58
37,633.07,608.02,25.05,350.25
18,869.11,660.33,208.78,242.66
48,1021.9,941.35,80.55,405.85
44,1938.27,1235.75,702.52,405.89
33,593.02,593.02,0.0,281.25
37,2346.53,1930.1,416.43,576.62
18,1113.44,956.02,157.42,198.69
52,2032.39,1934.83,97.56,1037.01
29,2155.91,1843.44,312.47,835.11
40,598.71,445.59,153.12,103.26
32,1996.78,1938.63,58.15,385.85
37,3068.3,3068.3,0.0,980.74
21,1233.41,1003.17,230.24,396.41
41,603.04,415.35,187.69,184.65
43,3614.08,2356.2,1257.88,649.78
37,3885.18,3153.95,731.23,688.85
32,1316.65,1283.2,33.45,373.59
24,1832.48,1832.48,0.0,682.15
18,1967.85,1777.71,190.14,548.25
21,5005.88,3589.62,1416.26,1915.84
30,1668.23,756.23,912.0,253.38
49,2491.0,2313.6,177.4,727.73
57,727.96,319.92,408.04,124.65
45,988.81,988.81,0.0,314.68
18,285.76,200.0,85.76,92.37
18,3657.6,2170.82,1486.78,662.88
32,8071.8,6635.27,1436.53,3008.99
49,2461.23,2207.22,254.01,529.6
40,1746.56,1746.56,0.0,677.66
41,2327.44,1721.75,605.69,653.83
41,1091.94,239.71,852.23,146.78
47,836.92,764.92,72.0,220.65
34,807.09,807.09,0.0,146.67
40,1055.77,1047.86,7.91,492.43
18,1553.62,927.64,625.98,538.69
24,2021.63,1936.13,85.5,513.6
18,2483.12,1764.01,719.11,766.78
34,4321.05,3049.57,1271.48,1297.38
28,2332.69,1855.27,477.42,917.47
28,2723.5,2061.19,662.31,695.07
40,1383.38,1006.62,376.76,246.93
46,3686.9,3048.7,638.2,1398.36
36,4089.45,2317.34,1772.11,1234.65
22,2023.17,1450.92,572.25,549.51
18,472.15,259.68,212.47,71.02
18,934.64,934.64,0.0,318.31
25,1591.03,848.03,743.0,219.92
19,1360.61,1030.32,330.29,395.84
31,3474.22,2829.46,644.76,573.81
21,3281.03,2709.05,571.98,595.3
35,2175.92,2175.92,0.0,1170.44
34,641.03,641.03,0.0,190.39
33,5572.84,4369.84,1203.0,2021.61
65,1107.29,605.04,502.25,222.89
18,1673.95,1238.21,435.74,479.0
46,3929.73,3566.65,363.08,916.56
34,3868.76,3191.72,677.04,1659.85
60,1366.93,861.06,505.87,341.86
18,1860.9,1383.01,477.89,265.01
19,156.57,156.57,0.0,0.0
71,2425.58,1904.78,520.8,657.32
32,3374.54,1915.76,1458.78,449.84
66,516.04,516.04,0.0,207.92
44,483.93,381.91,102.02,171.81
43,827.98,827.98,0.0,328.4
41,2742.19,2443.16,299.03,645.13
51,821.52,797.82,23.7,413.91
39,2153.79,1788.58,365.21,1078.2
30,1468.55,1425.06,43.49,655.55
19,387.46,320.89,66.57,123.62
18,451.0,413.75,37.25,288.22
34,4844.9,3980.98,863.92,2368.81
33,1907.57,1907.57,0.0,1028.92
19,394.06,200.0,194.06,0.0
28,887.68,887.68,0.0,252.65
27,887.72,562.89,324.83,154.55
37,1511.92,1443.71,68.21,453.4
20,1192.12,1058.59,133.53,283.45
63,1207.91,1207.91,0.0,428.95
18,782.92,782.92,0.0,170.23
42,793.49,257.06,536.43,64.45
31,514.71,320.26,194.45,68.82
33,1128.31,535.24,593.07,186.74
21,645.84,645.84,0.0,203.57
44,1437.68,1437.68,0.0,651.14
18,784.48,200.0,584.48,198.65
28,899.85,722.51,177.34,258.01
20,405.59,200.0,205.59,37.31
26,1738.55,794.2,944.35,262.54
55,1374.62,1158.95,215.67,355.91
47,1904.8,1406.85,497.95,444.58
38,3047.15,2696.22,350.93,754.53
38,430.68,200.0,230.68,139.12
47,3119.57,2410.44,709.13,783.08
18,553.43,275.31,278.12,124.38
18,9422.66,6096.19,3326.47,2398.28
50,1532.68,1239.42,293.26,509.87
33,2984.22,2397.7,586.52,1364.26
52,1280.85,818.84,462.01,315.7
43,479.65,453.05,26.6,192.76
46,1059.04,1037.37,21.67,456.02
18,1171.74,1129.66,42.08,656.0
63,1772.62,1482.87,289.75,541.04
49,1720.86,1006.65,714.21,383.12
44,2851.09,2435.55,415.54,1190.98
39,1628.13,893.07,735.06,314.11
38,1505.23,684.28,820.95,92.94
18,4364.33,3363.41,1000.92,1913.22
29,900.09,594.49,305.6,201.05
41,2250.7,2194.36,56.34,1057.55
59,581.57,534.93,46.64,305.61
36,1164.95,602.34,562.61,167.55
40,1636.91,896.1,740.81,553.66
50,685.09,200.0,485.09,5.51
52,1635.45,1542.43,93.02,638.03
42,4461.05,2094.73,2366.32,1161.58
43,4671.55,3615.95,1055.6,1741.28
18,1965.93,1283.91,682.02,296.45
65,1047.35,946.38,100.97,300.07
55,431.18,273.08,158.1,167.69
30,419.79,200.0,219.79,152.15
58,1758.66,634.48,1124.18,331.8
27,1712.12,962.87,749.25,580.18
33,828.37,546.35,282.02,255.53
38,3002.73,1983.46,1019.27,757.74
75,1546.97,661.42,885.55,304.93
33,1599.43,1151.32,448.11,624.11
29,1113.64,420.74,692.9,99.79
18,2906.9,2800.29,106.61,1539.22
51,4459.98,3520.5,939.48,645.65
42,835.37,789.97,45.4,368.96
18,1279.29,478.14,801.15,339.36
48,416.32,260.01,156.31,72.71
42,1710.01,1375.52,334.49,610.76
22,1631.37,1322.7,308.67,634.95
36,3774.62,2470.85,1303.77,615.23
23,3245.38,3232.02,13.36,1146.03
33,2229.67,1529.52,700.15,324.88
38,2011.75,1529.2,482.55,743.71
65,1626.33,949.85,676.48,345.06
53,340.94,200.0,140.94,90.03
44,546.08,546.08,0.0,224.57
24,4912.45,3182.94,1729.51,1750.0
18,3539.27,2595.42,943.85,817.01
28,2995.02,2627.89,367.13,785.86
35,904.11,904.11,0.0,299.7
43,2174.65,1613.14,561.51,524.72
38,2677.49,1916.09,761.4,778.32
38,704.96,545.32,159.64,71.36
30,1004.0,905.77,98.23,403.22
26,1632.77,1064.45,568.32,714.81
40,991.39,762.43,228.96,315.36
18,1806.07,1215.65,590.42,308.97
29,1058.98,820.09,238.89,263.48
48,921.53,651.04,270.49,301.64
34,2376.87,2248.95,127.92,1068.21
34,3540.01,2211.72,1328.29,771.52
20,4191.35,3098.48,1092.87,1784.65
33,3959.19,3021.44,937.75,844.59
47,2061.54,1865.29,196.25,1037.91
18,1150.15,865.54,284.61,473.75
57,5110.89,3487.5,1623.39,747.42
37,2652.7,2065.32,587.38,364.65
21,1870.58,1116.39,754.19,531.88
29,2492.61,1500.97,991.64,854.55
41,3620.77,2373.44,1247.33,724.1
63,2665.98,2172.37,493.61,1255.69
39,6544.16,4938.77,1605.39,990.95
35,1207.74,835.57,372.17,199.04
54,1279.5,792.61,486.89,417.85
18,1419.36,1419.36,0.0,712.98
36,3578.74,3160.34,418.4,964.42
18,1049.78,487.92,561.86,67.89
58,2598.06,2460.85,137.21,1234.26
22,5376.14,3545.74,1830.4,1638.96
42,1705.05,1555.79,149.26,701.45
38,1498.59,766.38,732.21,197.6
42,926.91,408.1,518.81,134.39
57,3507.76,2895.14,612.62,646.59
41,10786.72,6335.19,4451.53,2479.06
22,485.55,200.0,285.55,152.93
28,2867.71,1792.67,1075.04,693.05
55,583.62,583.62,0.0,400.09
45,540.02,467.25,72.77,287.25
36,623.32,623.32,0.0,264.05
45,1475.66,457.67,1017.99,216.19
59,710.36,710.36,0.0,389.82
18,6165.01,3851.36,2313.65,958.78
24,4406.51,2937.56,1468.95,1499.86
42,2761.59,1838.82,922.77,807.44
18,2212.2,1555.34,656.86,724.21
26,1774.08,1565.0,209.08,334.56
39,1086.09,1086.09,0.0,232.2
29,362.48,200.0,162.48,11.13
35,3530.44,2249.3,1281.14,1012.68
23,1762.02,767.06,994.96,457.04
37,1479.95,1057.74,422.21,521.72
35,1632.33,1329.05,303.28,423.34
18,3081.39,1492.75,1588.64,832.48
42,3290.38,2765.5,524.88,1457.21
32,977.47,516.59,460.88,323.18
28,1186.84,1058.1,128.74,333.1
18,296.34,200.0,96.34,144.08
49,800.68,243.72,556.96,101.02
39,1065.23,770.78,294.45,218.65
50,925.79,843.05,82.74,445.42
25,2098.09,1185.99,912.1,536.23
22,610.99,200.0,410.99,0.0
69,631.48,200.0,431.48,131.36
39,1101.49,692.75,408.74,217.16
22,1454.16,707.31,746.85,196.86
67,3622.89,3193.22,429.67,968.24
36,2450.0,1301.56,1148.44,352.15
37,488.99,219.44,269.55,95.44
23,808.0,659.2,148.8,441.86
18,4319.22,3846.01,473.21,1893.52
46,405.32,405.32,0.0,257.04
23,971.57,971.57,0.0,462.8
52,4669.23,3313.15,1356.08,1329.0
35,2244.63,1809.43,435.2,804.29
36,1676.31,1676.31,0.0,868.6
39,3495.22,2783.47,711.75,1374.57
24,1121.7,1068.68,53.02,657.76
54,8213.95,5939.42,2274.53,1892.71
51,941.18,495.99,445.19,171.98
22,2286.29,1722.65,563.64,772.78
48,1044.94,1044.94,0.0,298.43
18,650.65,200.0,450.65,13.42
52,984.78,603.54,381.24,314.47
33,335.04,200.0,135.04,150.08
18,2152.15,1721.15,431.0,571.37
60,1828.66,1512.86,315.8,851.93
27,2382.17,2205.76,176.41,601.32
44,916.9,916.9,0.0,124.95
45,1214.49,1214.49,0.0,398.44
18,833.5,671.86,161.64,225.25
20,3133.88,2430.82,703.06,1427.48
70,7896.44,5530.02,2366.42,2938.4
38,742.36,406.94,335.42,172.6
21,1276.17,503.27,772.9,201.05
46,1794.27,1159.35,634.92,511.27
33,5116.95,3667.81,1449.14,1015.98
37,1079.83,799.44,280.39,470.51
25,1314.4,639.95,674.45,243.51
48,5819.24,4867.02,952.22,2796.72
59,1881.99,1411.9,470.09,488.27
24,1261.16,1197.8,63.36,621.24
38,3430.29,1912.04,1518.25,535.23
21,865.78,450.05,415.73,142.52
46,1248.23,1105.78,142.45,489.95
35,4151.5,2764.35,1387.15,1458.18
22,4273.7,2890.21,1383.49,1113.11
34,800.02,675.37,124.65,172.34
18,896.34,494.68,401.66,123.27
38,4092.64,2773.88,1318.76,529.37
61,918.23,276.46,641.77,84.22
31,2317.07,1941.26,375.81,1180.11
73,1192.79,479.34,713.45,206.45
18,5403.52,4032.89,1370.63,2198.16
31,694.24,694.24,0.0,406.33
31,1914.66,1578.86,335.8,970.78
18,420.84,355.84,65.0,49.31
23,1088.3,1088.3,0.0,435.48
26,1274.66,1018.12,256.54,500.48
47,642.26,320.54,321.72,91.58
29,3731.82,3052.96,678.86,1095.47
63,1254.78,728.11,526.67,359.07
46,1986.26,1517.84,468.42,491.06
29,465.22,465.22,0.0,205.5
41,3203.34,1839.85,1363.49,985.61
21,1777.32,1404.62,372.7,720.72
53,3374.31,1762.71,1611.6,542.46
18,1895.26,1283.47,611.79,647.77
32,3001.92,2694.76,307.16,1390.1
18,1888.05,1471.06,416.99,627.81
57,937.69,592.85,344.84,340.79
33,1409.25,936.01,473.24,255.55
43,4426.45,3112.75,1313.7,1831.76
47,1677.11,1677.11,0.0,730.37
31,526.47,200.0,326.47,5.43
43,1058.29,1058.29,0.0,282.64
47,261.2,215.68,45.52,98.54
24,2069.74,900.18,1169.56,511.24
51,201.65,200.0,1.65,106.05
54,3942.99,3357.08,585.91,1245.87
40,1119.36,1119.36,0.0,303.91
30,1169.8,1169.8,0.0,276.52
26,3596.59,3531.79,64.8,1852.55
61,1937.85,1184.11,753.74,321.59
40,436.18,421.91,14.27,64.67
24,952.57,931.09,21.48,280.89
45,731.47,246.03,485.44,149.22
18,1620.89,1381.7,239.19,717.25
48,255.25,200.0,55.25,171.09
52,339.55,200.0,139.55,86.1
37,353.63,200.0,153.63,92.03
70,285.53,200.0,85.53,50.92
54,2755.7,2088.51,667.19,700.52
47,3276.48,2093.69,1182.79,431.19
28,3005.83,2798.51,207.32,691.27
33,569.68,569.68,0.0,160.14
19,1366.3,1366.3,0.0,419.39
26,2747.32,1849.76,897.56,1068.21
39,948.33,772.7,175.63,271.17
26,1119.88,789.19,330.69,368.46
53,969.46,646.69,322.77,180.16
47,631.48,631.48,0.0,189.4
43,764.21,200.0,564.21,80.41
52,2175.72,1586.84,588.88,353.85
38,1422.47,981.08,441.39,462.84
22,2397.74,2249.69,148.05,853.44
41,2401.21,1942.46,458.75,414.53
41,874.73,874.73,0.0,256.62
18,2212.09,1569.77,642.32,737.13
56,390.53,390.53,0.0,89.82
35,760.43,486.89,273.54,193.06
56,363.35,232.28,131.07,101.37
58,898.5,780.78,117.72,175.51
36,893.36,726.88,166.48,401.39
33,1464.29,1253.56,210.73,655.13
43,792.36,792.36,0.0,433.27
37,656.33,390.64,265.69,200.11
20,1362.58,836.92,525.66,414.56
40,882.2,882.2,0.0,260.47
52,236.79,200.0,36.79,40.51
18,1266.48,621.13,645.35,272.31
43,721.56,721.56,0.0,210.44
32,1712.59,932.65,779.94,386.33
41,1267.15,1039.4,227.75,385.82
38,741.79,447.3,294.49,211.7
29,401.13,200.0,201.13,0.0
21,1762.39,1314.45,447.94,551.15
27,3842.44,2580.69,1261.75,731.99
25,385.44,385.44,0.0,57.53
68,820.72,789.62,31.1,280.64
37,4004.58,3537.49,467.09,1208.42
33,2147.1,1546.79,600.31,369.89
18,4600.77,3611.42,989.35,1305.84
20,1300.01,1300.01,0.0,598.48
23,2352.16,2204.82,147.34,966.41
30,1680.24,1672.98,7.26,362.49
58,4089.91,2941.64,1148.27,757.67
33,2666.1,2300.51,365.59,1050.51
47,1746.62,976.9,769.72,533.89
18,1889.04,1403.16,485.88,798.89
52,1118.06,992.4,125.66,517.96
18,1302.06,897.04,405.02,345.81
18,1374.74,1017.28,357.46,617.91
39,2607.18,1415.51,1191.67,656.23
24,1905.12,1475.83,429.29,333.29
37,2329.15,1381.94,947.21,376.4
33,4772.27,3891.9,880.37,1096.22
25,1178.12,642.86,535.26,282.72
63,2203.89,1343.49,860.4,390.82
29,1820.01,1541.66,278.35,414.45
19,1973.7,811.38,1162.32,234.36
18,1538.81,1386.27,152.54,729.35
49,291.58,291.58,0.0,201.63
26,486.63,486.63,0.0,94.42
23,2777.06,1826.26,950.8,693.08
48,4193.99,3757.78,436.21,1968.7
59,2192.66,1746.66,446.0,387.75
37,3021.31,2774.08,247.23,1201.6
44,3040.82,2060.49,980.33,752.51
18,1565.42,706.88,858.54,312.48
47,829.29,784.95,44.34,324.76
58,3402.07,2311.93,1090.14,933.42
35,1999.16,566.91,1432.25,173.86
22,1525.33,1334.18,191.15,370.16
22,1827.5,1614.52,212.98,837.62
18,1158.63,1096.38,62.25,441.35
38,4547.93,3881.96,665.97,1297.64
75,607.36,607.36,0.0,373.31
41,2501.32,2042.53,458.79,1024.86
43,1131.75,689.95,441.8,139.84
39,733.71,605.61,128.1,308.85
48,3140.34,1903.72,1236.62,984.03
22,361.03,361.03,0.0,177.73
71,2965.34,2441.85,523.49,724.37
20,2215.21,1115.43,1099.78,285.56
25,2733.73,2239.3,494.43,888.92
18,2303.15,1647.02,656.13,875.68
40,1100.14,295.43,804.71,128.14
63,1372.11,926.97,445.14,529.1
23,322.82,322.82,0.0,157.95
52,519.16,373.01,146.15,169.27
28,1058.53,978.41,80.12,369.97
18,3699.34,2561.82,1137.52,829.95
42,2362.6,1335.77,1026.83,522.85
50,2835.61,2344.61,491.0,982.51
38,994.74,994.74,0.0,530.64
18,1967.93,1934.29,33.64,358.58
46,4345.62,4014.82,330.8,2396.14
55,6889.13,4992.42,1896.71,1793.77
28,1153.42,942.29,211.13,560.91
30,2439.87,2143.74,296.13,1073.39
27,3909.43,2510.49,1398.94,706.73
56,4639.0,4106.88,532.12,1643.94
59,540.31,540.31,0.0,237.71
40,1284.07,867.92,416.15,113.27
30,1844.56,1212.47,632.09,744.82
50,1793.67,810.99,982.68,181.03
50,1387.89,677.73,710.16,420.96
46,1536.89,699.9,836.99,365.78
38,749.04,749.04,0.0,243.12
42,3898.13,3315.94,582.19,2000.65
18,1945.47,1134.14,811.33,419.19
27,708.11,200.0,508.11,152.82
18,588.93,289.79,299.14,161.21
32,1662.18,1390.98,271.2,405.71
32,265.66,200.0,65.66,19.64
18,1331.68,1062.71,268.97,531.55
56,1437.73,1128.98,308.75,657.05
47,1902.64,1502.93,399.71,447.62
28,566.06,200.0,366.06,107.1
18,1620.26,1159.81,460.45,602.11
47,703.47,421.08,282.39,68.55
30,2271.15,1792.27,478.88,786.23
52,968.23,200.0,768.23,58.28
19,4877.4,3801.85,1075.55,1136.93
56,2032.02,1841.72,190.3,498.08
27,1252.4,976.33,276.07,400.94
55,1890.24,1643.44,246.8,793.81
49,436.45,436.45,0.0,129.45
66,5501.79,3649.11,1852.68,2141.1
49,1926.27,1524.97,401.3,631.12
18,1326.98,1286.93,40.05,582.04
24,1017.25,772.69,244.56,248.16
25,1148.79,658.11,490.68,315.97
59,1529.65,778.89,750.76,500.88
44,1757.58,880.91,876.67,202.42
43,4117.06,2963.69,1153.37,1707.24
18,790.89,568.9,221.99,228.71
18,2024.62,1354.25,670.37,704.56
34,5308.24,4539.31,768.93,2485.28
43,1297.08,1170.8,126.28,752.37
18,1376.89,1376.89,0.0,711.01
39,1832.48,1751.44,81.04,659.66
44,2472.27,2469.56,2.71,1196.26
46,3576.87,3022.64,554.23,1677.0
18,1530.62,1340.74,189.88,899.99
26,2394.68,1255.82,1138.86,682.41
46,531.65,518.29,13.36,151.21
27,435.44,370.84,64.6,108.24
18,1708.93,1510.63,198.3,951.67
30,5468.34,3835.06,1633.28,2170.44
37,740.86,407.42,333.44,128.94
20,7378.14,6239.0,1139.14,1719.99
52,1212.98,424.56,788.42,149.91
23,4490.49,3831.63,658.86,1283.53
34,1353.22,1292.22,61.0,544.4
66,1113.29,750.81,362.48,329.63
40,660.44,651.86,8.58,175.28
27,5442.44,4415.66,1026.78,2431.85
47,807.64,466.0,341.64,197.56
39,4397.0,3432.81,964.19,874.68
38,1142.48,718.4,424.08,443.07
24,2480.19,2379.85,100.34,1234.69
18,1662.77,1482.64,180.13,790.54
18,2983.93,2722.69,261.24,567.82
33,868.67,750.83,117.84,138.75
23,1048.83,756.59,292.24,339.13
57,908.1,908.1,0.0,269.67
20,1446.34,876.58,569.76,122.4
23,1458.46,1288.51,169.95,470.62
26,1048.66,1048.66,0.0,467.71
34,1124.52,974.53,149.99,447.81
27,867.91,867.91,0.0,170.29
18,2267.73,1960.33,307.4,892.56
49,1861.3,1153.01,708.29,578.67
51,1589.41,1589.41,0.0,901.43
60,493.28,200.0,293.28,100.75
43,4422.8,3460.21,962.59,1677.42
22,3806.92,3344.93,461.99,1060.39
75,269.23,269.23,0.0,128.38
26,2647.96,1698.68,949.28,340.05
43,1136.35,856.91,279.44,243.59
43,2437.19,1902.0,535.19,1109.79
46,650.23,269.5,380.73,62.66
50,1287.7,960.69,327.01,439.65
61,2542.62,1725.11,817.51,824.91
20,1193.26,436.74,756.52,147.73
44,1020.78,1020.78,0.0,508.18
29,6652.46,4968.47,1683.99,1163.07
43,1722.36,1722.36,0.0,804.35
28,947.85,763.39,184.46,252.63
46,2783.0,2259.12,523.88,608.56
26,914.88,410.81,504.07,208.49
48,2439.02,2365.62,73.4,554.29
27,1079.5,875.08,204.42,403.28
26,2671.03,1825.88,845.15,833.62
41,704.93,704.93,0.0,162.6
41,2462.56,1967.59,494.97,1125.35
20,1802.35,1153.61,648.74,651.02
22,1633.66,959.33,674.33,414.2
38,405.67,400.85,4.82,177.22
33,2420.87,1451.15,969.72,516.66
45,1301.52,935.54,365.98,358.5
37,5469.77,3542.08,1927.69,890.18
37,2038.38,1289.99,748.39,633.21
45,1581.43,1167.15,414.28,610.25
23,1247.04,1068.06,178.98,383.99
18,1372.53,1372.53,0.0,711.58
18,1267.67,1120.53,147.14,438.11
75,4156.76,3303.14,853.62,1278.11
44,880.46,880.46,0.0,284.52
19,5146.58,4292.06,854.52,1391.55
42,2143.17,1354.31,788.86,643.82
19,1804.11,1333.05,471.06,325.14
18,3510.43,2529.22,981.21,1348.09
28,891.98,445.63,446.35,195.12
34,1407.93,1389.68,18.25,564.87
48,1970.22,1826.25,143.97,365.44
52,996.32,711.45,284.87,353.42
18,3183.52,2470.27,713.25,463.21
24,3189.29,3006.55,182.74,1398.7
18,6660.34,5451.08,1209.26,1650.94
42,505.95,505.95,0.0,183.48
25,1106.31,1048.06,58.25,260.65
18,1262.05,431.98,830.07,219.81
47,621.82,621.82,0.0,360.45
18,826.54,826.54,0.0,504.23
42,1198.12,968.86,229.26,307.47
18,2551.78,1624.17,927.61,422.68
18,2781.99,2684.77,97.22,627.88
24,547.25,487.74,59.51,173.65
23,7280.75,5549.13,1731.62,1611.08
54,2370.11,1619.81,750.3,629.53
47,960.91,219.17,741.74,39.79
48,572.5,454.19,118.31,250.49
22,6924.5,5813.14,1111.36,1227.93
43,2377.54,2377.54,0.0,1089.84
22,952.84,789.06,163.78,433.24
27,829.08,333.42,495.66,53.35
35,1273.33,779.75,493.58,373.34
46,818.17,351.93,466.24,246.11
66,2594.23,1163.69,1430.54,512.03
27,753.52,753.52,0.0,414.44
32,1165.28,803.16,362.12,401.34
68,1600.03,1013.69,586.34,460.03
58,2169.14,1297.54,871.6,643.69
55,412.36,412.36,0.0,311.57
55,3071.54,2313.57,757.97,858.47
27,15678.39,12962.11,2716.28,6675.19
36,1662.57,1148.47,514.1,412.35
61,4940.87,3845.73,1095.14,1442.65
21,1270.43,1270.43,0.0,403.73
27,1422.9,1422.9,0.0,853.99
38,3842.56,3342.78,499.78,1270.95
18,675.77,267.84,407.93,94.08
19,3032.86,2288.38,744.48,1069.57
48,3194.7,2114.23,1080.47,408.22
39,1251.65,1233.26,18.39,802.43
49,2384.12,1811.73,572.39,508.75
40,2096.18,1241.36,854.82,406.59
20,3120.34,2576.29,544.05,1105.71
36,956.61,755.96,200.65,397.0
27,575.59,561.44,14.15,346.09
43,1322.5,1161.43,161.07,339.84
18,577.9,577.9,0.0,360.8
64,253.01,200.0,53.01,129.46
43,736.66,200.0,536.66,83.32
29,2003.53,1737.82,265.71,1121.03
34,3672.27,3223.99,448.28,1630.52
39,1282.08,1282.08,0.0,649.8
56,1506.59,1506.59,0.0,551.86
18,1222.01,497.95,724.06,160.32
36,1845.29,1633.09,212.2,832.23
52,504.97,200.0,304.97,137.75
28,1073.49,624.53,448.96,242.86
18,722.67,586.22,136.45,233.3
31,807.45,807.45,0.0,219.63
27,5607.53,3629.58,1977.95,1919.0
40,3773.82,2526.39,1247.43,649.98
18,2039.6,1904.83,134.77,897.4
18,1426.75,992.98,433.77,373.75
56,2427.81,2193.46,234.35,1185.59
37,329.6,329.6,0.0,81.87
42,248.06,248.06,0.0,183.81
44,2725.88,2134.67,591.21,590.2
33,4553.55,3691.19,862.36,1133.62
23,2580.65,2174.59,406.06,393.4
46,2103.25,1476.57,626.68,379.99
26,10811.41,8483.78,2327.63,1896.62
31,1759.91,1541.06,218.85,480.01
42,930.93,930.93,0.0,203.2
18,751.99,685.98,66.01,412.14
28,1950.34,1138.26,812.08,365.92
50,1334.02,603.55,730.47,183.59
26,1218.71,494.49,724.22,102.28
18,1345.24,1345.24,0.0,762.06
33,2094.72,1220.08,874.64,516.48
28,1746.25,1331.79,414.46,454.26
26,974.6,899.87,74.73,486.23
60,849.87,604.38,245.49,62.91
52,1944.16,1924.98,19.18,550.87
28,667.67,633.22,34.45,161.56
39,708.26,708.26,0.0,456.41
28,1989.6,1108.45,881.15,325.39
45,2266.11,1927.64,338.47,1009.62
18,202.28,202.28,0.0,78.56
55,2341.37,1967.36,374.01,510.62
18,900.44,484.52,415.92,218.05
42,1405.6,1405.6,0.0,343.85
18,2837.93,2084.63,753.3,493.56
18,1835.3,1267.36,567.94,526.32
28,763.56,322.49,441.07,16.56
29,674.61,258.76,415.85,63.39
21,4846.28,3260.94,1585.34,1186.07
58,807.04,807.04,0.0,235.73
55,885.22,837.97,47.25,314.98
31,550.83,507.05,43.78,236.44
30,4193.87,2982.15,1211.72,1714.5
39,381.72,200.0,181.72,104.79
18,817.27,642.45,174.82,220.33
25,970.07,742.4,227.67,143.86
27,1026.46,1026.46,0.0,326.48
23,831.15,471.11,360.04,219.2
43,637.85,637.85,0.0,276.47
42,1096.83,1096.83,0.0,589.6
33,8303.06,6813.06,1490.0,3357.16
18,226.4,200.0,26.4,58.12
69,745.71,450.99,294.72,65.21
23,1821.11,1821.11,0.0,1062.0
39,636.66,337.46,299.2,219.12
50,312.39,312.39,0.0,11.16
18,5281.39,3027.76,2253.63,1610.62
28,3795.49,2114.16,1681.33,1013.44
50,824.91,824.91,0.0,298.98
42,1371.19,1371.19,0.0,536.12
44,6373.88,4664.05,1709.83,1558.21
57,2111.97,1345.66,766.31,368.62
18,2720.64,2121.31,599.33,636.18
38,1074.86,506.84,568.02,169.56
27,2608.17,2471.84,136.33,1308.53
20,1075.78,1024.3,51.48,393.86
51,779.96,779.96,0.0,417.49
18,6160.86,4082.15,2078.71,1068.34
21,1073.6,551.9,521.7,168.6
51,2572.95,2125.23,447.72,898.93
53,2599.47,2325.44,274.03,601.29
54,1445.23,804.06,641.17,190.9
35,1172.99,772.44,400.55,393.89
39,437.92,246.75,191.17,166.74
29,684.33,597.02,87.31,254.83
24,1266.08,716.38,549.7,181.45
25,1554.15,1028.29,525.86,440.3
45,5715.41,3262.87,2452.54,752.95
33,2204.26,1498.06,706.2,501.34
18,2180.33,1462.96,717.37,386.68
18,1396.37,1015.19,381.18,340.82
33,2269.83,1682.23,587.6,562.93
22,127.81,127.81,0.0,0.0
42,886.43,886.43,0.0,247.2
33,1409.03,945.85,463.18,472.77
44,1552.44,1343.85,208.59,654.27
41,2423.53,1913.56,509.97,635.87
40,1463.97,795.88,668.09,470.69
22,1347.08,836.61,510.47,449.43
52,1245.62,1121.34,124.28,533.83
36,1266.17,497.88,768.29,217.62
27,3200.94,2545.97,654.97,622.15
36,1213.95,726.15,487.8,269.03
48,898.59,589.13,309.46,185.03
18,1519.17,1519.17,0.0,820.32
43,8527.12,6501.51,2025.61,2412.72
18,8581.1,8223.97,357.13,4397.82
35,652.4,486.69,165.71,247.84
42,1410.58,1410.58,0.0,451.19
34,2478.79,1269.46,1209.33,378.29
32,2292.47,1482.9,809.57,348.95
32,315.58,233.39,82.19,134.7
57,676.84,200.0,476.84,19.45
30,669.49,200.0,469.49,101.43
18,1801.28,1801.28,0.0,684.71
51,2837.63,1994.35,843.28,941.39
22,1011.99,811.64,200.35,342.11
31,1904.51,1904.51,0.0,791.49
27,1332.02,664.15,667.87,301.09
18,2672.16,2135.49,536.67,440.94
29,388.46,388.46,0.0,73.89
39,1033.07,805.1,227.97,121.69
43,2451.85,1624.52,827.33,389.9
51,1251.02,1014.53,236.49,563.25
27,1241.61,1185.41,56.2,402.29
19,6474.38,4926.07,1548.31,1082.85
40,1325.63,1314.62,11.01,282.49
31,7351.21,4395.05,2956.16,2195.94
31,866.13,826.26,39.87,462.53
18,2351.31,2351.31,0.0,1091.9
46,371.35,200.0,171.35,100.73
26,8143.24,5541.6,2601.64,3271.87
35,1306.32,1076.39,229.93,563.3
26,9387.24,7846.7,1540.54,3546.87
18,4276.55,3586.39,690.16,1794.92
28,1239.53,1239.53,0.0,524.76
52,1393.3,1065.34,327.96,446.41
32,2176.41,1533.23,643.18,752.42
57,971.81,964.63,7.18,617.7
18,1534.11,1229.07,305.04,709.56
50,3470.61,1857.02,1613.59,488.99
29,934.75,413.64,521.11,8.29
54,535.24,535.24,0.0,208.04
29,4890.69,3332.89,1557.8,1484.77
57,1328.01,838.18,489.83,431.01
37,2898.15,1680.69,1217.46,637.64
30,590.24,590.24,0.0,212.74
18,811.23,745.87,65.36,173.01
18,2123.0,1934.72,188.28,1100.86
38,3280.54,2096.92,1183.62,835.38
33,1581.9,935.81,646.09,435.28
18,538.2,200.0,338.2,92.86
65,1738.69,1414.68,324.01,547.93
36,558.54,200.0,358.54,80.33
46,5264.69,3937.72,1326.97,1608.79
42,1087.71,826.97,260.74,144.99
55,1584.13,1448.26,135.87,511.45
52,4596.37,3580.17,1016.2,863.35
41,1313.6,1149.57,164.03,371.67
22,740.03,352.19,387.84,260.27
39,2806.13,1957.21,848.92,799.09
18,1181.94,392.05,789.89,137.19
27,3620.23,1680.21,1940.02,902.82
27,412.65,412.65,0.0,111.22
32,985.22,985.22,0.0,262.65
49,2339.92,1989.3,350.62,585.71
45,880.69,801.99,78.7,400.36
61,2839.25,2163.59,675.66,792.85
55,872.48,260.78,611.7,221.92
18,1255.97,200.0,1055.97,27.33
22,1207.0,506.53,700.47,123.67
54,978.08,633.81,344.27,246.55
25,781.24,346.81,434.43,164.0
18,398.47,398.47,0.0,294.05
45,2506.86,1730.11,776.75,727.9
28,3806.81,2705.47,1101.34,753.24
32,483.34,235.51,247.83,191.48
27,3865.92,2341.27,1524.65,451.97
53,385.29,309.7,75.59,139.04
42,1819.48,1454.9,364.58,888.96
35,1507.36,1149.34,358.02,533.49
18,1036.87,627.15,409.72,355.38
30,6358.37,4607.63,1750.74,1562.26
18,2056.6,1548.26,508.34,731.88
44,605.28,489.29,115.99,175.22
46,572.73,572.73,0.0,80.52
40,3461.7,2483.38,978.32,1467.67
50,601.81,424.09,177.72,235.33
23,818.55,200.0,618.55,60.09
52,1971.11,988.06,983.05,322.27
22,1337.86,466.99,870.87,103.55
50,971.65,200.0,771.65,34.68
51,3195.87,2086.88,1108.99,635.18
45,1665.37,1665.37,0.0,717.85
58,1565.72,1565.72,0.0,874.65
75,6900.63,5750.63,1150.0,1477.47
55,1697.87,805.81,892.06,179.96
27,267.45,246.97,20.48,60.36
52,414.46,414.46,0.0,110.59
42,3641.68,2087.94,1553.74,1190.36
63,4907.52,4253.74,653.78,1237.38
23,1560.38,1165.15,395.23,656.37
57,995.63,200.0,795.63,191.86
54,484.41,367.84,116.57,144.16
23,1813.19,1211.55,601.64,313.25
18,395.48,200.0,195.48,148.1
32,1215.56,1010.52,205.04,247.27
39,593.45,284.56,308.89,155.42
38,181.05,181.05,0.0,77.85
37,3344.34,2378.64,965.7,1192.36
20,1660.6,1164.36,496.24,608.79
41,1447.41,719.0,728.41,269.54
38,588.49,200.0,388.49,51.28
29,1281.13,1033.01,248.12,206.06
27,1044.35,955.36,88.99,515.54
43,1729.63,1421.82,307.81,560.54
38,2036.5,1752.61,283.89,482.0
23,859.97,455.73,404.24,220.23
49,1756.31,1346.81,409.5,817.12
22,1039.97,878.72,161.25,329.03
37,4715.85,4115.56,600.29,2225.36
32,6935.69,5039.34,1896.35,1907.85
61,1241.0,995.44,245.56,641.28
39,1547.55,925.77,621.78,222.92
34,1010.52,905.56,104.96,333.31
33,1449.05,1449.05,0.0,716.99
29,1176.66,436.79,739.87,51.23
50,1497.78,1144.59,353.19,590.76
59,1562.47,1234.72,327.75,568.53
59,4514.15,3058.32,1455.83,1104.8
47,3822.25,2935.81,886.44,1030.6
18,2351.36,1789.97,561.39,923.07
54,7830.74,6979.34,851.4,2055.98
43,1590.09,975.85,614.24,680.23
60,2026.54,1068.89,957.65,226.83
18,2601.53,1958.95,642.58,364.55
43,2699.51,1872.2,827.31,1123.43
50,1467.78,737.71,730.07,290.45
27,337.87,207.94,129.93,89.05
40,4142.31,2774.42,1367.89,1606.07
39,2771.12,2151.0,620.12,1052.31
22,1292.31,954.47,337.84,382.32
45,2820.11,1634.83,1185.28,933.29
18,1906.86,1185.92,720.94,574.08
23,5462.9,4222.37,1240.53,2349.25
50,1999.42,1649.34,350.08,343.38
53,3842.3,3030.54,811.76,1764.8
50,1639.84,679.95,959.89,247.78
18,410.93,410.93,0.0,230.97
43,8634.78,5699.12,2935.66,3234.46
57,1095.19,214.97,880.22,78.86
38,1222.63,949.43,273.2,643.72
45,1063.8,1063.8,0.0,364.26
38,3897.43,2972.74,924.69,1123.62
30,11395.2,8640.21,2754.99,3225.32
27,1196.77,984.49,212.28,613.43
45,608.67,373.74,234.93,46.98
35,2908.98,2680.99,227.99,650.03
18,1487.94,1198.81,289.13,488.98
53,2278.91,1099.13,1179.78,406.07
48,2889.67,2303.48,586.19,1141.35
18,2064.19,1446.77,617.42,434.65
39,1852.91,1202.32,650.59,469.17
18,1183.96,522.41,661.55,196.06
58,1026.21,516.67,509.54,208.06
44,2328.94,1599.2,729.74,908.56
38,4882.95,3781.6,1101.35,1530.72
41,1348.7,270.65,1078.05,0.0
38,1692.51,1160.23,532.28,655.3
18,2569.32,2424.22,145.1,514.42
20,784.81,658.62,126.19,250.77
18,3775.54,2599.67,1175.87,1129.96
24,2503.44,1571.2,932.24,475.78
39,780.61,780.61,0.0,400.44
18,2498.89,2262.88,236.01,558.83
44,1785.17,1365.01,420.16,834.69
37,879.12,287.27,591.85,7.89
28,3529.1,2311.42,1217.68,1201.02
29,1022.68,373.01,649.67,161.48
35,731.18,417.56,313.62,139.85
38,2301.46,1857.67,443.79,927.59
24,776.86,579.18,197.68,396.91
18,1173.59,845.21,328.38,414.34
23,955.41,815.03,140.38,374.62
21,571.24,511.7,59.54,120.66
45,1199.21,729.16,470.05,246.37
44,830.47,830.47,0.0,340.61
21,5335.42,4825.4,510.02,1248.94
27,2137.37,1493.72,643.65,886.99
51,3160.18,2669.03,491.15,850.36
19,1306.45,840.5,465.95,318.63
33,1588.46,726.03,862.43,433.46
30,1201.92,1201.92,0.0,717.35
33,1645.76,752.72,893.04,209.23
44,2087.98,1796.84,291.14,608.18
40,483.96,483.96,0.0,168.91
35,1337.1,1170.65,166.45,552.93
24,279.27,200.0,79.27,113.31
37,1033.95,928.68,105.27,353.53
18,1005.99,1005.99,0.0,242.85
44,508.61,331.78,176.83,87.74
23,1484.98,1042.84,442.14,305.21
26,2280.31,1495.15,785.16,643.94
35,1511.96,1172.91,339.05,203.24
23,5349.54,4581.13,768.41,2190.55
56,1253.16,1253.16,0.0,489.55
42,1211.5,920.65,290.85,470.58
19,817.0,518.81,298.19,197.28
28,1786.47,1786.47,0.0,922.59
29,757.52,248.26,509.26,138.66
19,649.5,649.5,0.0,218.56
18,1008.22,530.49,477.73,45.77
35,4009.76,3658.88,350.88,1143.83
32,4737.95,3690.09,1047.86,1500.2
31,2536.33,2285.49,250.84,482.64
53,1734.39,1319.2,415.19,507.33
23,1695.01,844.83,850.18,374.41
72,1721.44,1447.09,274.35,891.33
45,1271.89,856.01,415.88,399.32
46,1016.92,259.72,757.2,95.48
27,1782.75,1551.75,231.0,878.85
49,5901.48,4722.7,1178.78,2150.77
50,2793.26,1673.81,1119.45,464.52
24,1668.99,1139.51,529.48,671.29
62,677.68,200.0,477.68,71.51
33,2615.04,2458.43,156.61,898.51
44,1303.06,988.9,314.16,342.27
33,1978.66,1402.56,576.1,619.41
40,1386.75,1386.75,0.0,824.38
67,405.1,200.0,205.1,139.43
23,439.43,200.0,239.43,55.62
42,1603.83,1603.83,0.0,636.47
48,890.62,552.1,338.52,254.14
44,721.95,305.4,416.55,181.06
36,766.12,597.59,168.53,400.56
18,344.84,344.84,0.0,211.0
18,1005.56,1005.56,0.0,517.41
55,1856.9,1507.39,349.51,728.7
32,1186.17,1047.46,138.71,356.37
24,1061.25,567.44,493.81,216.63
39,2013.94,1552.32,461.62,631.87
18,2025.57,2025.57,0.0,511.29
28,619.22,416.22,203.0,127.93
18,1003.13,220.51,782.62,87.86
57,463.85,463.85,0.0,137.12
33,6359.89,5194.1,1165.79,1193.97
43,626.83,200.0,426.83,40.84
35,1825.44,964.04,861.4,340.4
52,1407.4,1296.1,111.3,312.18
23,1113.33,1113.33,0.0,294.57
39,568.83,263.28,305.55,9.03
32,933.69,693.26,240.43,178.03
18,874.48,874.48,0.0,169.04
59,711.54,573.52,138.02,219.42
30,1289.13,446.71,842.42,314.95
35,3699.13,2685.5,1013.63,1528.7
29,2024.51,1144.26,880.25,342.89
32,459.52,204.05,255.47,182.89
31,1824.73,1346.41,478.32,337.31
21,1709.28,1066.74,642.54,369.14
34,2669.02,2111.8,557.22,895.92
49,2493.58,795.68,1697.9,462.72
36,603.57,200.0,403.57,120.42
31,1462.73,848.15,614.58,447.61
34,3355.47,2494.12,861.35,651.18
44,1354.92,1161.54,193.38,299.2
29,1797.63,1682.83,114.8,450.46
29,4707.99,3800.27,907.72,1404.59
47,1236.18,1236.18,0.0,452.97
40,1314.13,601.57,712.56,444.16
19,1413.56,1143.94,269.62,536.57
18,1728.49,1581.4,147.09,730.62
40,2719.9,2231.75,488.15,453.02
41,576.77,289.9,286.87,145.77
33,6130.31,4154.4,1975.91,869.52
24,2493.16,1923.78,569.38,1050.47
59,531.24,314.25,216.99,118.34
26,639.57,200.0,439.57,87.24
18,4380.58,2629.81,1750.77,766.04
26,2753.62,1885.45,868.17,887.33
19,602.01,203.92,398.09,0.0
31,615.35,615.35,0.0,257.04
25,2081.99,1399.83,682.16,652.43
72,2441.56,1391.91,1049.65,440.43
18,720.11,532.23,187.88,401.56
18,904.83,211.14,693.69,3.44
36,4716.55,3720.57,995.98,2109.21
40,666.46,666.46,0.0,273.55
18,3081.48,2721.83,359.65,1250.67
28,2134.89,1713.01,421.88,349.91
35,2214.75,1732.13,482.62,498.33
37,521.24,200.0,321.24,55.36
18,449.63,449.63,0.0,219.89
28,1280.74,725.64,555.1,432.57
38,646.28,200.0,446.28,99.39
32,3021.77,2556.25,465.52,675.64
34,665.96,392.32,273.64,200.41
33,938.51,714.86,223.65,169.69
18,2470.16,1964.73,505.43,1124.8
24,1117.8,493.88,623.92,296.15
36,489.15,489.15,0.0,192.97
23,2477.96,2205.22,272.74,1082.16
22,1080.99,658.58,422.41,406.53
32,2695.7,2695.7,0.0,1034.08
32,2246.69,1468.4,778.29,588.28
26,2783.12,1693.74,1089.38,735.21
70,2578.78,1616.02,962.76,927.05
31,1792.79,1538.45,254.34,814.8
22,296.22,296.22,0.0,58.27
18,2436.33,1497.59,938.74,670.76
18,2205.82,1897.31,308.51,454.34
18,1130.0,933.36,196.64,429.72
31,1128.96,571.85,557.11,291.77
56,503.28,200.0,303.28,114.41
21,2301.95,1557.65,744.3,561.43
23,1547.6,1547.6,0.0,661.4
18,1081.46,1028.37,53.09,676.34
18,1330.04,977.21,352.83,164.22
26,403.75,403.75,0.0,220.89
19,1834.38,1078.51,755.87,281.68
37,646.15,497.02,149.13,200.57
18,707.83,200.0,507.83,29.57
20,1575.99,1392.86,183.13,322.97
21,599.23,200.0,399.23,163.34
33,1307.9,709.71,598.19,309.25
42,638.04,200.0,438.04,79.8
21,1367.7,1189.84,177.86,663.91
24,230.79,200.0,30.79,45.12
32,1599.45,1174.57,424.88,542.7
19,5342.42,3956.96,1385.46,850.36
35,3226.57,2744.24,482.33,1154.89
32,438.46,280.13,158.33,124.4
37,580.74,365.61,215.13,261.33
39,721.49,625.92,95.57,160.25
49,1806.51,1488.49,318.02,345.71
48,300.44,200.0,100.44,127.76
35,326.38,200.0,126.38,169.44
46,1507.04,1269.08,237.96,556.1
66,4068.13,2578.05,1490.08,1308.48
31,4505.7,4028.91,476.79,2337.64
24,2114.3,2067.01,47.29,911.63
31,7589.05,4880.01,2709.04,1167.99
18,500.01,310.1,189.91,0.0
31,1432.92,1432.92,0.0,500.76
35,685.79,200.0,485.79,3.36
22,827.62,780.35,47.27,249.66
43,2448.37,1708.55,739.82,797.76
18,3590.72,1936.28,1654.44,786.34
51,1997.35,1363.38,633.97,257.32
30,2397.8,2008.72,389.08,1023.12
21,1183.36,1119.14,64.22,480.34
40,1653.99,823.09,830.9,484.56
18,1510.08,895.54,614.54,379.39
21,3749.19,1989.68,1759.51,763.6
36,657.24,657.24,0.0,289.53
46,1915.3,1213.14,702.16,515.29
20,1247.75,792.11,455.64,538.59
23,1457.9,1301.36,156.54,442.41
30,655.71,424.53,231.18,177.3
18,353.28,353.28,0.0,47.11
36,491.87,200.0,291.87,74.41
23,1522.43,777.34,745.09,242.0
68,4032.59,2781.42,1251.17,1434.42
20,2478.11,1703.12,774.99,737.85
58,3912.19,2635.91,1276.28,1290.62
43,501.12,501.12,0.0,241.9
52,761.65,761.65,0.0,412.99
51,809.19,809.19,0.0,336.08
39,7862.78,6371.23,1491.55,3429.38
25,3531.1,2468.75,1062.35,526.47
30,965.81,286.14,679.67,94.57
18,4670.63,2811.58,1859.05,1077.25
33,892.66,892.66,0.0,324.78
18,1692.77,1243.02,449.75,508.57
42,827.28,301.52,525.76,164.91
50,1455.33,1026.27,429.06,186.73
54,1103.47,1103.47,0.0,490.3
61,1046.76,200.0,846.76,71.99
41,843.91,482.47,361.44,137.45
18,3539.17,3173.37,365.8,654.0
35,3095.28,2711.45,383.83,753.3
18,459.66,200.0,259.66,57.61
31,2537.79,2278.83,258.96,808.89
23,1035.49,671.16,364.33,327.48
18,2725.07,2042.94,682.13,1113.38
21,1430.08,838.72,591.36,410.82
34,2322.38,2009.26,313.12,1017.05
37,1008.2,461.68,546.52,287.21
18,334.34,264.4,69.94,38.03
18,744.09,658.54,85.55,201.0
35,4137.94,3832.74,305.2,1953.66
18,1317.57,881.39,436.18,391.54
36,1620.51,1385.14,235.37,562.65
18,1664.48,1157.75,506.73,594.21
48,3179.82,2395.94,783.88,1030.57
34,1002.85,800.43,202.42,351.43
40,1749.38,1216.81,532.57,373.23
22,2117.02,1075.68,1041.34,453.32
38,225.41,200.0,25.41,109.31
42,1423.51,1378.9,44.61,340.78
35,1254.74,718.37,536.37,230.46
26,1429.68,1203.42,226.26,619.01
49,1030.04,621.62,408.42,245.01
32,1798.07,725.4,1072.67,437.85
38,2334.58,1468.04,866.54,389.48
47,1160.92,751.86,409.06,349.69
38,2228.98,2131.94,97.04,477.09
30,1036.74,1036.74,0.0,417.22
60,419.83,419.83,0.0,58.15
31,1754.64,1555.65,198.99,798.68
34,2609.24,1874.46,734.78,1002.55
18,1418.03,497.89,920.14,163.1
30,1068.4,548.13,520.27,166.31
40,1195.58,591.78,603.8,187.46
19,3157.16,1602.91,1554.25,758.95
52,750.68,750.68,0.0,203.21
52,3284.07,2340.07,944.0,1297.39
47,2337.9,1957.41,380.49,381.27
32,210.34,210.34,0.0,84.31
31,872.84,747.94,124.9,152.93
33,449.32,200.0,249.32,160.04
39,325.99,325.99,0.0,191.96
33,1201.67,1058.86,142.81,754.0
31,942.1,942.1,0.0,307.37
35,792.98,319.59,473.39,170.44
32,1003.78,771.59,232.19,250.82
38,772.09,662.83,109.26,184.64
35,2156.47,1516.25,640.22,777.06
41,2106.13,2106.13,0.0,1264.41
49,559.36,559.36,0.0,220.93
39,2063.58,1390.08,673.5,506.77
57,2661.38,1458.95,1202.43,816.38
38,2449.82,1804.27,645.55,1068.02
18,1516.76,1250.34,266.42,753.48
18,3152.35,3080.69,71.66,1319.65
46,4758.94,3945.31,813.63,1072.08
18,984.42,568.95,415.47,218.22
47,3745.25,3057.55,687.7,745.94
39,1274.6,1158.82,115.78,438.26
56,948.05,948.05,0.0,338.12
47,1093.32,731.96,361.36,359.86
34,3160.42,2428.33,732.09,1294.2
35,794.9,359.43,435.47,226.98
18,2205.71,1679.91,525.8,753.21
44,2171.78,1248.72,923.06,647.23
45,1563.96,1558.5,5.46,456.89
49,5494.39,5494.39,0.0,2677.74
44,1581.3,1116.1,465.2,525.32
18,506.47,506.47,0.0,194.06
42,647.49,647.49,0.0,332.16
42,2365.72,2151.96,213.76,554.97
64,1880.34,944.81,935.53,421.14
26,579.81,399.84,179.97,38.62
23,5004.58,3218.32,1786.26,1616.73
48,891.07,249.84,641.23,65.75
20,806.43,467.58,338.85,40.1
35,4453.4,2810.34,1643.06,717.84
42,2705.13,1129.75,1575.38,669.7
34,749.23,559.49,189.74,401.83
34,1319.59,852.21,467.38,470.6
29,485.88,368.17,117.71,230.68
20,827.08,463.27,363.81,236.74
42,381.33,200.0,181.33,42.52
41,1224.7,782.8,441.9,322.48
19,570.96,384.22,186.74,168.14
40,638.18,523.95,114.23,283.07
40,1041.21,290.22,750.99,56.62
61,3512.95,2131.94,1381.01,1201.61
36,2439.01,2388.07,50.94,1169.88
18,2474.91,1885.21,589.7,669.51
33,659.3,511.54,147.76,58.06
32,1693.99,1693.99,0.0,971.56
34,1740.36,1245.11,495.25,264.55
54,741.91,629.55,112.36,383.82
28,824.47,446.76,377.71,73.24
32,1340.71,502.55,838.16,416.97
25,429.47,200.0,229.47,0.0
50,2111.16,1655.7,455.46,751.24
26,2174.01,1839.64,334.37,1012.53
27,1771.21,1147.54,623.67,593.83
29,1263.75,1263.75,0.0,596.53
18,2773.76,1278.42,1495.34,360.22
22,1236.25,742.89,493.36,199.34
43,1789.64,1526.29,263.35,576.99
29,5783.5,4411.62,1371.88,1424.67
44,3193.63,2972.26,221.37,1578.56
39,1053.28,280.13,773.15,115.02
38,682.9,682.9,0.0,214.24
38,1793.79,1793.79,0.0,404.9
24,964.61,881.6,83.01,315.83
38,1822.24,999.93,822.31,317.41
42,1598.63,1474.04,124.59,360.9
18,7684.57,6335.0,1349.57,1583.58
43,802.03,802.03,0.0,264.38
22,2057.72,2028.02,29.7,725.62
18,981.79,741.83,239.96,475.71
50,2189.74,1948.17,241.57,766.21
27,2163.27,2163.27,0.0,760.22
57,2359.68,2359.68,0.0,1167.57
58,5667.96,4384.66,1283.3,1893.42
38,2379.34,2071.57,307.77,578.79
26,2000.67,1551.65,449.02,506.64
23,300.86,200.0,100.86,161.54
35,339.92,305.7,34.22,22.03
38,3051.59,2596.51,455.08,458.62
28,594.06,594.06,0.0,142.26
66,1414.38,1199.13,215.25,665.74
51,834.37,708.59,125.78,315.04
18,501.45,501.45,0.0,336.86
25,1528.32,1019.31,509.01,360.43
45,1105.69,1105.69,0.0,300.05
63,5689.19,4119.68,1569.51,1136.06
46,367.78,200.0,167.78,82.03
39,1692.88,1354.0,338.88,266.73
42,5048.94,3842.16,1206.78,1346.58
21,1202.56,1202.56,0.0,603.41
24,2859.11,2360.39,498.72,1186.47
35,2391.22,1673.63,717.59,556.28
18,491.29,200.0,291.29,46.49
22,825.44,825.44,0.0,353.22
33,1426.97,1364.04,62.93,618.58
37,799.11,473.55,325.56,275.33
45,1524.03,652.23,871.8,317.68
21,3984.41,3118.17,866.24,1768.74
29,1953.76,731.02,1222.74,105.16
20,740.78,200.0,540.78,16.74
20,339.34,200.0,139.34,86.88
38,17257.76,11394.37,5863.39,5007.9
47,806.68,309.06,497.62,117.52
27,6614.13,5264.62,1349.51,1619.51
25,2525.98,1918.21,607.77,924.03
67,1824.29,1091.18,733.11,489.65
41,5088.99,3532.8,1556.19,837.81
18,4171.57,2438.01,1733.56,994.44
36,589.62,200.0,389.62,5.13
18,475.25,475.25,0.0,176.37
40,8073.97,5267.6,2806.37,2047.13
40,4196.25,3467.33,728.92,1814.95
39,1956.7,1651.81,304.89,869.94
18,5934.2,4699.84,1234.36,2540.47
27,1327.96,964.98,362.98,502.03
19,6704.74,4321.02,2383.72,830.89
27,482.04,200.0,282.04,102.13
32,1943.11,1338.25,604.86,674.45
59,1427.83,1134.56,293.27,454.88
31,350.68,200.0,150.68,96.81
29,1390.1,1390.1,0.0,857.9
46,808.34,200.0,608.34,65.79
39,1378.34,746.36,631.98,174.81
37,1018.42,286.29,732.13,177.15
36,5730.31,3494.06,2236.25,1297.07
18,1063.97,1063.97,0.0,112.55
49,2338.64,2104.67,233.97,575.93
20,3322.66,3322.66,0.0,969.23
42,1298.42,1200.3,98.12,715.68
38,2808.37,1557.54,1250.83,456.85
51,566.97,566.97,0.0,342.14
27,1548.41,1262.18,286.23,281.15
24,390.21,390.21,0.0,58.67
27,1027.21,678.76,348.45,402.78
40,2422.44,1603.42,819.02,636.17
26,733.4,733.4,0.0,211.65
46,370.25,200.0,170.25,91.42
18,998.01,998.01,0.0,383.76
18,899.61,899.61,0.0,190.71
30,1259.5,469.17,790.33,162.77
25,1507.02,389.84,1117.18,247.39
32,552.22,200.0,352.22,99.59
34,946.18,853.62,92.56,440.28
44,769.12,744.14,24.98,364.64
21,1760.86,845.74,915.12,291.56
48,1982.72,1149.15,833.57,535.96
55,1438.77,1046.56,392.21,342.84
42,1717.8,930.15,787.65,362.25
18,284.86,284.86,0.0,58.89
18,2156.77,1311.52,845.25,556.21
36,966.57,515.19,451.38,220.57
18,2174.55,1332.14,842.41,663.53
18,957.71,290.52,667.19,0.0
35,507.29,507.29,0.0,160.34
22,1884.44,1455.61,428.83,588.4
32,1512.36,1018.54,493.82,495.77
36,5791.07,5061.33,729.74,2217.99
23,1603.77,1383.55,220.22,629.45
19,2770.47,2168.32,602.15,662.93
38,569.78,200.0,369.78,180.99
30,1859.6,1142.69,716.91,689.27
29,5145.72,3856.14,1289.58,1753.0
31,8218.02,6738.61,1479.41,2032.96
23,1691.42,398.25,1293.17,104.1
44,788.75,788.75,0.0,317.4
42,5745.42,3745.14,2000.28,936.65
26,1733.48,1733.48,0.0,627.41
18,314.52,314.52,0.0,91.37
47,3354.08,2060.94,1293.14,742.61
27,1268.58,222.98,1045.6,149.32
44,898.52,418.68,479.84,229.18
24,2736.99,1806.14,930.85,1038.43
36,1055.6,420.03,635.57,149.56
18,2719.08,1616.66,1102.42,511.47
32,6028.55,5467.54,561.01,2340.72
55,1871.38,1515.25,356.13,658.48
50,6694.69,5516.71,1177.98,2872.34
47,245.05,245.05,0.0,16.19
32,1307.22,1298.9,8.32,727.91
18,747.21,345.1,402.11,114.51
29,3401.39,2275.03,1126.36,642.11
48,945.89,634.3,311.59,218.41
58,1210.92,877.99,332.93,492.97
35,3928.46,2822.42,1106.04,1483.63
30,1890.02,1428.56,461.46,335.87
36,1128.69,240.82,887.87,150.08
30,1244.79,1244.79,0.0,662.43
18,1779.4,1002.76,776.64,342.15
43,562.08,222.72,339.36,197.38
47,1666.97,1503.57,163.4,688.93
56,1721.83,1697.74,24.09,834.47
25,461.88,461.88,0.0,92.3
18,1177.12,767.86,409.26,385.52
25,5325.08,4469.03,856.05,2176.36
42,1804.97,758.16,1046.81,220.26
20,1802.86,1604.38,198.48,828.38
50,1517.29,824.44,692.85,249.4
36,1386.91,980.13,406.78,524.88
28,1064.18,200.0,864.18,70.5
18,3709.79,2673.51,1036.28,653.53
37,948.35,435.74,512.61,194.44
56,780.15,780.15,0.0,240.69
46,2789.69,2153.9,635.79,861.29
39,3292.3,2978.22,314.08,1064.23
22,2442.3,1855.12,587.18,1061.98
52,4391.8,2714.97,1676.83,890.24
18,874.31,874.31,0.0,188.42
27,2741.9,2417.05,324.85,844.72
39,2989.05,2692.09,296.96,693.72
62,4934.44,4150.89,783.55,899.97
26,1096.01,1096.01,0.0,651.93
32,676.45,334.36,342.09,134.97
52,955.76,517.73,438.03,145.05
40,720.16,720.16,0.0,249.14
32,1226.22,1226.22,0.0,362.19
27,1113.93,738.59,375.34,391.85
18,2810.29,1686.56,1123.73,758.25
59,1080.18,1039.74,40.44,288.48
69,2751.4,1774.15,977.25,314.59
18,7136.02,5863.65,1272.37,3226.15
51,2623.62,2376.26,247.36,814.25
50,6603.42,5319.84,1283.58,2095.87
66,2115.2,1820.32,294.88,1149.12
40,1988.47,1722.89,265.58,402.04
50,1495.73,1103.48,392.25,385.01
58,4259.78,3328.96,930.82,1796.72
61,3292.1,3292.1,0.0,589.45
18,860.74,390.22,470.52,181.98
46,1825.53,1381.4,444.13,538.61
36,658.04,293.29,364.75,76.08
38,2969.55,2035.79,933.76,451.9
18,1037.87,970.37,67.5,345.67
42,1087.32,841.93,245.39,413.28
18,1429.81,689.04,740.77,346.13
49,7545.31,6447.62,1097.69,1715.75
30,3378.22,2105.21,1273.01,1162.85
18,1335.64,770.61,565.03,238.27
57,4677.74,3446.61,1231.13,982.36
29,3576.21,2566.06,1010.15,983.72
27,2152.97,1738.63,414.34,586.02
46,1381.7,1378.78,2.92,437.69
27,2116.7,982.77,1133.93,139.9
21,857.72,266.74,590.98,134.6
18,1741.96,1003.99,737.97,338.29
26,2944.33,1690.73,1253.6,654.3
41,729.45,527.02,202.43,199.96
64,877.33,618.61,258.72,338.82
22,1043.82,707.12,336.7,271.5
44,2066.27,1900.97,165.3,716.47
32,2501.42,1184.14,1317.28,575.59
34,626.99,200.0,426.99,31.28
38,1578.3,1578.3,0.0,347.2
18,134.42,134.42,0.0,78.45
39,865.06,524.84,340.22,232.99
34,1808.55,722.94,1085.61,448.08
25,379.68,200.0,179.68,92.53
35,2801.57,1623.29,1178.28,409.66
40,1110.27,200.0,910.27,174.3
18,1956.46,1956.46,0.0,626.1
29,805.67,456.72,348.95,234.18
69,972.32,633.62,338.7,90.58
32,524.49,200.0,324.49,128.77
39,1661.88,1272.92,388.96,335.98
31,1234.58,1051.1,183.48,532.88
22,1617.77,977.37,640.4,592.33
29,1004.98,850.84,154.14,314.18
27,590.52,590.52,0.0,160.58
41,1542.24,815.01,727.23,526.31
18,452.28,200.0,252.28,95.48
56,1180.57,1175.39,5.18,365.03
41,68.75,68.75,0.0,59.46
52,630.44,630.44,0.0,124.43
44,681.88,252.6,429.28,113.47
59,1909.0,1411.42,497.58,430.51
50,1723.48,1509.94,213.54,955.16
45,3266.42,2862.42,404.0,1460.41
59,14111.09,8874.13,5236.96,4167.07
38,1125.09,1025.5,99.59,551.94
38,946.57,518.04,428.53,125.2
51,3168.27,2597.39,570.88,832.97
52,1506.96,1304.47,202.49,270.99
18,587.63,522.84,64.79,162.98
18,1769.74,978.33,791.41,325.37
43,884.61,884.61,0.0,403.04
18,1341.78,804.0,537.78,309.74
35,4654.27,3110.34,1543.93,682.23
55,1066.71,350.17,716.54,0.0
18,2311.98,1515.25,796.73,505.09
37,1505.03,532.24,972.79,196.78
50,761.4,401.39,360.01,0.0
54,794.41,460.46,333.95,196.46
18,739.28,579.25,160.03,383.16
52,322.43,322.43,0.0,199.3
65,2868.91,2370.64,498.27,1352.84
24,1263.33,656.21,607.12,421.05
32,381.28,200.0,181.28,86.44
35,1380.19,850.81,529.38,177.9
45,4482.12,2986.84,1495.28,1107.73
55,823.11,570.19,252.92,273.07
47,976.36,200.0,776.36,36.69
18,1261.73,1261.73,0.0,412.58
43,1053.76,397.57,656.19,107.21
27,566.82,200.0,366.82,28.78
45,1292.81,200.0,1092.81,69.71
21,2882.01,2460.97,421.04,847.69
34,2471.64,1271.89,1199.75,498.99
18,2092.33,1671.43,420.9,770.58
22,579.13,200.0,379.13,100.3
19,4918.98,2889.82,2029.16,1359.9
32,1158.62,1033.51,125.11,284.28
18,765.05,765.05,0.0,318.21
31,772.33,749.31,23.02,190.61
26,1245.65,630.09,615.56,355.33
18,562.07,451.66,110.41,196.83
46,925.47,337.6,587.87,129.1
30,2610.64,1799.41,811.23,678.03
45,612.23,551.19,61.04,269.42
22,9078.18,5807.51,3270.67,1582.14
29,1350.4,1246.99,103.41,702.41
35,219.15,219.15,0.0,35.8
18,3305.29,2798.04,507.25,1578.48
53,1631.55,1434.25,197.3,400.17
32,852.69,852.69,0.0,360.36
31,1526.14,1123.12,403.02,569.13
18,5264.09,3972.08,1292.01,834.93
28,884.96,756.54,128.42,149.77
40,1236.87,848.75,388.12,243.95
18,602.96,599.87,3.09,203.77
50,741.26,200.0,541.26,0.62
33,2106.11,788.13,1317.98,416.55
58,737.67,737.67,0.0,398.01
35,442.17,442.17,0.0,73.42
26,1701.76,1170.35,531.41,464.45
28,1010.74,593.54,417.2,80.0
34,944.05,725.07,218.98,113.52
30,1079.51,441.77,637.74,182.33
30,932.4,634.48,297.92,197.05
35,2434.16,1488.56,945.6,689.84
58,687.58,687.58,0.0,260.24
22,2916.53,2271.89,644.64,1219.47
24,1268.88,991.76,277.12,358.95
29,1452.47,547.04,905.43,214.37
30,2076.05,1802.61,273.44,880.3
44,1059.32,660.17,399.15,366.99
35,5382.38,3868.91,1513.47,2137.44
18,2247.69,2037.9,209.79,1070.74
18,1243.17,564.87,678.3,163.98
27,873.2,649.46,223.74,294.83
50,780.59,640.83,139.76,285.64
52,2010.75,1224.33,786.42,453.05
56,655.61,494.77,160.84,312.08
30,151.19,151.19,0.0,102.63
48,950.21,302.76,647.45,93.23
25,1086.9,673.85,413.05,325.45
41,3470.48,2478.52,991.96,1194.75
35,1917.54,1726.99,190.55,883.62
22,3130.17,2305.74,824.43,900.02
33,818.92,415.68,403.24,315.38
31,2840.75,1748.43,1092.32,837.66
53,1451.59,924.39,527.2,409.6
40,1302.33,775.42,526.91,464.66
18,929.48,810.94,118.54,530.25
53,1019.11,629.15,389.96,157.18
46,1782.43,1723.62,58.81,1055.33
23,2076.57,886.44,1190.13,311.54
42,1189.94,1170.53,19.41,401.6
28,1063.74,325.5,738.24,211.33
29,615.14,615.14,0.0,356.02
29,2767.35,2055.36,711.99,676.69
20,2785.78,2346.12,439.66,676.56
32,2220.22,1787.48,432.74,1041.57
42,362.64,362.64,0.0,179.49
44,1600.87,755.62,845.25,358.91
50,853.28,260.43,592.85,62.23
26,4932.01,2914.02,2017.99,1673.96
38,2237.37,812.35,1425.02,263.38
55,1292.65,819.14,473.51,176.14
42,202.37,200.0,2.37,76.8
23,1371.74,1277.14,94.6,471.86
22,3265.39,2522.17,743.22,1010.35
33,1383.65,994.63,389.02,410.42
21,852.23,852.23,0.0,410.0
44,1477.32,1477.32,0.0,667.7
18,526.6,352.16,174.44,49.61
27,848.55,848.55,0.0,520.64
18,1906.92,887.17,1019.75,608.52
27,1980.75,1305.09,675.66,282.18
37,567.66,309.1,258.56,217.21
52,4404.33,3597.61,806.72,2055.77
40,237.9,237.9,0.0,28.44
29,1032.85,959.09,73.76,634.52
41,1548.08,1262.76,285.32,319.41
32,568.38,326.71,241.67,60.99
18,2446.15,1134.72,1311.43,668.28
49,1369.02,1369.02,0.0,387.44
39,1263.3,1139.51,123.79,592.73
43,1637.57,1588.34,49.23,876.41
46,2156.1,1670.06,486.04,939.94
62,1072.44,1072.44,0.0,500.73
18,398.52,232.79,165.73,150.09
31,5385.22,3092.51,2292.71,1815.08
18,325.04,325.04,0.0,113.65
33,5950.95,4307.48,1643.47,866.39
18,1211.12,583.56,627.56,163.61
39,105.02,105.02,0.0,0.0
44,312.64,312.64,0.0,96.27
22,532.27,200.0,332.27,38.84
20,544.94,544.94,0.0,232.98
20,1439.3,570.78,868.52,264.8
52,4992.43,4537.26,455.17,1534.02
57,2571.53,1129.67,1441.86,592.99
40,613.33,353.45,259.88,91.15
19,863.33,200.0,663.33,85.79
50,2761.12,2190.89,570.23,1285.89
24,2886.54,1714.96,1171.58,871.49
39,2845.58,2572.65,272.93,1106.3
34,2043.68,1521.21,522.47,905.09
40,2096.3,1903.68,192.62,924.84
48,715.79,432.08,283.71,192.93
37,2299.12,1957.7,341.42,818.84
18,923.67,790.27,133.4,204.02
28,1330.42,931.24,399.18,137.45
47,3889.71,3397.94,491.77,1309.55
47,957.37,885.58,71.79,429.3
43,2228.99,1368.71,860.28,559.19
33,444.31,426.29,18.02,213.57
23,626.21,200.0,426.21,140.49
41,1671.61,1027.49,644.12,589.65
36,430.06,430.06,0.0,78.24
34,2315.9,1549.49,766.41,491.54
28,2274.16,1337.12,937.04,388.48
26,1871.11,1625.75,245.36,832.5
60,5710.21,4318.18,1392.03,1527.03
30,893.46,893.46,0.0,399.48
23,1691.06,1335.53,355.53,328.68
55,1307.28,1133.56,173.72,575.82
33,406.77,406.77,0.0,105.8
18,1950.21,1271.59,678.62,472.62
46,2358.84,1534.21,824.63,601.52
64,713.78,713.78,0.0,433.46
32,759.43,216.58,542.85,147.54
36,1489.24,269.51,1219.73,150.42
18,3019.57,2157.24,862.33,908.17
33,218.74,218.74,0.0,96.91
39,2628.56,1853.29,775.27,535.9
30,10517.76,7088.45,3429.31,2020.26
29,486.84,200.0,286.84,71.43
39,880.9,755.01,125.89,391.53
30,291.78,200.0,91.78,27.96
26,365.44,200.0,165.44,182.53
20,1586.06,1485.94,100.12,819.56
50,813.36,813.36,0.0,391.06
30,462.68,200.0,262.68,86.55
18,1772.83,1240.23,532.6,290.71
51,3949.13,2466.06,1483.07,1275.58
36,1604.78,1331.38,273.4,324.87
56,3222.19,2649.67,572.52,1151.84
46,988.96,332.55,656.41,74.38
18,1096.98,390.31,706.67,160.85
39,392.8,200.0,192.8,53.81
18,938.31,791.03,147.28,396.1
46,3231.96,2016.47,1215.49,1072.21
18,1487.65,1115.23,372.42,463.11
47,1765.43,1631.25,134.18,581.3
60,3361.58,2350.54,1011.04,978.68
51,2051.09,1579.23,471.86,670.81
43,6031.63,5181.04,850.59,1455.72
18,330.16,200.0,130.16,0.0
51,2293.58,1500.71,792.87,559.78
53,1448.2,1073.78,374.42,192.49
35,935.06,200.0,735.06,6.48
58,2000.94,1357.89,643.05,740.93
37,1910.15,1278.32,631.83,297.87
58,749.33,749.33,0.0,358.15
18,279.42,279.42,0.0,111.62
28,4539.48,3472.48,1067.0,1990.9
26,2519.7,2161.88,357.82,831.1
26,809.68,262.39,547.29,155.45
24,2987.31,2596.39,390.92,831.3
18,1158.86,991.61,167.25,253.84
35,1273.33,862.55,410.78,138.07
18,790.46,502.32,288.14,325.9
33,2661.6,1899.02,762.58,970.09
40,4471.86,3571.54,900.32,939.28
49,1114.57,687.81,426.76,148.43
56,1525.5,1096.94,428.56,516.74
25,1760.32,1760.32,0.0,356.26
18,2855.52,2211.8,643.72,787.8
45,5533.43,3914.22,1619.21,1427.16
42,558.75,366.57,192.18,121.38
18,347.12,263.64,83.48,109.0
23,3578.89,2007.71,1571.18,958.53
49,1095.92,446.84,649.08,93.85
18,1510.84,1287.06,223.78,739.71
18,1241.03,1173.51,67.52,465.07
49,436.0,200.0,236.0,65.68
38,10774.06,8799.2,1974.86,3580.35
41,1524.59,436.89,1087.7,244.85
20,479.43,200.0,279.43,164.52
18,1095.35,798.17,297.18,284.29
33,3014.29,2648.14,366.15,761.99
37,1573.67,1147.86,425.81,597.02
39,1276.06,799.28,476.78,274.84
18,2228.95,1731.85,497.1,507.08
20,1236.84,1025.21,211.63,482.29
32,3931.63,3443.13,488.5,1036.32
36,1941.59,786.18,1155.41,289.51
18,2403.15,1993.66,409.49,532.41
24,4884.01,4175.67,708.34,1505.99
25,1171.43,974.11,197.32,600.45
43,1066.33,607.26,459.07,142.02
19,826.18,245.87,580.31,93.12
50,984.99,743.55,241.44,228.13
38,1346.52,721.9,624.62,249.65
56,2896.37,1696.01,1200.36,762.3
29,1377.9,857.28,520.62,511.04
43,1277.77,975.32,302.45,583.87
18,1891.21,1805.52,85.69,555.9
23,386.56,200.0,186.56,0.0
64,1759.08,1330.73,428.35,719.59
33,1371.91,786.71,585.2,181.84
39,2283.84,1862.17,421.67,852.87
59,1059.69,287.15,772.54,145.56
38,1028.58,838.76,189.82,318.32
55,298.39,200.0,98.39,36.46
35,6227.08,4477.47,1749.61,1498.42
53,1412.84,422.08,990.76,230.25
32,1669.93,1266.16,403.77,603.93
18,665.86,665.86,0.0,294.21
37,2349.04,1873.06,475.98,684.07
53,4795.3,4079.54,715.76,1132.41
24,557.71,371.51,186.2,170.22
60,451.85,405.94,45.91,168.77
54,426.89,200.0,226.89,111.04
18,937.68,937.68,0.0,253.47
35,692.44,692.44,0.0,329.3
43,3152.05,2798.64,353.41,1013.48
38,2327.78,1190.28,1137.5,529.18
18,585.89,200.0,385.89,83.92
39,1032.37,560.33,472.04,288.06
25,242.04,200.0,42.04,107.52
35,5861.42,4569.51,1291.91,2233.73
32,456.71,200.0,256.71,44.67
47,279.47,279.47,0.0,211.25
40,5951.14,4912.1,1039.04,1501.68
38,1354.04,827.3,526.74,396.79
34,284.51,215.71,68.8,71.89
33,529.26,254.52,274.74,33.51
46,2001.74,1849.32,152.42,820.44
39,2798.61,1654.92,1143.69,828.03
30,1027.74,771.21,256.53,264.06
18,756.45,638.65,117.8,201.55
18,613.35,613.35,0.0,179.23
18,1664.63,1664.63,0.0,584.26
32,650.64,349.47,301.17,213.84
18,2126.06,1463.75,662.31,343.27
18,4519.72,3784.32,735.4,961.5
21,4360.61,3655.87,704.74,1631.73
32,845.13,580.92,264.21,195.75
25,2063.4,1559.63,503.77,863.23
65,1632.21,997.1,635.11,578.57
58,7760.59,4904.91,2855.68,1852.82
47,686.24,473.19,213.05,79.1
35,1605.27,1342.58,262.69,307.53
53,616.4,347.71,268.69,87.86
44,372.14,372.14,0.0,113.65
39,2030.93,1589.43,441.5,582.18
18,311.88,200.0,111.88,76.72
53,2654.94,2389.09,265.85,997.79
22,1630.11,835.71,794.4,294.51
49,468.24,200.0,268.24,45.9
56,1456.06,1456.06,0.0,519.03
22,2112.41,1669.28,443.13,852.28
37,2441.09,1686.45,754.64,767.4
18,616.39,616.39,0.0,243.24
45,1441.38,1428.51,12.87,716.11
31,2988.96,1939.12,1049.84,744.48
23,520.2,302.93,217.27,101.58
18,694.98,556.02,138.96,134.45
50,7400.08,4965.54,2434.54,1617.5
46,2616.36,2000.84,615.52,681.46
33,9676.51,6220.53,3455.98,2757.73
56,7263.56,5227.26,2036.3,1943.43
53,1207.52,1184.95,22.57,717.82
35,918.29,546.26,372.03,236.17
49,1394.14,1394.14,0.0,427.78
28,729.16,200.0,529.16,96.24
56,526.1,526.1,0.0,213.4
54,2755.32,2030.29,725.03,646.7
20,1876.0,1504.9,371.1,497.34
43,2970.74,1796.79,1173.95,1064.54
26,292.34,200.0,92.34,53.65
29,600.31,600.31,0.0,263.99
43,814.43,788.42,26.01,443.73
23,599.96,599.96,0.0,365.0
31,388.26,388.26,0.0,216.58
24,2324.45,1756.43,568.02,334.17
37,868.47,522.68,345.79,219.13
28,2372.88,1471.67,901.21,782.68
26,2968.76,2301.7,667.06,1261.28
18,2427.65,1482.2,945.45,718.42
18,961.83,848.81,113.02,206.57
44,873.31,873.31,0.0,423.74
18,2094.05,1517.92,576.13,611.13
29,577.76,575.06,2.7,267.89
20,1758.45,1043.52,714.93,302.46
70,7984.47,6008.51,1975.96,2499.68
61,5633.27,4692.34,940.93,1627.63
20,953.48,211.67,741.81,181.68
18,2916.01,1708.12,1207.89,1055.69
40,2184.76,1218.18,966.58,562.69
19,578.74,215.37,363.37,76.35
18,1057.07,1057.07,0.0,386.55
19,1387.99,748.97,639.02,305.05
43,1194.22,869.76,324.46,242.0
38,1131.29,871.21,260.08,513.26
28,1846.52,652.22,1194.3,387.6
45,883.66,560.55,323.11,330.18
18,415.14,415.14,0.0,98.58
62,610.57,377.75,232.82,201.61
39,1755.93,1102.63,653.3,485.57
44,1488.15,1081.0,407.15,368.94
58,2664.82,1989.64,675.18,546.92
57,238.22,200.0,38.22,62.56
54,1524.33,1448.56,75.77,274.95
49,1759.87,1660.44,99.43,539.94
50,904.77,701.88,202.89,275.75
30,719.02,719.02,0.0,311.39
42,2359.96,1929.69,430.27,497.38
47,1832.82,1435.54,397.28,708.65
22,6590.18,4064.07,2526.11,1419.53
53,2487.17,2386.12,101.05,714.1
37,2674.91,1270.34,1404.57,374.05
39,1041.03,1041.03,0.0,603.87
46,2107.37,864.79,1242.58,291.67
47,576.79,356.34,220.45,221.26
53,4395.6,3395.0,1000.6,724.98
38,1843.9,1309.42,534.48,324.46
18,10452.9,6632.05,3820.85,1499.32
26,5619.02,4123.96,1495.06,1306.96
33,3792.02,2547.87,1244.15,1312.59
64,1189.8,1189.8,0.0,352.41
23,3161.45,2076.22,1085.23,1030.63
47,8289.96,6997.94,1292.02,2084.07
22,1982.62,1070.25,912.37,325.78
27,950.94,491.42,459.52,293.29
36,1563.17,924.62,638.55,567.83
48,1709.18,1627.41,81.77,851.08
43,1735.77,1164.3,571.47,494.22
51,390.61,200.0,190.61,0.0
18,3160.04,2531.63,628.41,821.25
30,1657.62,1657.62,0.0,600.72
48,1077.57,943.34,134.23,392.84
22,918.38,606.97,311.41,327.84
44,2205.34,1124.92,1080.42,599.5
42,2795.1,1971.15,823.95,668.7
36,630.19,503.65,126.54,255.5
37,4853.53,4277.17,576.36,1443.49
32,558.95,331.5,227.45,194.81
37,1293.43,917.26,376.17,279.32
47,4648.49,3851.51,796.98,834.73
18,1065.09,216.44,848.65,107.85
40,634.3,568.19,66.11,279.34
22,1335.59,1113.04,222.55,389.51
31,2952.52,2329.84,622.68,1210.63
50,3043.21,2513.55,529.66,748.82
40,528.84,528.84,0.0,115.87
29,3636.31,2516.9,1119.41,1188.61
18,285.81,285.81,0.0,169.72
28,2292.85,1871.83,421.02,774.35
32,925.07,595.13,329.94,336.84
33,1523.78,882.52,641.26,485.4
26,6219.98,4940.09,1279.89,1652.39
37,2097.49,1631.71,465.78,920.08
22,3441.14,3273.92,167.22,1226.51
36,1744.9,1744.9,0.0,860.51
40,1715.17,1191.96,523.21,331.88
29,438.79,200.0,238.79,0.0
54,714.78,602.91,111.87,309.01
35,211.1,200.0,11.1,103.55
18,7617.02,5318.88,2298.14,1547.15
18,4172.23,2146.45,2025.78,619.77
19,5938.4,5198.97,739.43,1523.0
19,2995.02,2982.31,12.71,1499.64
20,1354.31,1134.39,219.92,740.07
48,1091.37,957.39,133.98,286.99
35,1064.42,740.62,323.8,385.46
24,967.82,292.68,675.14,152.35
48,758.69,630.92,127.77,271.4
18,3446.55,2296.86,1149.69,852.9
38,716.11,716.11,0.0,199.08
24,2845.1,1530.56,1314.54,831.35
28,1959.12,1237.36,721.76,381.27
42,4159.54,2874.03,1285.51,1040.51
32,590.91,590.91,0.0,131.25
18,859.14,859.14,0.0,511.13
18,3951.51,3089.54,861.97,1681.7
38,934.69,200.0,734.69,196.1
56,1421.11,714.14,706.97,211.1
59,646.05,200.0,446.05,77.21
18,4396.73,2864.89,1531.84,1478.37
41,483.63,291.69,191.94,164.4
28,1693.49,1384.69,308.8,522.98
56,827.89,525.24,302.65,107.11
26,4082.66,4027.94,54.72,968.32
18,3533.7,3358.29,175.41,934.37
46,1706.32,1706.32,0.0,726.01
61,293.25,200.0,93.25,136.67
64,1123.01,685.8,437.21,309.66
24,2133.31,1513.88,619.43,843.99
48,4441.37,2434.59,2006.78,582.66
38,2637.33,1611.56,1025.77,844.66
33,675.67,636.74,38.93,196.03
23,441.3,200.0,241.3,120.8
59,1489.44,835.95,653.49,243.26
18,1599.78,830.58,769.2,437.64
74,1503.69,1094.0,409.69,403.11
18,1130.14,1130.14,0.0,574.99
49,1024.71,958.81,65.9,262.44
18,1628.17,1628.17,0.0,724.52
45,4815.47,3527.93,1287.54,2142.2
37,869.06,653.07,215.99,171.64
18,20235.54,17920.0,2315.54,3576.37
43,579.03,578.64,0.39,36.92
51,923.01,391.16,531.85,104.41
48,2656.52,2153.23,503.29,905.9
32,3988.75,3241.17,747.58,758.37
24,2818.45,1435.52,1382.93,385.47
33,1576.42,975.8,600.62,234.96
56,2095.64,1808.92,286.72,409.73
54,2158.24,1836.46,321.78,352.66
23,926.39,599.67,326.72,313.71
18,1176.72,200.0,976.72,200.0
48,382.57,382.57,0.0,199.22
44,2670.94,1764.13,906.81,787.99
44,534.77,200.0,334.77,39.1
44,264.43,264.43,0.0,43.87
31,420.05,200.0,220.05,92.07
32,1257.03,831.98,425.05,392.33
41,1646.11,1104.87,541.24,633.21
26,3187.32,2403.51,783.81,678.58
44,862.39,388.58,473.81,222.97
45,2699.65,1999.52,700.13,748.04
54,438.91,321.58,117.33,163.37
34,1109.71,1109.71,0.0,377.03
33,1966.69,719.38,1247.31,226.15
43,2120.37,2098.11,22.26,1037.11
41,1244.1,674.26,569.84,335.84
24,1173.33,713.07,460.26,273.06
39,716.35,397.12,319.23,62.09
49,2412.59,943.92,1468.67,292.95
43,692.69,692.69,0.0,381.99
40,399.25,200.0,199.25,6.29
18,6099.65,3567.41,2532.24,1002.24
18,6009.54,5176.16,833.38,2589.55
60,425.74,200.0,225.74,50.83
18,2206.99,1433.19,773.8,361.69
28,2131.25,1334.94,796.31,608.35
31,1582.16,942.91,639.25,608.51
37,2469.96,1800.71,669.25,467.14
37,1571.52,1018.56,552.96,533.27
45,859.64,527.85,331.79,265.1
23,1826.41,1773.54,52.87,918.91
44,666.73,200.0,466.73,79.6
38,4936.35,3997.19,939.16,1576.72
41,1437.38,542.15,895.23,233.51
51,699.39,412.2,287.19,218.83
43,803.93,803.93,0.0,361.95
18,1378.56,1378.56,0.0,707.05
42,3752.69,2586.1,1166.59,923.08
36,1910.23,1472.61,437.62,329.94
18,5638.87,4795.56,843.31,1085.7
71,1579.29,1294.57,284.72,738.41
18,1971.79,1817.71,154.08,952.32
53,1031.59,380.67,650.92,69.57
50,1554.78,1535.53,19.25,363.61
50,390.58,245.46,145.12,105.8
31,498.75,498.75,0.0,208.75
29,2319.18,1663.0,656.18,839.93
26,5606.27,3452.65,2153.62,1421.6
40,2283.4,1747.51,535.89,354.04
54,2096.85,544.8,1552.05,206.61
18,3487.92,2603.84,884.08,847.46
37,3974.7,3707.5,267.2,2066.76
39,500.17,200.0,300.17,78.49
44,2229.02,1393.66,835.36,451.39
30,1750.7,878.87,871.83,266.86
27,2202.12,1877.37,324.75,529.87
19,1746.29,1270.99,475.3,596.91
18,5104.87,4489.94,614.93,1582.92
18,1108.02,1036.3,71.72,608.76
58,2803.45,2005.7,797.75,1054.67
41,2205.9,1245.76,960.14,722.8
38,1250.12,548.71,701.41,161.09
32,2355.83,1960.34,395.49,401.62
36,2296.83,1484.18,812.65,731.74
22,496.28,312.79,183.49,172.93
27,2404.06,1891.33,512.73,940.96
59,1435.96,806.09,629.87,366.44
31,416.18,200.0,216.18,76.2
54,1064.19,698.67,365.52,356.05
58,1472.31,912.21,560.1,474.69
43,1724.17,1196.26,527.91,580.7
44,1874.22,1364.84,509.38,320.79
25,422.72,211.36,211.36,139.83
62,1880.79,1070.69,810.1,256.41
47,7134.38,3858.58,3275.8,2191.05
40,180.14,180.14,0.0,66.42
18,384.03,384.03,0.0,25.37
33,2525.01,1749.16,775.85,391.92
47,691.42,270.64,420.78,94.12
75,2630.43,1607.74,1022.69,559.52
49,2233.88,1514.88,719.0,584.66
21,1611.51,657.61,953.9,338.79
37,2581.68,2099.04,482.64,495.61
33,472.19,472.19,0.0,288.99
46,1522.32,974.11,548.21,510.35
37,1420.11,919.39,500.72,217.87
18,1442.73,1442.73,0.0,523.82
35,3155.62,2009.9,1145.72,1014.99
59,2266.16,1856.41,409.75,836.61
42,7212.34,4666.9,2545.44,2102.59
37,402.26,402.26,0.0,128.83
54,594.38,548.92,45.46,339.23
48,2871.3,2335.46,535.84,709.44
38,1025.13,365.71,659.42,38.23
48,1832.7,1832.7,0.0,757.38
18,3019.24,2103.39,915.85,1110.53
33,3194.12,2625.72,568.4,1003.54
18,162.03,162.03,0.0,60.58
18,2414.84,2414.84,0.0,879.16
25,1254.58,1254.58,0.0,328.25
43,2666.43,1560.66,1105.77,948.87
52,1370.91,590.26,780.65,297.94
18,1230.31,785.12,445.19,292.02
18,565.07,565.07,0.0,309.64
22,1267.42,939.82,327.6,448.87
25,1505.33,256.14,1249.19,187.84
18,519.69,519.69,0.0,332.42
19,1777.21,1777.21,0.0,1004.86
23,531.73,200.0,331.73,16.65
23,4151.59,3905.04,246.55,1135.98
39,1763.38,1763.38,0.0,902.57
20,2705.21,2000.62,704.59,913.77
24,4678.17,4127.2,550.97,2402.12
38,2298.19,1445.61,852.58,364.94
50,2164.1,1856.9,307.2,1022.22
22,1741.11,1316.94,424.17,768.91
23,616.23,616.23,0.0,168.48
34,1852.32,1852.32,0.0,901.15
55,1838.67,1649.11,189.56,752.63
27,1199.07,988.92,210.15,283.86
26,1136.86,553.85,583.01,312.35
50,802.26,728.36,73.9,339.01
28,812.58,698.15,114.43,457.56
24,1736.79,974.77,762.02,275.01
27,916.38,721.12,195.26,390.87
27,2520.57,1630.51,890.06,362.7
53,638.19,351.96,286.23,176.35
35,1274.86,552.29,722.57,214.63
67,2241.18,1466.09,775.09,627.53
55,2136.77,1771.93,364.84,885.82
24,704.87,273.6,431.27,163.42
32,7496.57,7199.67,296.9,3736.31
36,532.64,229.32,303.32,112.35
23,1963.98,1413.18,550.8,583.2
28,1013.53,200.0,813.53,0.0
41,1470.29,1214.97,255.32,670.73
50,938.44,344.63,593.81,127.75
57,1590.72,1207.93,382.79,365.63
36,6406.67,5450.96,955.71,1384.73
58,2183.98,734.0,1449.98,536.03
43,3362.14,3040.6,321.54,936.08
52,854.84,527.09,327.75,212.49
30,10006.95,8320.19,1686.76,4136.35
38,1760.61,629.15,1131.46,300.48
50,468.1,468.1,0.0,275.21
22,4637.88,2864.41,1773.47,1165.27
30,4072.85,3320.04,752.81,1652.0
48,6928.81,4367.05,2561.76,1115.49
38,373.88,290.34,83.54,137.24
34,1065.31,300.58,764.73,143.11
32,731.47,363.32,368.15,187.26
56,3660.39,2390.13,1270.26,808.47
28,633.08,633.08,0.0,296.53
44,1334.31,1100.75,233.56,530.58
43,1774.42,1449.68,324.74,304.25
32,3845.16,3437.19,407.97,846.55
18,520.74,200.0,320.74,48.45
34,1794.23,1181.89,612.34,328.73
33,825.99,474.78,351.21,299.43
52,357.2,200.0,157.2,65.08
51,4114.52,3792.19,322.33,1932.63
32,557.7,557.7,0.0,189.81
32,6604.7,4171.14,2433.56,1626.25
24,1372.29,1326.68,45.61,297.08
28,3658.4,2653.57,1004.83,1042.82
56,512.53,310.05,202.48,70.75
42,1560.53,1333.82,226.71,764.65
32,689.53,223.92,465.61,167.73
18,1715.96,1471.89,244.07,376.0
53,5454.94,3666.19,1788.75,1802.55
39,767.86,200.0,567.86,144.12
50,985.0,456.7,528.3,314.42
40,2069.68,964.96,1104.72,338.92
39,1824.66,1754.36,70.3,449.03
18,3410.72,2957.32,453.4,1613.02
23,947.67,361.86,585.81,185.2
26,1651.51,596.76,1054.75,279.25
66,1804.19,1529.92,274.27,754.72
69,2365.06,2365.06,0.0,1334.7
44,229.76,229.76,0.0,109.29
38,460.15,269.47,190.68,55.05
29,1433.1,1412.86,20.24,843.04
42,1098.4,889.38,209.02,268.56
18,1861.96,1301.23,560.73,589.25
36,387.97,305.68,82.29,126.13
72,629.81,629.81,0.0,435.09
18,1630.04,654.3,975.74,269.7
43,643.24,226.53,416.71,171.54
22,418.91,200.0,218.91,200.0
29,1281.4,1055.91,225.49,372.15
57,2267.04,910.18,1356.86,336.56
35,946.32,442.61,503.71,152.84
42,575.7,415.44,160.26,201.04
25,1206.83,1031.57,175.26,541.29
38,2150.6,2061.9,88.7,1080.56
38,409.41,409.41,0.0,254.64
37,1483.2,1217.78,265.42,518.54
61,768.57,594.4,174.17,266.1
18,3105.39,1979.2,1126.19,815.48
51,333.7,328.24,5.46,70.95
20,1518.21,1213.55,304.66,537.81
38,3423.17,2387.76,1035.41,1080.57
18,1773.21,1211.47,561.74,416.56
39,5808.06,3916.02,1892.04,1612.4
41,501.0,342.04,158.96,202.03
33,904.71,774.24,130.47,248.5
53,1133.44,999.26,134.18,524.02
45,924.1,581.67,342.43,229.96
39,3236.22,2802.85,433.37,904.72
55,2559.38,2230.32,329.06,1273.33
56,718.37,389.82,328.55,95.85
33,391.24,200.0,191.24,100.93
48,1432.65,1432.65,0.0,799.45
40,1065.91,937.81,128.1,533.22
42,659.36,401.33,258.03,155.36
18,1603.23,1248.33,354.9,292.5
45,1952.51,1387.85,564.66,497.33
40,1311.95,1234.65,77.3,670.19
47,2092.99,1934.58,158.41,606.88
34,1398.6,1331.4,67.2,826.46
56,2653.25,1595.05,1058.2,721.42
38,1587.96,914.09,673.87,295.84
33,4813.58,3987.81,825.77,1870.83
18,109.71,109.71,0.0,109.71
26,753.18,492.45,260.73,177.74
38,616.96,616.96,0.0,243.75
37,1540.53,937.75,602.78,481.58
47,2207.29,1479.93,727.36,753.54
32,1538.05,761.16,776.89,205.22
27,614.78,614.78,0.0,190.5
50,1335.15,903.89,431.26,279.87
21,1258.08,761.34,496.74,261.9
39,1462.31,1328.19,134.12,470.01
47,1535.7,1133.55,402.15,231.19
52,4225.78,3239.46,986.32,1076.71
18,2583.45,2338.6,244.85,1215.48
18,8720.87,6444.03,2276.84,2122.51
31,1541.25,847.99,693.26,247.56
23,3373.95,2115.24,1258.71,1136.4
44,5082.73,3657.76,1424.97,1571.78
36,2302.39,1634.42,667.97,318.67
32,2377.3,1668.66,708.64,457.91
51,3411.91,2657.97,753.94,1487.6
58,1925.28,1548.48,376.8,753.94
34,835.57,835.57,0.0,414.98
18,4404.71,3553.15,851.56,1072.49
18,442.07,442.07,0.0,130.34
22,1830.32,1692.6,137.72,706.39
67,830.57,636.95,193.62,147.18
37,1778.44,1201.18,577.26,579.47
20,317.95,200.0,117.95,107.08
18,414.7,354.78,59.92,229.74
25,389.99,389.99,0.0,195.45
18,1912.36,1554.2,358.16,348.08
18,2509.16,1841.56,667.6,619.14
46,978.65,978.65,0.0,476.31
37,3067.49,2637.86,429.63,1015.21
31,1799.3,1542.86,256.44,449.82
43,1943.73,1511.53,432.2,419.97
34,1518.21,1471.39,46.82,587.43
31,8138.36,6351.31,1787.05,1515.89
29,1732.23,1114.02,618.21,479.61
60,4149.9,2370.96,1778.94,1289.16
36,699.96,672.92,27.04,149.63
34,3317.62,2581.42,736.2,1199.3
57,1244.83,1019.05,225.78,585.41
57,2608.91,1256.55,1352.36,714.41
39,1141.79,645.41,496.38,331.82
25,518.34,200.0,318.34,47.28
25,642.93,642.93,0.0,262.52
18,2812.87,1732.99,1079.88,805.93
33,1366.91,1276.48,90.43,721.78
72,2628.98,1841.39,787.59,1107.34
45,1769.14,1223.65,545.49,778.02
22,2064.16,1613.48,450.68,284.96
37,450.29,200.0,250.29,153.34
51,168.42,168.42,0.0,148.48
56,2316.76,1901.34,415.42,932.67
36,547.43,499.11,48.32,60.76
21,1117.52,1117.52,0.0,272.21
19,5873.41,5046.68,826.73,1727.97
48,8628.89,6779.6,1849.29,2962.51
32,2140.44,1383.18,757.26,630.23
41,3126.27,1676.29,1449.98,756.13
37,6414.28,4363.78,2050.5,1964.72
30,4487.13,3501.56,985.57,1405.42
18,1078.48,1077.64,0.84,352.19
19,1450.45,943.46,506.99,458.52
45,5615.98,3443.05,2172.93,1098.17
34,2720.13,1102.36,1617.77,454.16
18,6753.85,5735.01,1018.84,1505.69
23,494.0,200.0,294.0,11.67
41,580.08,435.83,144.25,122.29
63,3869.2,2548.99,1320.21,1274.96
40,1257.86,971.96,285.9,514.35
18,193.04,193.04,0.0,0.0
18,248.6,200.0,48.6,134.66
18,1818.11,1233.31,584.8,327.02
28,903.32,813.87,89.45,373.08
42,3117.0,2719.54,397.46,550.0
57,1441.2,1438.88,2.32,378.24
48,1240.85,924.48,316.37,513.39
56,3124.26,2291.28,832.98,919.66
66,3080.58,2517.27,563.31,1476.63
42,1152.91,1039.79,113.12,352.65
60,2917.24,2535.29,381.95,1403.45
24,3034.95,2530.69,504.26,747.75
36,2121.06,1539.27,581.79,785.16
61,1616.66,714.7,901.96,237.7
41,1607.55,1224.91,382.64,767.68
29,7563.41,5413.83,2149.58,2361.95
39,2702.05,1909.94,792.11,630.91
24,739.41,594.92,144.49,135.07
45,2535.67,1892.92,642.75,343.32
46,890.56,478.82,411.74,132.0
60,3978.08,3568.71,409.37,1200.48
34,3327.46,3237.19,90.27,1189.44
60,2823.17,2407.89,415.28,1016.13
32,756.66,675.46,81.2,348.57
47,1698.56,889.94,808.62,351.76
23,2052.72,1259.81,792.91,683.42
44,11010.42,7640.89,3369.53,4007.22
28,619.31,619.31,0.0,306.47
18,280.2,200.0,80.2,29.06
45,1746.12,1275.59,470.53,280.14
28,1720.16,1263.86,456.3,667.48
46,1819.95,1819.95,0.0,715.39
18,3061.71,2295.21,766.5,1096.54
29,4494.89,2985.4,1509.49,1504.77
74,2370.63,1456.69,913.94,302.65
18,2477.38,2298.45,178.93,673.74
50,891.82,866.45,25.37,247.33
35,1177.3,766.43,410.87,315.65
43,5455.39,3665.32,1790.07,748.61
27,3242.78,2817.29,425.49,1057.86
41,786.3,313.6,472.7,12.74
29,551.57,551.57,0.0,161.97
18,1070.66,1070.66,0.0,237.79
35,1093.92,424.61,669.31,87.32
18,1974.34,1973.52,0.82,874.71
26,1626.1,954.28,671.82,174.89
45,710.05,702.07,7.98,270.02
18,999.73,505.71,494.02,209.02
29,8739.69,5295.75,3443.94,1528.13
32,2156.49,1292.46,864.03,385.11
28,1185.9,1087.94,97.96,284.27
52,1067.24,751.97,315.27,308.68
26,1897.72,706.46,1191.26,91.21
41,1262.66,741.49,521.17,261.85
52,3436.56,2856.08,580.48,1421.15
43,715.29,626.43,88.86,158.66
32,2582.47,2189.94,392.53,911.94
18,1076.97,875.27,201.7,526.74
50,1287.01,919.25,367.76,397.2
18,1550.44,1246.07,304.37,826.87
44,1855.81,1714.16,141.65,841.26
18,3754.94,2633.42,1121.52,1361.12
22,2358.28,2094.55,263.73,545.7
37,956.74,225.36,731.38,145.86
52,2041.25,1734.92,306.33,666.54
44,3076.64,2900.14,176.5,1118.92
25,2671.95,2223.25,448.7,983.16
18,606.22,606.22,0.0,284.81
44,4106.13,2542.32,1563.81,778.17
59,1236.35,817.53,418.82,168.88
18,1231.42,755.02,476.4,332.24
28,2399.77,1798.71,601.06,563.1
50,1786.56,1408.83,377.73,650.79
39,2890.59,1274.48,1616.11,644.18
31,789.86,601.15,188.71,361.62
59,1005.91,462.74,543.17,47.06
25,1042.53,847.74,194.79,245.61
25,3598.46,3598.46,0.0,2143.13
29,1600.88,1600.88,0.0,581.93
31,4168.69,2266.34,1902.35,516.11
44,2402.32,1533.8,868.52,326.35
18,2485.69,1646.07,839.62,544.82
67,3645.04,2608.07,1036.97,1376.5
18,1530.79,1352.58,178.21,387.06
38,2442.71,1183.21,1259.5,678.69
46,1446.1,1190.1,256.0,390.69
